amount,z_score,merchant_category_risk,device_trust_score,failed_logins,is_vpn_tor,is_private_ip,geo_speed_kmph,is_impossible_travel,beneficiary_trust_score,is_new_beneficiary,concurrent_sessions,biometric_confidence,hour_of_day,is_off_hours,scenario,label
1020.99,-1.11,0,1.0,0,0,1,21.4,0,92.7,0,1,0.99,20,0,NORMAL,0
60070.09,35.79,2,0.0,3,1,0,1960.5,1,18.1,1,3,0.23,2,1,FRAUD,2
2398.33,-0.25,0,1.0,1,0,1,11.7,0,96.5,0,1,0.94,10,0,NORMAL,0
146906.88,90.07,2,0.0,3,1,0,908.3,1,10.8,1,2,0.41,3,1,FRAUD,2
4116.07,0.82,0,1.0,0,0,1,0.0,0,99.2,0,1,0.98,22,0,NORMAL,0
125454.48,76.66,2,0.2,6,1,0,1015.1,1,13.1,1,3,0.22,4,1,FRAUD,2
2954.27,0.1,0,1.0,0,0,1,23.4,0,85.6,0,1,0.93,19,0,NORMAL,0
4288.94,0.93,0,0.8,0,0,0,28.6,0,96.3,0,1,0.91,15,0,NORMAL,0
4687.55,1.18,0,1.0,0,0,1,0.0,0,92.8,0,1,0.95,22,0,NORMAL,0
50.0,-1.72,0,1.0,0,0,1,31.4,0,82.9,0,1,0.98,15,0,NORMAL,0
530.25,-1.42,1,1.0,0,0,0,18.8,0,90.6,0,1,0.91,20,0,NORMAL,0
29664.25,16.79,2,0.8,2,1,0,109.7,0,51.8,1,2,0.86,6,1,SUSPICIOUS,1
704.08,-1.31,0,1.0,0,0,1,73.9,0,80.5,0,1,0.94,22,0,NORMAL,0
146620.26,89.89,2,0.2,4,1,0,3449.8,1,8.7,1,4,0.22,1,1,FRAUD,2
2492.22,-0.19,0,1.0,1,0,1,21.0,0,91.8,0,1,0.92,14,0,NORMAL,0
5048.33,1.41,0,1.0,0,0,1,42.8,0,79.7,0,1,0.95,19,0,NORMAL,0
4220.02,0.89,0,1.0,0,0,1,27.1,0,87.9,0,1,0.96,17,0,NORMAL,0
4101.63,0.81,0,1.0,0,0,1,0.0,0,77.3,0,1,0.98,19,0,NORMAL,0
4343.7,0.96,0,1.0,0,0,0,0.0,0,96.3,1,1,0.97,16,0,NORMAL,0
3079.73,0.17,0,1.0,0,0,1,0.0,0,80.9,0,1,0.97,16,0,NORMAL,0
41440.32,24.15,1,0.8,1,0,0,342.7,0,56.8,1,1,0.85,0,1,SUSPICIOUS,1
549.75,-1.41,0,1.0,0,0,1,14.3,0,79.4,1,1,0.99,13,0,NORMAL,0
43692.97,25.56,2,0.8,1,0,1,100.3,0,54.2,0,1,0.79,17,0,SUSPICIOUS,1
3077.09,0.17,0,1.0,0,0,0,22.7,0,78.5,0,1,0.98,9,0,NORMAL,0
28415.53,16.01,2,0.8,1,0,0,245.1,0,47.4,0,1,0.74,7,1,SUSPICIOUS,1
3171.67,0.23,0,1.0,0,0,1,18.5,0,75.9,0,1,0.95,21,0,NORMAL,0
46510.12,27.32,1,0.8,1,0,0,303.5,0,53.1,1,1,0.86,19,0,SUSPICIOUS,1
1575.19,-0.77,0,0.8,0,0,1,23.4,0,85.0,0,1,0.97,18,0,NORMAL,0
1565.09,-0.77,0,1.0,0,0,1,48.2,0,92.9,0,1,0.93,21,0,NORMAL,0
6195.45,2.12,0,1.0,0,0,1,35.6,0,75.4,0,1,0.9,9,0,NORMAL,0
1921.2,-0.55,0,1.0,0,0,0,36.9,0,97.2,0,1,0.9,11,0,NORMAL,0
3447.96,0.4,0,1.0,0,0,1,33.2,0,89.6,1,1,0.95,10,0,NORMAL,0
3163.17,0.23,0,1.0,0,0,1,9.6,0,80.2,0,1,0.92,22,0,NORMAL,0
3249.59,0.28,0,1.0,0,0,1,2.5,0,95.4,0,1,0.91,13,0,NORMAL,0
3517.84,0.45,0,1.0,0,0,1,13.4,0,93.3,0,1,0.92,16,0,NORMAL,0
39046.67,22.65,1,0.5,2,0,0,224.3,0,59.9,1,1,0.72,3,1,SUSPICIOUS,1
3318.67,0.32,1,1.0,0,0,1,12.4,0,82.3,0,1,0.96,12,0,NORMAL,0
130316.64,79.7,2,0.2,7,1,0,2654.6,1,6.4,1,3,0.3,23,1,FRAUD,2
4222.37,0.89,1,1.0,0,0,1,24.9,0,84.9,0,1,0.91,21,0,NORMAL,0
4646.97,1.15,1,0.8,0,0,1,5.5,0,77.1,0,1,0.95,19,0,NORMAL,0
1641.07,-0.72,0,1.0,0,0,1,0.0,0,94.2,0,1,0.97,11,0,NORMAL,0
2625.98,-0.11,0,1.0,0,0,0,23.0,0,75.3,1,1,0.9,13,0,NORMAL,0
4149.72,0.84,0,1.0,0,0,1,0.0,0,99.9,0,1,0.93,15,0,NORMAL,0
2622.51,-0.11,0,1.0,0,0,1,34.5,0,83.8,0,1,0.91,17,0,NORMAL,0
2008.17,-0.49,0,1.0,0,0,1,14.0,0,78.3,0,1,0.98,11,0,NORMAL,0
687.63,-1.32,1,1.0,0,0,1,51.6,0,84.4,0,1,0.99,9,0,NORMAL,0
1814.74,-0.62,0,1.0,0,0,1,43.7,0,78.3,0,1,0.91,20,0,NORMAL,0
49992.94,29.5,2,0.8,2,1,1,146.8,0,58.5,0,2,0.82,0,1,SUSPICIOUS,1
345.42,-1.53,0,1.0,0,0,1,40.6,0,88.0,0,1,0.95,13,0,NORMAL,0
3461.94,0.41,0,1.0,0,0,1,41.8,0,95.1,1,1,0.96,10,0,NORMAL,0
50.0,-1.72,0,0.8,0,0,1,43.9,0,94.6,0,1,0.96,11,0,NORMAL,0
2488.53,-0.19,0,1.0,0,0,1,43.4,0,90.5,0,1,0.92,19,0,NORMAL,0
3386.56,0.37,0,1.0,0,0,1,0.0,0,91.7,0,1,0.92,11,0,NORMAL,0
33627.07,19.27,1,0.8,1,0,0,321.4,0,48.9,1,1,0.72,14,0,SUSPICIOUS,1
4162.17,0.85,0,1.0,0,0,1,2.6,0,87.1,0,1,0.93,16,0,NORMAL,0
3440.35,0.4,0,1.0,0,0,0,0.0,0,83.9,0,1,0.91,15,0,NORMAL,0
1765.48,-0.65,0,1.0,0,0,1,0.0,0,94.7,0,1,0.91,14,0,NORMAL,0
2095.19,-0.44,0,1.0,0,0,1,46.6,0,89.3,0,1,0.99,13,0,NORMAL,0
60678.09,36.17,2,0.2,6,1,0,3955.5,1,7.2,1,4,0.13,0,1,FRAUD,2
50.0,-1.72,1,1.0,0,0,0,28.7,0,96.6,0,1,0.92,16,0,NORMAL,0
3706.14,0.57,0,1.0,0,0,1,31.6,0,99.2,0,1,0.92,12,0,NORMAL,0
3215.56,0.26,0,1.0,0,0,1,0.0,0,88.3,0,1,0.93,18,0,NORMAL,0
559.66,-1.4,0,1.0,0,0,1,19.6,0,77.9,0,1,0.95,11,0,NORMAL,0
3071.57,0.17,0,1.0,0,0,1,16.8,0,96.0,0,1,0.97,22,0,NORMAL,0
2092.11,-0.44,0,1.0,0,0,1,24.2,0,89.7,0,1,0.94,16,0,NORMAL,0
50.0,-1.72,0,1.0,0,0,0,8.0,0,84.6,0,1,0.98,11,0,NORMAL,0
50.0,-1.72,0,1.0,0,0,0,0.0,0,87.4,0,1,0.95,21,0,NORMAL,0
1053.78,-1.09,0,1.0,0,0,1,0.0,0,96.9,0,1,0.97,12,0,NORMAL,0
2888.25,0.06,0,1.0,0,0,1,65.1,0,75.3,0,1,0.95,18,0,NORMAL,0
1106.58,-1.06,1,1.0,0,0,1,4.7,0,98.7,0,1,0.95,22,0,NORMAL,0
4188.56,0.87,0,1.0,0,0,1,0.0,0,75.6,0,1,0.97,18,0,NORMAL,0
2273.16,-0.33,0,1.0,0,0,1,5.6,0,82.8,0,1,0.95,17,0,NORMAL,0
3785.95,0.62,0,1.0,0,0,0,2.4,0,98.1,0,1,0.94,19,0,NORMAL,0
2384.65,-0.26,0,1.0,0,0,1,0.0,0,97.9,0,1,0.95,14,0,NORMAL,0
2925.45,0.08,1,1.0,0,0,0,0.0,0,88.4,0,1,0.93,21,0,NORMAL,0
4959.53,1.35,0,1.0,0,0,1,8.4,0,95.9,0,1,0.93,11,0,NORMAL,0
50.0,-1.72,0,1.0,0,0,1,36.8,0,96.5,1,1,0.93,18,0,NORMAL,0
38164.46,22.1,2,0.5,2,1,0,229.0,0,52.6,0,1,0.81,14,0,SUSPICIOUS,1
3029.14,0.14,0,1.0,1,0,1,34.6,0,95.2,1,1,0.98,14,0,NORMAL,0
3748.96,0.59,0,1.0,0,0,1,8.8,0,79.5,0,1,0.94,10,0,NORMAL,0
40619.03,23.64,1,0.5,1,0,1,173.2,0,68.2,1,2,0.74,21,0,SUSPICIOUS,1
3066.26,0.17,1,1.0,0,0,1,0.0,0,87.8,0,1,0.96,17,0,NORMAL,0
3073.38,0.17,1,1.0,0,0,1,11.3,0,75.5,1,1,0.91,12,0,NORMAL,0
2562.09,-0.15,0,1.0,0,0,1,1.4,0,81.6,0,1,0.97,10,0,NORMAL,0
1193.99,-1.0,1,1.0,0,0,1,25.2,0,76.2,0,1,0.97,11,0,NORMAL,0
2439.99,-0.23,1,1.0,0,0,0,39.2,0,84.9,1,1,0.91,16,0,NORMAL,0
1878.98,-0.58,0,1.0,0,0,1,17.4,0,77.7,0,1,0.97,17,0,NORMAL,0
1288.49,-0.94,0,1.0,0,0,0,61.1,0,75.1,0,1,0.93,19,0,NORMAL,0
28420.47,16.01,2,0.8,1,0,1,277.7,0,69.2,1,1,0.86,17,0,SUSPICIOUS,1
3487.39,0.43,0,1.0,0,0,1,19.2,0,92.4,0,1,0.98,10,0,NORMAL,0
3851.01,0.66,0,1.0,0,0,1,30.8,0,91.3,0,1,0.95,21,0,NORMAL,0
1132.02,-1.04,0,1.0,0,0,1,40.6,0,94.8,0,1,0.96,21,0,NORMAL,0
2931.65,0.08,1,1.0,1,0,1,36.3,0,94.2,0,1,0.94,17,0,NORMAL,0
1715.67,-0.68,0,1.0,0,0,1,0.0,0,75.1,0,1,0.93,10,0,NORMAL,0
50.0,-1.72,0,1.0,0,0,1,0.0,0,77.2,0,1,0.98,22,0,NORMAL,0
2644.64,-0.1,0,1.0,0,0,1,16.1,0,78.0,0,1,0.93,17,0,NORMAL,0
1780.18,-0.64,0,0.8,0,0,0,38.8,0,99.9,0,1,0.94,10,0,NORMAL,0
6377.08,2.24,0,1.0,0,0,0,1.7,0,86.4,0,1,0.92,21,0,NORMAL,0
48891.29,28.81,2,0.5,1,0,0,190.3,0,56.2,0,1,0.79,5,1,SUSPICIOUS,1
69852.2,41.91,2,0.0,7,1,0,3956.9,1,17.4,1,3,0.37,1,1,FRAUD,2
3671.47,0.54,1,1.0,0,0,0,55.3,0,81.1,0,1,0.91,21,0,NORMAL,0
42436.79,24.77,2,0.5,2,0,1,315.4,0,45.9,1,1,0.76,6,1,SUSPICIOUS,1
3469.2,0.42,0,1.0,0,0,1,23.0,0,99.5,0,1,0.92,20,0,NORMAL,0
2446.08,-0.22,0,1.0,0,0,1,18.8,0,84.8,0,1,0.97,14,0,NORMAL,0
121909.72,74.44,2,0.2,5,1,0,1457.3,1,24.3,1,3,0.31,5,1,FRAUD,2
1905.73,-0.56,0,1.0,0,0,1,22.5,0,87.2,0,1,0.96,18,0,NORMAL,0
3885.28,0.68,0,1.0,0,0,1,14.0,0,82.5,0,1,0.97,12,0,NORMAL,0
2444.14,-0.22,1,1.0,0,0,1,0.0,0,81.9,1,1,0.94,20,0,NORMAL,0
1551.52,-0.78,1,1.0,0,0,1,27.8,0,88.6,0,1,0.92,21,0,NORMAL,0
3711.63,0.57,0,1.0,0,0,1,24.0,0,98.0,0,1,0.97,17,0,NORMAL,0
5420.98,1.64,0,1.0,0,0,1,45.0,0,91.3,0,1,0.95,16,0,NORMAL,0
2356.96,-0.28,0,1.0,0,0,1,14.5,0,82.3,0,1,0.98,14,0,NORMAL,0
43107.13,25.19,2,0.8,1,0,0,210.2,0,51.3,1,1,0.88,0,1,SUSPICIOUS,1
2404.52,-0.25,0,1.0,0,0,1,1.4,0,89.2,0,1,0.97,10,0,NORMAL,0
3363.03,0.35,0,1.0,0,0,1,17.7,0,90.3,0,1,0.98,16,0,NORMAL,0
1872.86,-0.58,0,1.0,0,0,1,36.8,0,95.4,0,1,0.96,17,0,NORMAL,0
5497.04,1.69,0,1.0,0,0,1,5.8,0,83.2,0,1,0.97,21,0,NORMAL,0
2761.03,-0.02,0,1.0,0,0,0,57.8,0,99.4,0,1,0.92,11,0,NORMAL,0
648.5,-1.34,0,1.0,1,0,1,7.6,0,96.2,0,1,0.97,22,0,NORMAL,0
63609.83,38.01,2,0.0,3,1,0,2450.9,1,23.1,1,3,0.49,1,1,FRAUD,2
1378.86,-0.89,0,1.0,0,0,1,0.0,0,94.4,0,1,0.95,18,0,NORMAL,0
2759.11,-0.03,0,1.0,0,0,1,38.5,0,84.0,0,1,0.91,19,0,NORMAL,0
4475.21,1.05,0,1.0,0,0,1,9.1,0,80.9,0,1,0.98,14,0,NORMAL,0
50.0,-1.72,0,1.0,0,0,1,20.1,0,92.7,0,1,0.92,17,0,NORMAL,0
3606.11,0.5,0,1.0,0,0,0,0.0,0,89.0,0,1,0.9,22,0,NORMAL,0
3964.21,0.73,0,1.0,0,0,0,16.0,0,82.9,0,1,0.9,18,0,NORMAL,0
5954.67,1.97,0,1.0,1,0,1,10.7,0,81.4,0,1,0.93,14,0,NORMAL,0
1298.45,-0.94,0,0.8,0,0,1,27.9,0,86.1,0,1,0.92,10,0,NORMAL,0
2717.39,-0.05,0,1.0,0,0,0,18.9,0,94.2,0,1,0.97,12,0,NORMAL,0
3821.97,0.64,0,1.0,0,0,1,0.0,0,100.0,0,1,0.99,17,0,NORMAL,0
127718.5,78.07,2,0.2,3,1,0,1248.3,1,21.3,1,3,0.52,2,1,FRAUD,2
44057.13,25.79,2,0.8,2,0,0,81.6,0,54.7,1,1,0.83,0,1,SUSPICIOUS,1
730.97,-1.29,0,1.0,0,0,1,3.0,0,86.6,0,1,0.98,10,0,NORMAL,0
576.68,-1.39,0,1.0,0,0,1,0.0,0,95.3,0,1,0.99,21,0,NORMAL,0
35771.55,20.61,2,0.8,2,0,0,133.2,0,59.4,0,1,0.82,20,0,SUSPICIOUS,1
4353.44,0.97,0,1.0,0,0,1,2.7,0,81.8,0,1,0.91,19,0,NORMAL,0
3326.91,0.33,0,1.0,0,0,1,22.9,0,97.9,0,1,0.91,14,0,NORMAL,0
3000.36,0.13,1,1.0,0,0,0,6.4,0,80.7,0,1,0.95,18,0,NORMAL,0
3082.42,0.18,0,1.0,0,0,1,20.3,0,96.3,0,1,0.97,11,0,NORMAL,0
6356.31,2.22,0,1.0,0,0,1,0.0,0,77.4,0,1,0.96,20,0,NORMAL,0
677.73,-1.33,0,1.0,0,0,1,30.1,0,89.9,0,1,0.94,21,0,NORMAL,0
3710.37,0.57,0,1.0,0,0,0,47.6,0,79.8,0,1,0.92,17,0,NORMAL,0
4781.68,1.24,0,1.0,0,0,1,10.7,0,89.8,0,1,0.92,18,0,NORMAL,0
3912.0,0.69,0,1.0,0,0,1,53.9,0,98.9,0,1,0.96,17,0,NORMAL,0
310.39,-1.56,0,1.0,0,0,0,0.0,0,86.9,0,1,0.91,11,0,NORMAL,0
4740.96,1.21,0,1.0,0,0,1,17.8,0,78.2,0,1,0.97,10,0,NORMAL,0
2334.71,-0.29,0,1.0,0,0,1,6.8,0,87.7,0,1,0.93,18,0,NORMAL,0
4138.12,0.84,0,0.8,0,0,1,15.6,0,98.3,0,1,0.97,11,0,NORMAL,0
5638.74,1.77,0,1.0,0,0,1,20.2,0,75.6,0,1,0.92,22,0,NORMAL,0
117687.49,71.8,2,0.0,3,1,0,2599.6,1,12.8,1,3,0.16,5,1,FRAUD,2
32938.29,18.84,2,0.5,1,0,0,216.6,0,52.0,0,1,0.72,12,0,SUSPICIOUS,1
138849.47,85.03,2,0.2,7,1,0,914.6,1,20.1,1,3,0.27,4,1,FRAUD,2
1698.13,-0.69,1,1.0,0,0,0,13.7,0,81.0,0,1,0.91,22,0,NORMAL,0
3677.65,0.55,0,1.0,0,0,1,0.0,0,80.5,0,1,0.96,14,0,NORMAL,0
612.99,-1.37,0,1.0,0,0,1,10.5,0,94.2,0,1,0.94,19,0,NORMAL,0
3419.14,0.39,0,1.0,0,0,1,42.4,0,95.9,0,1,0.92,13,0,NORMAL,0
103906.86,63.19,2,0.2,6,1,0,3208.2,1,17.5,1,2,0.17,5,1,FRAUD,2
4669.15,1.17,0,1.0,0,0,1,0.0,0,94.6,0,1,0.99,9,0,NORMAL,0
2483.51,-0.2,1,1.0,0,0,1,7.4,0,87.4,0,1,0.94,9,0,NORMAL,0
2851.21,0.03,0,1.0,0,0,1,0.0,0,76.0,0,1,0.96,21,0,NORMAL,0
27634.19,15.52,1,0.8,1,0,1,342.1,0,73.3,1,1,0.78,4,1,SUSPICIOUS,1
1549.26,-0.78,0,1.0,1,0,1,32.6,0,94.2,0,1,0.93,10,0,NORMAL,0
1421.79,-0.86,0,0.8,0,0,0,0.0,0,83.1,0,1,0.94,10,0,NORMAL,0
5245.55,1.53,0,1.0,0,0,1,25.2,0,98.2,0,1,0.93,19,0,NORMAL,0
1016.84,-1.11,0,0.8,0,0,1,7.6,0,75.3,1,1,0.96,22,0,NORMAL,0
46162.86,27.1,2,0.8,2,0,1,276.7,0,68.3,1,1,0.8,10,0,SUSPICIOUS,1
5567.83,1.73,0,1.0,0,0,0,21.0,0,87.2,0,1,0.93,14,0,NORMAL,0
3185.21,0.24,0,1.0,0,0,0,67.0,0,90.9,0,1,0.91,18,0,NORMAL,0
3754.63,0.6,1,1.0,0,0,0,30.4,0,91.4,0,1,0.97,22,0,NORMAL,0
1976.57,-0.51,0,1.0,0,0,1,0.0,0,75.9,0,1,0.92,10,0,NORMAL,0
4602.19,1.13,0,1.0,0,0,1,30.7,0,84.6,0,1,0.97,14,0,NORMAL,0
530.61,-1.42,0,1.0,0,0,1,0.0,0,94.9,0,1,0.95,12,0,NORMAL,0
1939.7,-0.54,0,1.0,0,0,1,21.1,0,90.0,0,1,0.9,11,0,NORMAL,0
4585.44,1.12,0,1.0,0,0,1,2.0,0,78.7,0,1,0.94,10,0,NORMAL,0
4036.96,0.77,0,1.0,0,0,1,32.6,0,79.5,0,1,0.99,20,0,NORMAL,0
5815.34,1.88,0,1.0,0,0,1,45.9,0,75.6,0,1,0.92,9,0,NORMAL,0
130432.37,79.77,2,0.2,5,1,0,2418.2,1,26.8,1,4,0.18,0,1,FRAUD,2
3050.2,0.16,0,1.0,0,0,0,21.6,0,94.5,0,1,0.91,22,0,NORMAL,0
3432.5,0.4,0,0.8,0,0,1,3.5,0,82.1,0,1,0.92,20,0,NORMAL,0
2693.55,-0.07,0,1.0,0,0,1,19.9,0,96.3,0,1,0.96,19,0,NORMAL,0
50.0,-1.72,0,1.0,0,0,1,32.7,0,99.1,0,1,0.98,18,0,NORMAL,0
44692.83,26.18,2,0.8,2,0,1,131.6,0,55.1,1,2,0.88,8,0,SUSPICIOUS,1
1828.25,-0.61,0,1.0,0,0,0,47.6,0,80.7,0,1,0.95,15,0,NORMAL,0
1475.86,-0.83,0,1.0,0,0,0,16.7,0,96.2,0,1,0.94,11,0,NORMAL,0
1662.78,-0.71,0,1.0,0,0,1,16.5,0,94.7,0,1,0.92,12,0,NORMAL,0
4072.7,0.8,0,1.0,0,0,1,31.2,0,81.4,1,1,0.95,20,0,NORMAL,0
4212.98,0.88,0,1.0,0,0,1,13.4,0,95.6,0,1,0.97,11,0,NORMAL,0
4833.01,1.27,0,1.0,0,0,1,0.9,0,97.4,0,1,0.94,14,0,NORMAL,0
4134.09,0.83,1,1.0,1,0,1,6.4,0,80.1,0,1,0.98,20,0,NORMAL,0
32829.05,18.77,2,0.5,2,0,1,166.3,0,74.7,1,1,0.84,1,1,SUSPICIOUS,1
2500.57,-0.19,0,1.0,0,0,1,34.7,0,93.0,0,1,0.91,13,0,NORMAL,0
90315.65,54.7,2,0.2,4,1,0,1254.2,1,24.0,1,4,0.51,3,1,FRAUD,2
2654.13,-0.09,0,1.0,0,0,1,0.0,0,95.6,0,1,0.92,12,0,NORMAL,0
43491.78,25.43,1,0.5,1,0,1,297.7,0,70.3,0,1,0.84,1,1,SUSPICIOUS,1
2056.61,-0.46,0,1.0,0,0,1,19.0,0,82.0,0,1,0.96,17,0,NORMAL,0
1849.01,-0.59,0,1.0,0,0,0,11.2,0,80.8,0,1,0.91,10,0,NORMAL,0
2193.07,-0.38,0,1.0,0,0,1,0.0,0,85.3,0,1,0.94,9,0,NORMAL,0
3331.17,0.33,0,1.0,0,0,0,18.8,0,93.8,0,1,0.9,15,0,NORMAL,0
6066.79,2.04,0,1.0,0,0,1,33.8,0,78.0,0,1,0.92,17,0,NORMAL,0
50.0,-1.72,0,1.0,0,0,1,9.1,0,76.2,1,1,0.98,17,0,NORMAL,0
3694.65,0.56,0,1.0,0,0,1,60.1,0,94.7,0,1,0.96,12,0,NORMAL,0
5554.96,1.72,0,1.0,0,0,1,13.3,0,98.9,0,1,0.96,16,0,NORMAL,0
5158.49,1.47,0,1.0,0,0,1,8.0,0,90.8,0,1,0.96,12,0,NORMAL,0
2219.62,-0.36,0,0.8,0,0,1,4.9,0,86.8,1,1,0.92,14,0,NORMAL,0
1612.05,-0.74,0,1.0,0,0,1,0.0,0,99.3,0,1,0.94,16,0,NORMAL,0
739.28,-1.29,0,1.0,0,0,1,0.0,0,95.8,0,1,0.93,15,0,NORMAL,0
39301.22,22.81,1,0.8,2,0,0,246.6,0,48.4,1,1,0.87,12,0,SUSPICIOUS,1
2697.49,-0.06,1,1.0,0,0,1,3.2,0,97.1,0,1,0.92,21,0,NORMAL,0
2027.1,-0.48,0,1.0,0,0,1,17.9,0,77.9,0,1,0.94,10,0,NORMAL,0
4611.26,1.13,1,1.0,0,0,1,59.0,0,85.3,0,1,0.96,11,0,NORMAL,0
3130.76,0.21,1,1.0,0,0,0,30.2,0,76.7,0,1,0.91,9,0,NORMAL,0
50.0,-1.72,0,1.0,0,0,1,46.2,0,80.4,0,1,0.97,14,0,NORMAL,0
42312.32,24.7,1,0.5,1,0,1,200.5,0,69.0,1,2,0.87,22,0,SUSPICIOUS,1
50.0,-1.72,0,1.0,0,0,1,38.4,0,79.2,0,1,0.91,16,0,NORMAL,0
2552.86,-0.15,0,1.0,0,0,1,23.6,0,94.8,0,1,0.91,13,0,NORMAL,0
3235.0,0.27,0,1.0,0,0,0,38.2,0,80.7,1,1,0.95,21,0,NORMAL,0
1042.97,-1.1,0,1.0,0,0,1,7.8,0,97.5,0,1,0.99,13,0,NORMAL,0
3001.2,0.13,0,1.0,0,0,1,14.7,0,75.8,1,1,0.97,13,0,NORMAL,0
5572.02,1.73,0,1.0,0,0,1,59.6,0,81.5,0,1,0.91,22,0,NORMAL,0
3815.85,0.63,0,1.0,0,0,0,4.8,0,78.8,0,1,0.92,21,0,NORMAL,0
139228.33,85.27,2,0.0,3,1,0,3742.7,1,16.5,1,3,0.17,4,1,FRAUD,2
360.77,-1.52,1,0.8,0,0,1,19.8,0,96.7,0,1,0.97,20,0,NORMAL,0
2221.37,-0.36,0,0.8,0,0,1,54.4,0,77.3,0,1,0.94,15,0,NORMAL,0
1350.83,-0.91,0,1.0,0,0,1,1.9,0,89.4,0,1,0.99,10,0,NORMAL,0
5228.03,1.52,0,1.0,1,0,1,48.9,0,75.1,0,1,0.93,16,0,NORMAL,0
2583.59,-0.14,0,1.0,0,0,1,35.1,0,86.9,0,1,0.97,14,0,NORMAL,0
5081.5,1.43,0,1.0,0,0,1,41.2,0,94.8,1,1,0.92,18,0,NORMAL,0
32365.48,18.48,1,0.5,2,0,0,283.4,0,68.1,1,1,0.86,1,1,SUSPICIOUS,1
5263.37,1.54,0,1.0,0,0,1,1.1,0,88.7,0,1,0.95,10,0,NORMAL,0
1654.53,-0.72,0,1.0,0,0,1,21.7,0,92.8,0,1,0.92,10,0,NORMAL,0
4127.16,0.83,0,1.0,0,0,1,11.1,0,99.5,0,1,0.93,17,0,NORMAL,0
3756.89,0.6,1,1.0,0,0,1,0.0,0,90.9,0,1,0.94,22,0,NORMAL,0
45098.96,26.44,1,0.8,1,0,0,214.1,0,53.5,0,1,0.71,11,0,SUSPICIOUS,1
3930.91,0.71,0,1.0,0,0,1,33.6,0,83.5,1,1,0.91,20,0,NORMAL,0
646.61,-1.35,0,1.0,0,0,0,0.0,0,85.8,1,1,0.93,20,0,NORMAL,0
3980.93,0.74,0,1.0,0,0,1,17.2,0,96.9,0,1,0.93,19,0,NORMAL,0
123228.65,75.27,2,0.2,7,1,0,2585.2,1,20.9,1,4,0.15,5,1,FRAUD,2
105036.1,63.9,2,0.0,4,1,0,3165.6,1,24.3,1,2,0.49,4,1,FRAUD,2
3322.79,0.33,0,1.0,0,0,0,21.0,0,80.4,0,1,0.95,10,0,NORMAL,0
3021.28,0.14,0,1.0,0,0,1,8.2,0,91.7,0,1,0.97,13,0,NORMAL,0
359.49,-1.53,0,1.0,0,0,1,0.0,0,85.1,0,1,0.95,16,0,NORMAL,0
5059.0,1.41,0,1.0,0,0,1,4.0,0,96.4,0,1,0.91,22,0,NORMAL,0
2382.47,-0.26,0,1.0,0,0,1,0.0,0,91.0,0,1,0.95,13,0,NORMAL,0
3872.35,0.67,0,1.0,0,0,1,28.5,0,80.7,0,1,0.94,20,0,NORMAL,0
2833.42,0.02,1,1.0,0,0,1,19.6,0,79.9,0,1,0.96,18,0,NORMAL,0
4245.52,0.9,0,1.0,0,0,0,16.2,0,83.4,0,1,0.95,17,0,NORMAL,0
3519.37,0.45,0,1.0,0,0,1,19.0,0,82.5,0,1,0.93,18,0,NORMAL,0
2495.94,-0.19,0,1.0,0,0,1,7.9,0,76.1,0,1,0.94,20,0,NORMAL,0
41858.72,24.41,1,0.5,1,0,1,109.4,0,64.1,1,1,0.88,11,0,SUSPICIOUS,1
6038.9,2.02,0,1.0,1,0,1,0.0,0,94.8,1,1,0.98,19,0,NORMAL,0
4479.97,1.05,0,1.0,0,0,1,8.6,0,94.5,1,1,0.97,21,0,NORMAL,0
3789.58,0.62,0,1.0,0,0,1,10.9,0,96.2,0,1,0.91,13,0,NORMAL,0
4214.18,0.88,0,0.8,0,0,0,10.6,0,98.9,0,1,0.95,15,0,NORMAL,0
5071.36,1.42,1,0.8,0,0,1,3.0,0,94.7,0,1,0.95,19,0,NORMAL,0
1513.64,-0.8,1,1.0,0,0,1,29.9,0,85.8,0,1,0.95,13,0,NORMAL,0
1511.83,-0.81,0,1.0,0,0,0,34.2,0,85.5,0,1,0.94,10,0,NORMAL,0
796.17,-1.25,0,1.0,0,0,1,22.3,0,76.7,1,1,0.95,11,0,NORMAL,0
4239.1,0.9,0,1.0,0,0,1,29.9,0,76.1,0,1,0.98,22,0,NORMAL,0
6675.85,2.42,0,1.0,0,0,1,32.2,0,80.1,0,1,0.94,11,0,NORMAL,0
1849.93,-0.59,0,1.0,0,0,1,0.0,0,90.2,0,1,0.97,19,0,NORMAL,0
2226.23,-0.36,1,1.0,0,0,1,0.0,0,88.6,0,1,0.93,15,0,NORMAL,0
1471.29,-0.83,0,1.0,1,0,1,25.5,0,81.6,0,1,0.93,17,0,NORMAL,0
5130.74,1.46,0,1.0,1,0,1,21.2,0,79.0,0,1,0.91,14,0,NORMAL,0
122513.59,74.82,2,0.0,3,1,0,1850.4,1,25.2,1,2,0.26,5,1,FRAUD,2
3979.8,0.74,0,1.0,0,0,1,37.8,0,87.7,0,1,0.98,9,0,NORMAL,0
371.4,-1.52,0,1.0,0,0,0,7.9,0,76.3,0,1,0.96,14,0,NORMAL,0
3099.46,0.19,0,1.0,0,0,1,19.6,0,87.5,0,1,0.93,15,0,NORMAL,0
2911.59,0.07,0,1.0,0,0,1,2.2,0,83.4,0,1,0.94,14,0,NORMAL,0
1722.2,-0.67,0,1.0,0,0,1,10.3,0,84.5,1,1,0.97,15,0,NORMAL,0
2224.37,-0.36,0,1.0,0,0,1,0.0,0,85.8,1,1,0.91,21,0,NORMAL,0
69280.92,41.55,2,0.0,6,1,0,2323.1,1,23.4,1,3,0.29,2,1,FRAUD,2
3077.88,0.17,0,1.0,0,0,1,1.0,0,92.2,0,1,0.95,19,0,NORMAL,0
2666.59,-0.08,0,1.0,0,0,1,18.7,0,81.7,0,1,0.99,19,0,NORMAL,0
4110.04,0.82,0,1.0,0,0,0,45.8,0,98.7,0,1,0.91,19,0,NORMAL,0
2456.14,-0.21,0,1.0,0,0,1,20.5,0,75.4,0,1,0.92,12,0,NORMAL,0
79843.53,48.15,2,0.0,4,1,0,3548.8,1,10.4,1,3,0.32,2,1,FRAUD,2
3160.49,0.23,1,1.0,0,0,1,7.6,0,93.1,0,1,0.95,9,0,NORMAL,0
4751.21,1.22,0,1.0,0,0,1,35.7,0,97.8,0,1,0.93,22,0,NORMAL,0
5528.02,1.71,0,1.0,0,0,0,9.0,0,96.0,0,1,0.97,19,0,NORMAL,0
2041.31,-0.47,0,1.0,1,0,1,41.5,0,94.3,0,1,0.92,19,0,NORMAL,0
1542.42,-0.79,1,1.0,0,0,1,0.0,0,90.8,0,1,0.96,18,0,NORMAL,0
954.2,-1.15,0,1.0,0,0,1,17.3,0,90.0,0,1,0.95,15,0,NORMAL,0
4069.07,0.79,0,1.0,0,0,1,14.7,0,81.5,0,1,0.91,13,0,NORMAL,0
4094.23,0.81,0,1.0,0,0,0,25.9,0,86.1,0,1,0.92,21,0,NORMAL,0
3570.99,0.48,0,0.8,1,0,1,25.9,0,83.9,0,1,0.98,9,0,NORMAL,0
2040.48,-0.47,0,1.0,0,0,1,35.7,0,86.5,0,1,0.9,17,0,NORMAL,0
1219.51,-0.99,0,1.0,0,0,1,25.7,0,75.0,0,1,0.97,10,0,NORMAL,0
50.0,-1.72,0,1.0,0,0,1,26.0,0,90.9,0,1,0.91,18,0,NORMAL,0
595.81,-1.38,0,0.8,0,0,1,3.7,0,85.4,0,1,0.95,18,0,NORMAL,0
1588.3,-0.76,0,1.0,0,0,1,28.0,0,98.6,0,1,0.94,21,0,NORMAL,0
3493.58,0.43,0,1.0,0,0,1,0.0,0,87.7,0,1,0.9,9,0,NORMAL,0
41831.16,24.39,1,0.5,1,0,1,277.5,0,65.9,1,1,0.87,8,0,SUSPICIOUS,1
4554.35,1.1,0,1.0,0,0,0,2.5,0,86.7,0,1,0.93,16,0,NORMAL,0
1364.73,-0.9,0,1.0,0,0,1,1.5,0,96.2,0,1,0.99,10,0,NORMAL,0
2328.35,-0.29,1,1.0,0,0,1,41.9,0,83.8,0,1,0.91,22,0,NORMAL,0
2075.9,-0.45,0,0.8,0,0,1,12.4,0,96.1,0,1,0.96,10,0,NORMAL,0
1625.32,-0.73,0,1.0,0,0,1,16.6,0,95.1,0,1,0.91,13,0,NORMAL,0
1518.43,-0.8,0,1.0,0,0,1,45.1,0,81.5,0,1,0.94,18,0,NORMAL,0
39470.17,22.92,2,0.8,1,0,0,134.6,0,54.4,0,1,0.78,11,0,SUSPICIOUS,1
3406.85,0.38,0,1.0,0,0,1,47.2,0,99.0,0,1,0.95,17,0,NORMAL,0
3074.94,0.17,0,1.0,0,0,1,26.1,0,80.5,0,1,0.92,15,0,NORMAL,0
2549.59,-0.16,1,1.0,0,0,1,41.2,0,78.8,0,1,0.94,14,0,NORMAL,0
2267.78,-0.33,0,1.0,0,0,1,24.8,0,97.4,0,1,0.93,21,0,NORMAL,0
1728.84,-0.67,0,1.0,0,0,0,20.5,0,95.7,1,1,0.98,19,0,NORMAL,0
46450.58,27.28,2,0.8,1,0,0,86.1,0,55.8,1,1,0.76,15,0,SUSPICIOUS,1
3183.34,0.24,0,1.0,0,0,1,24.7,0,98.5,0,1,0.94,11,0,NORMAL,0
5630.03,1.77,0,1.0,0,0,0,5.2,0,98.2,0,1,0.95,19,0,NORMAL,0
2318.34,-0.3,1,1.0,0,0,1,0.0,0,98.7,0,1,0.93,14,0,NORMAL,0
5940.14,1.96,0,1.0,0,0,1,15.1,0,90.9,0,1,0.92,20,0,NORMAL,0
686.68,-1.32,1,1.0,0,0,1,59.7,0,79.3,0,1,0.94,12,0,NORMAL,0
108234.16,65.9,2,0.0,7,1,0,1411.0,1,19.3,1,2,0.51,1,1,FRAUD,2
3110.72,0.19,0,1.0,0,0,0,0.0,0,90.4,0,1,0.96,19,0,NORMAL,0
3807.25,0.63,0,1.0,1,0,1,0.0,0,97.4,0,1,0.99,16,0,NORMAL,0
129832.04,79.4,2,0.2,6,1,0,1094.6,1,29.4,1,4,0.48,5,1,FRAUD,2
5095.15,1.43,0,1.0,0,0,1,20.1,0,98.6,0,1,0.94,12,0,NORMAL,0
128336.33,78.46,2,0.0,6,1,0,1866.0,1,25.0,1,3,0.23,5,1,FRAUD,2
2082.05,-0.45,0,1.0,1,0,1,36.8,0,97.5,0,1,0.91,16,0,NORMAL,0
2749.7,-0.03,0,1.0,0,0,1,0.0,0,89.5,0,1,0.91,11,0,NORMAL,0
2986.3,0.12,0,0.8,0,0,1,13.0,0,82.0,0,1,0.92,17,0,NORMAL,0
4607.16,1.13,1,1.0,0,0,1,28.6,0,99.7,0,1,0.93,19,0,NORMAL,0
6169.34,2.11,0,1.0,0,0,1,7.1,0,95.0,0,1,0.96,19,0,NORMAL,0
2410.59,-0.24,1,1.0,0,0,1,9.0,0,87.2,0,1,0.92,15,0,NORMAL,0
126744.24,77.47,2,0.2,6,1,0,1453.4,1,26.4,1,3,0.28,5,1,FRAUD,2
5297.52,1.56,0,1.0,0,0,0,55.7,0,97.3,0,1,0.97,21,0,NORMAL,0
3632.0,0.52,0,1.0,0,0,1,0.0,0,81.6,0,1,0.98,10,0,NORMAL,0
689.08,-1.32,0,1.0,0,0,1,2.8,0,80.9,1,1,0.99,16,0,NORMAL,0
3267.51,0.29,0,1.0,0,0,1,11.3,0,87.2,0,1,0.95,15,0,NORMAL,0
93822.45,56.89,2,0.0,4,1,0,1473.1,1,5.8,1,2,0.25,2,1,FRAUD,2
2834.05,0.02,0,1.0,0,0,1,32.7,0,86.0,0,1,0.91,11,0,NORMAL,0
1763.79,-0.65,0,1.0,0,0,1,0.0,0,98.1,0,1,0.95,18,0,NORMAL,0
1943.46,-0.54,0,1.0,0,0,1,22.2,0,98.2,0,1,0.91,13,0,NORMAL,0
1465.63,-0.83,0,1.0,0,0,1,12.2,0,82.3,0,1,0.96,19,0,NORMAL,0
924.38,-1.17,0,0.8,0,0,1,37.9,0,81.9,0,1,0.99,12,0,NORMAL,0
50.0,-1.72,0,1.0,0,0,1,26.6,0,82.8,0,1,0.91,16,0,NORMAL,0
578.58,-1.39,0,1.0,0,0,1,10.7,0,83.5,0,1,0.98,11,0,NORMAL,0
6121.02,2.08,0,1.0,0,0,0,7.6,0,95.4,0,1,0.91,11,0,NORMAL,0
1281.73,-0.95,0,1.0,0,0,0,49.9,0,82.8,0,1,0.92,17,0,NORMAL,0
3032.55,0.15,1,1.0,0,0,1,27.3,0,77.9,0,1,0.99,22,0,NORMAL,0
865.54,-1.21,0,1.0,0,0,1,10.2,0,93.3,0,1,0.98,20,0,NORMAL,0
38078.58,22.05,2,0.8,1,1,0,148.6,0,68.4,0,1,0.77,12,0,SUSPICIOUS,1
3315.95,0.32,0,1.0,0,0,0,10.5,0,80.6,0,1,0.97,16,0,NORMAL,0
2694.44,-0.07,0,1.0,0,0,1,24.0,0,86.4,0,1,0.96,9,0,NORMAL,0
3831.21,0.64,0,1.0,0,0,1,21.1,0,79.0,0,1,0.95,21,0,NORMAL,0
369.05,-1.52,0,1.0,0,0,1,0.0,0,95.6,0,1,0.94,13,0,NORMAL,0
2572.79,-0.14,0,0.8,0,0,1,0.0,0,91.4,0,1,0.93,17,0,NORMAL,0
2584.32,-0.13,0,1.0,0,0,1,0.9,0,76.9,0,1,0.95,18,0,NORMAL,0
45366.78,26.6,2,0.8,1,0,0,191.6,0,65.3,1,1,0.78,3,1,SUSPICIOUS,1
2098.79,-0.44,0,1.0,0,0,1,4.2,0,99.2,0,1,0.93,10,0,NORMAL,0
48357.6,28.47,2,0.5,1,0,1,223.4,0,65.3,1,1,0.86,12,0,SUSPICIOUS,1
2165.21,-0.4,0,1.0,0,0,1,9.7,0,88.7,0,1,0.98,14,0,NORMAL,0
2648.87,-0.09,0,1.0,0,0,1,23.4,0,98.7,0,1,0.97,19,0,NORMAL,0
2514.85,-0.18,0,1.0,0,0,1,0.0,0,97.2,0,1,0.94,15,0,NORMAL,0
2275.48,-0.33,0,1.0,0,0,1,8.2,0,84.8,0,1,0.9,22,0,NORMAL,0
1873.28,-0.58,0,1.0,0,0,1,10.5,0,81.6,0,1,0.92,17,0,NORMAL,0
50.0,-1.72,0,1.0,0,0,1,41.4,0,82.7,0,1,0.95,21,0,NORMAL,0
6686.63,2.43,0,1.0,0,0,1,41.0,0,77.3,0,1,0.91,21,0,NORMAL,0
2206.47,-0.37,0,1.0,0,0,1,10.7,0,82.2,0,1,0.93,15,0,NORMAL,0
50.0,-1.72,0,1.0,0,0,1,7.5,0,89.3,0,1,0.97,12,0,NORMAL,0
1462.41,-0.84,0,1.0,0,0,1,40.5,0,89.6,0,1,0.97,19,0,NORMAL,0
3637.43,0.52,1,1.0,0,0,1,8.5,0,81.0,0,1,0.97,17,0,NORMAL,0
3548.52,0.47,0,1.0,1,0,1,56.6,0,86.1,0,1,0.91,18,0,NORMAL,0
4228.73,0.89,1,1.0,0,0,1,51.6,0,85.3,0,1,0.93,9,0,NORMAL,0
2606.27,-0.12,0,1.0,0,0,1,15.7,0,90.1,0,1,0.92,9,0,NORMAL,0
49799.07,29.37,1,0.8,2,0,1,107.8,0,48.8,1,1,0.86,11,0,SUSPICIOUS,1
3893.88,0.68,0,1.0,0,0,1,13.9,0,91.3,0,1,0.91,10,0,NORMAL,0
1445.04,-0.85,0,0.8,0,0,1,40.0,0,75.3,0,1,0.92,12,0,NORMAL,0
3903.05,0.69,0,1.0,0,0,1,37.1,0,84.9,0,1,0.95,12,0,NORMAL,0
1563.07,-0.77,0,1.0,0,0,0,15.0,0,85.2,0,1,0.96,12,0,NORMAL,0
252.57,-1.59,0,1.0,0,0,1,32.5,0,93.9,0,1,0.98,13,0,NORMAL,0
2419.02,-0.24,0,1.0,0,0,1,15.9,0,83.6,0,1,0.91,17,0,NORMAL,0
50.0,-1.72,1,1.0,0,0,1,14.8,0,97.3,0,1,0.93,20,0,NORMAL,0
2839.77,0.02,1,0.8,0,0,1,9.0,0,77.1,0,1,0.93,21,0,NORMAL,0
80315.5,48.45,2,0.2,3,1,0,1999.5,1,7.4,1,2,0.54,2,1,FRAUD,2
4843.14,1.28,0,1.0,0,0,1,21.8,0,92.1,0,1,0.91,11,0,NORMAL,0
1537.37,-0.79,0,1.0,0,0,1,21.9,0,99.9,0,1,0.97,21,0,NORMAL,0
2064.72,-0.46,0,1.0,0,0,1,0.0,0,99.1,0,1,0.94,19,0,NORMAL,0
3876.17,0.67,0,0.8,0,0,1,39.0,0,76.2,0,1,0.98,10,0,NORMAL,0
1052.54,-1.09,0,1.0,0,0,1,31.7,0,89.6,0,1,0.93,19,0,NORMAL,0
49914.14,29.45,2,0.5,1,1,0,277.7,0,72.7,1,2,0.76,19,0,SUSPICIOUS,1
5081.43,1.43,0,1.0,0,0,1,3.4,0,78.0,0,1,0.99,18,0,NORMAL,0
36668.2,21.17,1,0.8,1,0,0,110.8,0,73.2,1,1,0.89,5,1,SUSPICIOUS,1
1665.57,-0.71,0,1.0,0,0,0,54.1,0,91.2,1,1,0.91,18,0,NORMAL,0
1205.09,-1.0,1,1.0,0,0,1,16.3,0,76.0,0,1,0.96,12,0,NORMAL,0
4393.4,1.0,0,1.0,0,0,1,20.1,0,77.0,0,1,0.98,10,0,NORMAL,0
3051.27,0.16,1,1.0,0,0,1,35.4,0,83.0,0,1,0.95,22,0,NORMAL,0
6434.32,2.27,0,1.0,0,0,0,6.9,0,78.1,0,1,0.99,21,0,NORMAL,0
4830.26,1.27,0,1.0,1,0,1,23.7,0,97.4,0,1,0.97,22,0,NORMAL,0
1856.15,-0.59,0,1.0,0,0,1,31.9,0,76.4,0,1,0.98,20,0,NORMAL,0
2376.57,-0.26,0,1.0,0,0,1,0.0,0,80.5,1,1,0.94,15,0,NORMAL,0
3635.6,0.52,0,1.0,0,0,1,13.0,0,89.3,0,1,0.91,15,0,NORMAL,0
4065.93,0.79,0,1.0,0,0,1,4.8,0,78.6,0,1,0.92,11,0,NORMAL,0
3257.91,0.29,0,1.0,0,0,1,0.0,0,87.6,0,1,0.91,15,0,NORMAL,0
1975.99,-0.52,1,1.0,0,0,0,8.6,0,88.1,0,1,0.93,22,0,NORMAL,0
3941.15,0.71,1,1.0,0,0,1,13.4,0,79.2,0,1,0.96,13,0,NORMAL,0
72830.09,43.77,2,0.2,6,1,0,1130.2,1,5.1,1,3,0.39,2,1,FRAUD,2
5650.46,1.78,0,1.0,1,0,1,0.0,0,99.2,0,1,0.99,15,0,NORMAL,0
2276.77,-0.33,0,1.0,0,0,1,10.7,0,86.9,1,1,0.91,10,0,NORMAL,0
4384.31,0.99,0,1.0,1,0,1,23.5,0,87.2,0,1,0.97,14,0,NORMAL,0
1844.12,-0.6,0,1.0,0,0,1,36.6,0,95.1,0,1,0.91,18,0,NORMAL,0
41306.88,24.07,1,0.5,1,0,0,250.9,0,68.1,1,1,0.84,21,0,SUSPICIOUS,1
47676.05,28.05,2,0.8,1,0,0,193.0,0,55.7,1,1,0.73,6,1,SUSPICIOUS,1
564.91,-1.4,0,1.0,0,0,1,21.8,0,89.1,0,1,0.96,21,0,NORMAL,0
2897.49,0.06,0,1.0,0,0,0,0.0,0,76.5,0,1,0.92,18,0,NORMAL,0
50.0,-1.72,0,1.0,0,0,0,14.4,0,79.4,0,1,0.91,10,0,NORMAL,0
1376.88,-0.89,0,1.0,0,0,1,8.4,0,78.0,0,1,0.93,21,0,NORMAL,0
35741.83,20.59,2,0.5,1,0,0,133.6,0,52.4,1,1,0.81,5,1,SUSPICIOUS,1
2914.01,0.07,0,1.0,0,0,1,0.0,0,75.3,0,1,0.96,17,0,NORMAL,0
1416.44,-0.86,0,1.0,0,0,1,0.0,0,97.1,0,1,0.9,21,0,NORMAL,0
3839.2,0.65,0,1.0,0,0,1,7.7,0,80.5,0,1,0.98,16,0,NORMAL,0
3918.43,0.7,0,1.0,0,0,0,10.1,0,90.5,0,1,0.91,21,0,NORMAL,0
3908.57,0.69,0,0.8,0,0,1,29.7,0,91.8,0,1,0.95,18,0,NORMAL,0
1209.16,-0.99,0,1.0,0,0,1,7.5,0,75.2,0,1,0.98,16,0,NORMAL,0
44876.45,26.3,1,0.5,1,0,1,86.9,0,68.6,1,1,0.85,17,0,SUSPICIOUS,1
3213.86,0.26,0,1.0,0,0,1,19.3,0,78.7,0,1,0.99,21,0,NORMAL,0
3044.84,0.15,0,1.0,0,0,1,6.9,0,79.4,0,1,0.94,13,0,NORMAL,0
2171.93,-0.39,0,1.0,1,0,1,28.8,0,77.0,0,1,0.96,11,0,NORMAL,0
2917.12,0.07,0,1.0,0,0,1,12.0,0,95.9,0,1,0.92,12,0,NORMAL,0
2432.55,-0.23,0,0.8,0,0,0,0.0,0,85.1,0,1,0.96,21,0,NORMAL,0
3378.26,0.36,0,1.0,0,0,1,27.2,0,99.0,0,1,0.96,16,0,NORMAL,0
4333.95,0.96,0,0.8,0,0,0,21.8,0,97.8,0,1,0.91,20,0,NORMAL,0
2208.48,-0.37,0,1.0,0,0,1,7.7,0,76.6,0,1,0.94,13,0,NORMAL,0
314.52,-1.55,0,1.0,0,0,1,49.9,0,91.2,0,1,0.94,18,0,NORMAL,0
3123.72,0.2,0,1.0,0,0,1,25.8,0,75.0,0,1,0.95,17,0,NORMAL,0
1656.51,-0.71,0,1.0,0,0,0,25.4,0,85.8,0,1,0.95,10,0,NORMAL,0
4185.48,0.87,0,1.0,0,0,1,35.0,0,80.8,0,1,0.92,9,0,NORMAL,0
1881.71,-0.57,0,1.0,0,0,0,36.9,0,96.7,0,1,0.97,18,0,NORMAL,0
1863.64,-0.59,0,1.0,0,0,0,35.1,0,85.0,0,1,0.92,18,0,NORMAL,0
3863.52,0.66,0,1.0,0,0,1,3.9,0,81.0,0,1,0.91,11,0,NORMAL,0
1361.97,-0.9,1,1.0,0,0,1,0.0,0,96.0,0,1,0.96,18,0,NORMAL,0
1327.07,-0.92,0,1.0,0,0,1,5.2,0,76.8,1,1,0.92,12,0,NORMAL,0
27966.52,15.73,1,0.8,2,0,0,210.4,0,51.4,0,2,0.8,16,0,SUSPICIOUS,1
47204.78,27.75,1,0.8,1,0,0,227.0,0,49.8,1,1,0.76,4,1,SUSPICIOUS,1
41368.13,24.11,1,0.5,1,0,1,139.5,0,50.6,1,1,0.75,0,1,SUSPICIOUS,1
2163.71,-0.4,1,1.0,0,0,1,0.0,0,99.5,0,1,0.97,18,0,NORMAL,0
5095.26,1.43,0,1.0,0,0,1,42.7,0,92.4,1,1,0.97,21,0,NORMAL,0
556.95,-1.4,0,1.0,0,0,1,41.4,0,78.3,0,1,0.92,18,0,NORMAL,0
3021.15,0.14,0,1.0,0,0,1,28.8,0,86.8,0,1,0.93,10,0,NORMAL,0
33573.24,19.23,2,0.8,1,0,0,244.6,0,52.2,1,1,0.73,23,1,SUSPICIOUS,1
3705.15,0.57,0,1.0,0,0,1,6.3,0,77.8,0,1,0.95,18,0,NORMAL,0
4405.41,1.0,0,1.0,0,0,1,17.4,0,97.9,0,1,0.93,9,0,NORMAL,0
2801.14,0.0,0,1.0,0,0,1,11.5,0,87.5,0,1,0.98,18,0,NORMAL,0
35594.25,20.5,1,0.5,1,0,0,325.6,0,62.1,1,2,0.76,10,0,SUSPICIOUS,1
3531.15,0.46,0,1.0,0,0,1,41.3,0,86.1,0,1,0.91,18,0,NORMAL,0
6414.12,2.26,0,1.0,0,0,1,1.4,0,89.9,0,1,0.9,12,0,NORMAL,0
2660.1,-0.09,0,1.0,0,0,1,26.0,0,81.3,0,1,0.91,20,0,NORMAL,0
587.3,-1.38,0,1.0,0,0,0,0.0,0,98.5,0,1,0.96,12,0,NORMAL,0
3443.51,0.4,0,1.0,0,0,1,11.5,0,96.1,0,1,0.93,16,0,NORMAL,0
2140.45,-0.41,1,1.0,0,0,1,33.3,0,79.5,0,1,0.91,15,0,NORMAL,0
3048.48,0.16,0,1.0,0,0,0,0.0,0,93.5,0,1,0.92,18,0,NORMAL,0
107482.92,65.43,2,0.2,3,1,0,3849.0,1,7.5,1,3,0.47,0,1,FRAUD,2
959.72,-1.15,0,1.0,1,0,1,21.9,0,98.1,0,1,0.95,16,0,NORMAL,0
2081.6,-0.45,0,1.0,0,0,1,14.8,0,93.2,0,1,0.92,12,0,NORMAL,0
5877.51,1.92,0,1.0,0,0,1,0.0,0,98.3,1,1,0.95,9,0,NORMAL,0
3045.68,0.15,0,1.0,0,0,1,17.9,0,90.6,0,1,0.93,16,0,NORMAL,0
106620.94,64.89,2,0.0,3,1,0,2416.4,1,6.9,1,2,0.48,1,1,FRAUD,2
5320.62,1.58,0,1.0,0,0,1,15.6,0,76.3,0,1,0.91,15,0,NORMAL,0
2030.67,-0.48,0,1.0,0,0,1,28.9,0,89.3,0,1,0.93,21,0,NORMAL,0
30783.94,17.49,1,0.5,2,0,0,156.8,0,60.5,1,1,0.76,22,0,SUSPICIOUS,1
1279.78,-0.95,0,1.0,0,0,1,11.0,0,82.9,0,1,0.95,18,0,NORMAL,0
2633.05,-0.1,0,1.0,0,0,0,22.9,0,89.4,0,1,0.95,20,0,NORMAL,0
29014.84,16.38,1,0.8,2,0,0,308.1,0,59.3,1,1,0.76,14,0,SUSPICIOUS,1
2538.84,-0.16,0,1.0,0,0,1,47.4,0,86.7,0,1,0.99,16,0,NORMAL,0
2580.9,-0.14,1,1.0,0,0,1,22.8,0,75.2,0,1,0.93,9,0,NORMAL,0
4175.34,0.86,0,1.0,0,0,0,16.6,0,93.8,1,1,0.96,22,0,NORMAL,0
5895.49,1.93,0,1.0,0,0,0,0.0,0,75.8,0,1,0.93,21,0,NORMAL,0
1231.35,-0.98,1,1.0,0,0,0,0.0,0,84.4,0,1,0.94,21,0,NORMAL,0
43521.73,25.45,1,0.5,1,0,0,116.0,0,52.3,0,2,0.74,1,1,SUSPICIOUS,1
2072.33,-0.45,0,1.0,0,0,0,0.0,0,78.8,0,1,0.96,14,0,NORMAL,0
3817.85,0.64,0,0.8,0,0,1,0.0,0,87.7,0,1,0.93,19,0,NORMAL,0
3209.95,0.26,0,1.0,0,0,1,24.7,0,86.9,0,1,0.99,14,0,NORMAL,0
1278.62,-0.95,0,1.0,0,0,1,11.4,0,79.0,0,1,0.97,13,0,NORMAL,0
4791.25,1.24,0,1.0,0,0,1,15.2,0,92.9,1,1,0.92,17,0,NORMAL,0
3535.65,0.46,0,0.8,0,0,1,11.5,0,97.3,0,1,0.96,20,0,NORMAL,0
1094.19,-1.07,1,1.0,0,0,1,16.2,0,76.2,0,1,0.92,12,0,NORMAL,0
2133.4,-0.42,0,1.0,0,0,0,13.7,0,85.8,0,1,0.94,18,0,NORMAL,0
2900.28,0.06,0,0.8,0,0,0,16.8,0,76.3,0,1,0.98,13,0,NORMAL,0
165.02,-1.65,0,1.0,1,0,1,27.1,0,89.5,0,1,0.91,21,0,NORMAL,0
1429.04,-0.86,0,1.0,1,0,0,0.0,0,83.4,0,1,0.98,9,0,NORMAL,0
3085.85,0.18,0,1.0,0,0,1,23.7,0,75.6,0,1,0.96,11,0,NORMAL,0
5981.33,1.99,0,1.0,1,0,0,60.6,0,87.5,0,1,0.92,11,0,NORMAL,0
1948.98,-0.53,0,1.0,0,0,1,9.7,0,75.3,0,1,0.9,17,0,NORMAL,0
5125.24,1.45,0,1.0,0,0,1,13.4,0,80.6,0,1,0.92,19,0,NORMAL,0
2886.96,0.05,0,1.0,0,0,1,0.0,0,96.8,0,1,0.94,22,0,NORMAL,0
1233.84,-0.98,0,1.0,0,0,1,9.1,0,90.0,0,1,0.95,22,0,NORMAL,0
49165.56,28.98,1,0.8,1,0,0,278.8,0,46.5,0,1,0.77,11,0,SUSPICIOUS,1
124004.41,75.75,2,0.2,6,1,0,4408.4,1,15.3,1,3,0.36,1,1,FRAUD,2
2233.36,-0.35,0,1.0,0,0,0,35.8,0,82.0,0,1,0.96,14,0,NORMAL,0
36508.23,21.07,1,0.8,2,0,0,173.9,0,63.6,1,1,0.76,16,0,SUSPICIOUS,1
4079.03,0.8,0,1.0,0,0,0,33.7,0,96.8,0,1,0.94,13,0,NORMAL,0
980.51,-1.14,0,1.0,0,0,1,0.0,0,84.0,0,1,0.93,11,0,NORMAL,0
1811.05,-0.62,1,1.0,0,0,0,4.5,0,95.4,1,1,0.98,15,0,NORMAL,0
80264.49,48.42,2,0.0,6,1,0,2789.9,1,16.4,1,3,0.29,4,1,FRAUD,2
3008.82,0.13,0,1.0,0,0,1,0.0,0,86.1,0,1,0.94,21,0,NORMAL,0
2827.93,0.02,0,1.0,0,0,1,0.0,0,98.2,0,1,0.96,19,0,NORMAL,0
3767.49,0.6,0,1.0,0,0,1,9.0,0,94.1,0,1,0.97,13,0,NORMAL,0
1724.02,-0.67,0,1.0,0,0,1,19.5,0,92.3,0,1,0.91,14,0,NORMAL,0
7748.23,3.09,0,1.0,0,0,1,0.0,0,78.2,0,1,0.96,22,0,NORMAL,0
2150.01,-0.41,0,0.8,0,0,1,2.7,0,92.8,0,1,0.97,21,0,NORMAL,0
29265.03,16.54,1,0.8,2,0,1,349.5,0,47.2,0,1,0.77,1,1,SUSPICIOUS,1
3579.69,0.49,0,1.0,0,0,0,36.4,0,97.8,0,1,0.9,11,0,NORMAL,0
3026.17,0.14,0,1.0,0,0,1,1.7,0,98.7,0,1,0.94,13,0,NORMAL,0
2690.98,-0.07,0,1.0,0,0,1,19.6,0,92.9,0,1,0.93,22,0,NORMAL,0
3486.61,0.43,1,0.8,0,0,0,0.7,0,93.4,0,1,0.95,14,0,NORMAL,0
46928.01,27.58,1,0.8,1,0,1,301.5,0,67.8,0,2,0.78,15,0,SUSPICIOUS,1
4573.37,1.11,0,1.0,0,0,1,31.1,0,98.7,0,1,0.91,14,0,NORMAL,0
4828.24,1.27,0,1.0,0,0,1,20.8,0,75.7,0,1,0.96,20,0,NORMAL,0
3875.77,0.67,0,1.0,0,0,1,21.4,0,94.0,0,1,0.91,18,0,NORMAL,0
5787.56,1.87,0,1.0,0,0,1,39.9,0,93.7,0,1,0.93,9,0,NORMAL,0
2038.63,-0.48,1,1.0,0,0,1,13.6,0,80.4,0,1,0.9,21,0,NORMAL,0
3473.12,0.42,0,0.8,0,0,1,3.4,0,80.8,0,1,0.96,19,0,NORMAL,0
37335.17,21.58,2,0.5,1,0,1,324.7,0,46.7,1,1,0.75,16,0,SUSPICIOUS,1
27586.88,15.49,2,0.5,1,1,0,335.3,0,65.3,1,1,0.76,21,0,SUSPICIOUS,1
3653.93,0.53,0,1.0,0,0,1,68.8,0,93.3,0,1,0.95,12,0,NORMAL,0
133932.41,81.96,2,0.2,3,1,0,2185.5,1,10.7,1,2,0.12,23,1,FRAUD,2
2715.03,-0.05,1,1.0,0,0,0,4.0,0,79.1,0,1,0.96,19,0,NORMAL,0
2046.84,-0.47,1,1.0,0,0,0,8.0,0,95.4,0,1,0.94,22,0,NORMAL,0
4510.63,1.07,1,0.8,0,0,0,0.0,0,93.4,0,1,0.91,17,0,NORMAL,0
663.92,-1.34,0,1.0,0,0,1,0.0,0,77.4,0,1,0.98,11,0,NORMAL,0
1365.87,-0.9,0,0.8,0,0,1,19.4,0,100.0,0,1,0.92,22,0,NORMAL,0
2463.18,-0.21,0,1.0,1,0,1,12.3,0,76.5,0,1,0.95,10,0,NORMAL,0
2081.91,-0.45,0,1.0,1,0,1,38.3,0,85.4,0,1,0.99,15,0,NORMAL,0
4820.39,1.26,0,1.0,0,0,1,32.5,0,76.6,0,1,0.99,17,0,NORMAL,0
1061.34,-1.09,0,1.0,0,0,1,15.0,0,96.5,0,1,0.94,9,0,NORMAL,0
35273.56,20.3,2,0.5,1,0,0,84.5,0,71.2,0,1,0.84,7,1,SUSPICIOUS,1
48977.11,28.86,1,0.5,1,0,0,266.2,0,73.4,1,1,0.8,17,0,SUSPICIOUS,1
5447.61,1.65,0,1.0,0,0,1,3.3,0,89.7,0,1,0.92,20,0,NORMAL,0
5739.58,1.84,0,1.0,0,0,1,44.4,0,92.5,0,1,0.98,21,0,NORMAL,0
103216.52,62.76,2,0.0,4,1,0,4196.2,1,25.0,1,3,0.42,2,1,FRAUD,2
1649.78,-0.72,0,1.0,0,0,1,19.1,0,87.2,1,1,0.96,11,0,NORMAL,0
1520.59,-0.8,0,1.0,0,0,1,10.0,0,79.1,0,1,0.98,11,0,NORMAL,0
71270.7,42.79,2,0.2,4,1,0,4443.7,1,21.7,1,2,0.36,2,1,FRAUD,2
3549.19,0.47,0,1.0,0,0,1,14.6,0,75.6,0,1,0.92,14,0,NORMAL,0
1140.69,-1.04,0,1.0,0,0,1,28.3,0,75.5,0,1,0.99,11,0,NORMAL,0
2329.44,-0.29,0,1.0,0,0,1,20.4,0,90.6,0,1,0.93,15,0,NORMAL,0
2902.17,0.06,0,1.0,0,0,1,0.0,0,83.5,0,1,0.97,10,0,NORMAL,0
3455.42,0.41,0,0.8,0,0,1,22.1,0,88.4,0,1,0.96,13,0,NORMAL,0
108282.34,65.93,2,0.0,3,1,0,901.2,1,19.2,1,4,0.4,4,1,FRAUD,2
4169.75,0.86,0,1.0,0,0,1,26.5,0,83.1,0,1,0.95,13,0,NORMAL,0
40327.91,23.45,1,0.5,1,0,1,148.4,0,69.1,1,2,0.8,23,1,SUSPICIOUS,1
2901.22,0.06,0,1.0,0,0,1,37.2,0,75.0,1,1,0.98,22,0,NORMAL,0
1944.39,-0.53,0,1.0,0,0,1,20.9,0,91.0,0,1,0.96,16,0,NORMAL,0
34627.65,19.89,1,0.8,1,0,0,202.4,0,70.6,1,1,0.74,22,0,SUSPICIOUS,1
2880.6,0.05,0,1.0,0,0,1,27.7,0,87.3,0,1,0.97,10,0,NORMAL,0
3011.76,0.13,1,0.8,0,0,1,20.1,0,88.9,1,1,0.97,19,0,NORMAL,0
2559.81,-0.15,0,1.0,0,0,1,0.0,0,88.8,0,1,0.94,10,0,NORMAL,0
1466.85,-0.83,0,1.0,0,0,1,3.3,0,91.6,0,1,0.94,15,0,NORMAL,0
577.8,-1.39,0,1.0,0,0,1,21.0,0,96.9,0,1,0.97,16,0,NORMAL,0
1234.95,-0.98,0,1.0,0,0,1,0.0,0,89.6,0,1,0.93,12,0,NORMAL,0
4277.61,0.92,0,0.8,0,0,1,0.0,0,76.3,0,1,0.9,19,0,NORMAL,0
44668.08,26.17,1,0.8,1,0,0,284.2,0,61.2,0,1,0.72,3,1,SUSPICIOUS,1
50.0,-1.72,1,1.0,0,0,1,62.1,0,77.4,0,1,0.94,17,0,NORMAL,0
112179.43,68.36,2,0.0,7,1,0,3495.5,1,17.6,1,3,0.19,1,1,FRAUD,2
3009.1,0.13,0,1.0,0,0,1,12.2,0,81.4,0,1,0.94,11,0,NORMAL,0
661.95,-1.34,0,1.0,0,0,1,35.2,0,97.1,0,1,0.98,20,0,NORMAL,0
4189.86,0.87,0,1.0,1,0,1,0.0,0,95.1,0,1,0.93,14,0,NORMAL,0
2885.67,0.05,0,1.0,0,0,1,34.4,0,82.9,0,1,0.96,14,0,NORMAL,0
98.39,-1.69,0,1.0,0,0,1,0.0,0,84.3,0,1,0.97,16,0,NORMAL,0
1500.93,-0.81,0,1.0,1,0,1,9.5,0,84.8,0,1,0.98,11,0,NORMAL,0
3320.27,0.33,0,1.0,0,0,1,13.4,0,91.6,0,1,0.92,11,0,NORMAL,0
3739.83,0.59,0,1.0,0,0,1,43.3,0,86.6,0,1,0.93,16,0,NORMAL,0
2109.83,-0.43,1,1.0,1,0,0,12.9,0,86.8,0,1,0.92,10,0,NORMAL,0
37521.92,21.7,2,0.8,1,0,0,330.7,0,47.0,1,1,0.82,4,1,SUSPICIOUS,1
4513.64,1.07,0,1.0,0,0,1,21.5,0,84.6,0,1,0.91,9,0,NORMAL,0
2717.56,-0.05,0,1.0,1,0,1,25.1,0,96.7,0,1,0.93,15,0,NORMAL,0
2665.35,-0.08,0,1.0,0,0,1,14.6,0,89.1,0,1,0.9,10,0,NORMAL,0
1982.88,-0.51,0,1.0,0,0,1,37.8,0,98.3,0,1,0.95,13,0,NORMAL,0
4629.88,1.14,0,1.0,0,0,1,35.4,0,91.7,0,1,0.96,18,0,NORMAL,0
3938.26,0.71,0,1.0,0,0,1,77.3,0,86.5,0,1,0.92,21,0,NORMAL,0
4655.62,1.16,0,1.0,0,0,1,25.3,0,81.7,1,1,0.92,15,0,NORMAL,0
4059.72,0.79,1,1.0,0,0,0,17.6,0,91.8,0,1,0.94,9,0,NORMAL,0
618.63,-1.36,0,1.0,0,0,1,29.5,0,97.9,0,1,0.92,22,0,NORMAL,0
3171.98,0.23,0,1.0,0,0,1,33.0,0,90.7,0,1,0.97,13,0,NORMAL,0
35669.76,20.54,2,0.5,1,0,0,231.6,0,70.5,1,2,0.78,17,0,SUSPICIOUS,1
26494.06,14.81,2,0.8,1,0,1,92.9,0,55.6,1,1,0.74,9,0,SUSPICIOUS,1
44373.21,25.98,2,0.5,1,1,0,170.8,0,62.6,0,1,0.77,19,0,SUSPICIOUS,1
5269.92,1.54,0,1.0,0,0,1,16.7,0,88.2,0,1,0.9,19,0,NORMAL,0
2159.23,-0.4,1,1.0,0,0,1,8.2,0,90.1,0,1,0.91,14,0,NORMAL,0
572.87,-1.39,0,1.0,0,0,1,49.1,0,98.7,0,1,0.97,10,0,NORMAL,0
33915.22,19.45,1,0.5,2,0,0,295.0,0,61.4,1,1,0.82,7,1,SUSPICIOUS,1
3194.75,0.25,0,1.0,0,0,1,0.0,0,87.3,1,1,0.93,15,0,NORMAL,0
2358.98,-0.28,0,1.0,0,0,1,12.2,0,97.3,0,1,0.91,18,0,NORMAL,0
2362.03,-0.27,0,1.0,0,0,0,14.7,0,96.4,0,1,0.9,9,0,NORMAL,0
44977.05,26.36,1,0.8,2,0,1,122.0,0,51.8,0,1,0.74,12,0,SUSPICIOUS,1
43244.26,25.28,2,0.8,1,1,0,111.2,0,54.8,0,2,0.86,10,0,SUSPICIOUS,1
36498.55,21.06,2,0.8,2,1,0,213.6,0,47.6,1,1,0.73,10,0,SUSPICIOUS,1
6881.88,2.55,0,1.0,0,0,1,28.0,0,76.3,0,1,0.99,13,0,NORMAL,0
423.08,-1.49,0,1.0,0,0,1,48.2,0,91.4,0,1,0.97,15,0,NORMAL,0
3149.85,0.22,1,1.0,0,0,1,6.1,0,97.0,1,1,0.97,20,0,NORMAL,0
50.0,-1.72,0,1.0,0,0,1,0.0,0,79.4,0,1,0.96,9,0,NORMAL,0
1862.55,-0.59,0,0.8,0,0,1,8.0,0,89.9,0,1,0.97,17,0,NORMAL,0
4005.49,0.75,1,1.0,0,0,1,3.6,0,90.1,0,1,0.96,10,0,NORMAL,0
1977.76,-0.51,0,1.0,0,0,1,0.0,0,87.1,0,1,0.97,12,0,NORMAL,0
2470.42,-0.21,0,1.0,0,0,1,3.6,0,98.2,1,1,0.91,17,0,NORMAL,0
39684.25,23.05,1,0.8,2,0,0,321.6,0,53.0,1,2,0.87,14,0,SUSPICIOUS,1
35773.53,20.61,1,0.8,1,0,0,220.7,0,49.5,0,1,0.81,23,1,SUSPICIOUS,1
4804.07,1.25,1,1.0,0,0,1,0.0,0,78.8,0,1,0.93,22,0,NORMAL,0
26041.1,14.53,2,0.8,1,0,1,91.7,0,52.8,1,1,0.7,4,1,SUSPICIOUS,1
235.35,-1.6,0,1.0,0,0,1,0.0,0,85.4,0,1,0.93,18,0,NORMAL,0
852.97,-1.22,0,1.0,0,0,1,42.3,0,84.5,0,1,0.94,9,0,NORMAL,0
1362.97,-0.9,0,1.0,0,0,1,0.0,0,80.5,0,1,0.9,14,0,NORMAL,0
399.25,-1.5,0,1.0,0,0,1,8.1,0,85.7,0,1,0.91,22,0,NORMAL,0
4607.45,1.13,0,1.0,0,0,1,18.1,0,78.9,0,1,0.96,21,0,NORMAL,0
4534.72,1.08,0,0.8,0,0,1,19.2,0,99.8,0,1,0.93,14,0,NORMAL,0
860.77,-1.21,1,1.0,0,0,0,21.5,0,86.6,0,1,0.95,20,0,NORMAL,0
4258.93,0.91,1,0.8,0,0,0,1.6,0,83.2,0,1,0.98,22,0,NORMAL,0
4799.25,1.25,0,1.0,0,0,1,23.4,0,78.5,0,1,0.95,12,0,NORMAL,0
4982.35,1.36,1,1.0,0,0,1,5.2,0,83.3,0,1,0.91,13,0,NORMAL,0
1794.42,-0.63,0,1.0,0,0,1,9.1,0,86.6,0,1,0.97,17,0,NORMAL,0
812.41,-1.24,0,1.0,0,0,1,0.0,0,86.9,0,1,0.92,14,0,NORMAL,0
113785.19,69.37,2,0.0,6,1,0,2749.2,1,29.4,1,4,0.2,1,1,FRAUD,2
1093.31,-1.07,1,1.0,0,0,1,16.0,0,83.1,1,1,0.93,11,0,NORMAL,0
1074.85,-1.08,1,0.8,0,0,1,22.5,0,77.1,1,1,0.92,18,0,NORMAL,0
50.0,-1.72,1,1.0,0,0,1,18.9,0,90.1,0,1,0.95,22,0,NORMAL,0
116623.22,71.14,2,0.2,3,1,0,4345.8,1,6.9,1,3,0.24,4,1,FRAUD,2
1464.36,-0.83,0,1.0,0,0,1,5.7,0,83.2,0,1,0.94,14,0,NORMAL,0
1577.3,-0.76,0,1.0,0,0,1,32.5,0,98.6,1,1,0.92,21,0,NORMAL,0
37071.37,21.42,2,0.8,1,1,1,210.5,0,48.3,0,2,0.8,18,0,SUSPICIOUS,1
40721.83,23.7,2,0.5,1,0,1,181.8,0,72.1,0,1,0.88,20,0,SUSPICIOUS,1
2135.72,-0.42,1,1.0,0,0,0,0.0,0,76.2,0,1,0.95,12,0,NORMAL,0
933.58,-1.17,0,1.0,0,0,1,45.9,0,87.8,0,1,0.9,9,0,NORMAL,0
4544.29,1.09,0,1.0,0,0,0,0.0,0,91.8,0,1,0.95,9,0,NORMAL,0
28675.37,16.17,2,0.5,2,0,1,105.1,0,59.0,1,1,0.78,16,0,SUSPICIOUS,1
2865.75,0.04,0,0.8,0,0,1,27.0,0,78.2,0,1,0.93,22,0,NORMAL,0
5787.82,1.87,0,1.0,0,0,1,35.2,0,83.8,0,1,0.96,14,0,NORMAL,0
2026.21,-0.48,0,1.0,0,0,1,31.8,0,98.7,0,1,0.92,14,0,NORMAL,0
2461.15,-0.21,0,1.0,0,0,1,32.6,0,91.5,0,1,0.93,11,0,NORMAL,0
3782.58,0.61,0,1.0,0,0,1,0.0,0,95.1,0,1,0.92,15,0,NORMAL,0
4000.4,0.75,0,1.0,0,0,1,0.0,0,76.9,0,1,0.96,16,0,NORMAL,0
828.11,-1.23,0,1.0,0,0,1,34.0,0,81.6,0,1,0.95,12,0,NORMAL,0
3064.98,0.17,0,0.8,0,0,1,67.1,0,94.6,0,1,0.91,19,0,NORMAL,0
38181.38,22.11,2,0.8,1,0,1,146.7,0,72.0,1,2,0.8,11,0,SUSPICIOUS,1
1547.22,-0.78,0,1.0,0,0,0,56.9,0,88.0,0,1,0.9,22,0,NORMAL,0
642.92,-1.35,0,1.0,0,0,1,15.3,0,83.4,0,1,0.94,20,0,NORMAL,0
2935.42,0.08,0,1.0,0,0,0,6.2,0,87.0,0,1,0.94,20,0,NORMAL,0
4257.38,0.91,0,1.0,1,0,1,5.3,0,100.0,1,1,0.92,15,0,NORMAL,0
3577.87,0.49,0,1.0,0,0,1,8.5,0,79.8,0,1,0.98,12,0,NORMAL,0
3232.09,0.27,0,1.0,0,0,1,7.3,0,94.1,0,1,0.94,10,0,NORMAL,0
85440.06,51.65,2,0.0,4,1,0,4199.8,1,9.9,1,4,0.43,1,1,FRAUD,2
71931.67,43.21,2,0.0,6,1,0,1019.4,1,20.6,1,3,0.5,5,1,FRAUD,2
4933.42,1.33,0,0.8,0,0,1,26.6,0,95.6,0,1,0.94,12,0,NORMAL,0
2420.85,-0.24,1,1.0,0,0,1,17.6,0,90.6,0,1,0.97,18,0,NORMAL,0
4416.44,1.01,0,1.0,0,0,1,14.1,0,99.8,0,1,0.92,18,0,NORMAL,0
2551.41,-0.16,0,1.0,0,0,1,0.0,0,81.4,1,1,0.91,10,0,NORMAL,0
3521.74,0.45,0,1.0,0,0,0,5.7,0,98.7,0,1,0.91,18,0,NORMAL,0
2408.35,-0.24,0,1.0,0,0,1,24.8,0,98.6,1,1,0.98,21,0,NORMAL,0
3330.64,0.33,0,1.0,0,0,0,0.0,0,98.7,0,1,0.91,21,0,NORMAL,0
82966.4,50.1,2,0.0,4,1,0,1251.6,1,28.7,1,3,0.1,4,1,FRAUD,2
3769.63,0.61,0,1.0,0,0,1,8.3,0,93.8,1,1,0.97,15,0,NORMAL,0
4239.86,0.9,0,1.0,0,0,1,25.8,0,83.1,0,1,0.97,22,0,NORMAL,0
33016.57,18.89,1,0.8,1,0,0,149.2,0,50.7,1,1,0.85,21,0,SUSPICIOUS,1
2686.7,-0.07,0,1.0,0,0,1,2.7,0,78.7,0,1,0.91,9,0,NORMAL,0
3140.51,0.21,0,1.0,0,0,1,8.3,0,90.6,0,1,0.95,9,0,NORMAL,0
145484.63,89.18,2,0.0,6,1,0,3486.7,1,6.9,1,2,0.32,1,1,FRAUD,2
74266.82,44.67,2,0.0,7,1,0,4376.7,1,25.0,1,3,0.23,4,1,FRAUD,2
26014.64,14.51,2,0.5,1,0,0,341.1,0,60.8,1,1,0.71,21,0,SUSPICIOUS,1
2230.91,-0.36,1,1.0,0,0,1,0.0,0,80.2,0,1,0.97,21,0,NORMAL,0
3292.82,0.31,0,1.0,0,0,1,0.0,0,83.8,0,1,0.9,19,0,NORMAL,0
4863.3,1.29,0,1.0,0,0,1,15.7,0,90.5,0,1,0.97,19,0,NORMAL,0
2792.31,-0.0,0,1.0,0,0,0,3.1,0,98.6,0,1,0.98,16,0,NORMAL,0
976.58,-1.14,0,1.0,0,0,0,47.1,0,87.9,0,1,0.96,18,0,NORMAL,0
3150.34,0.22,0,1.0,0,0,1,0.0,0,89.7,0,1,0.94,16,0,NORMAL,0
3233.95,0.27,0,1.0,0,0,1,38.2,0,83.7,0,1,0.91,22,0,NORMAL,0
5411.27,1.63,0,1.0,0,0,1,23.2,0,82.5,0,1,0.91,14,0,NORMAL,0
835.71,-1.23,0,0.8,0,0,1,3.2,0,85.6,0,1,0.92,13,0,NORMAL,0
4069.77,0.79,0,1.0,0,0,1,23.2,0,86.1,0,1,0.96,12,0,NORMAL,0
1537.84,-0.79,0,1.0,0,0,1,9.8,0,86.5,0,1,0.92,20,0,NORMAL,0
38011.4,22.01,2,0.8,1,1,1,201.7,0,67.6,1,1,0.86,8,0,SUSPICIOUS,1
1492.15,-0.82,0,1.0,0,0,1,21.4,0,96.8,1,1,0.95,9,0,NORMAL,0
88843.82,53.78,2,0.0,3,1,0,4185.4,1,14.2,1,3,0.27,0,1,FRAUD,2
45825.16,26.89,2,0.8,1,0,0,237.3,0,66.0,1,1,0.8,12,0,SUSPICIOUS,1
1370.01,-0.89,0,1.0,0,0,1,7.2,0,85.5,1,1,0.95,20,0,NORMAL,0
137286.82,84.05,2,0.0,6,1,0,3993.1,1,7.0,1,2,0.48,3,1,FRAUD,2
96437.39,58.52,2,0.0,7,1,0,1306.6,1,8.2,1,3,0.53,3,1,FRAUD,2
3054.11,0.16,0,1.0,0,0,0,34.8,0,94.2,0,1,0.93,18,0,NORMAL,0
2964.67,0.1,0,1.0,0,0,1,0.0,0,89.6,0,1,0.96,15,0,NORMAL,0
4567.9,1.1,0,1.0,0,0,1,7.4,0,79.9,0,1,0.97,17,0,NORMAL,0
3014.92,0.13,1,1.0,0,0,1,2.0,0,81.3,0,1,0.96,11,0,NORMAL,0
4668.18,1.17,0,1.0,0,0,1,15.0,0,80.8,0,1,0.97,22,0,NORMAL,0
3340.73,0.34,0,1.0,0,0,1,3.2,0,95.5,0,1,0.93,12,0,NORMAL,0
1144.3,-1.03,0,1.0,0,0,1,36.2,0,90.8,0,1,0.93,14,0,NORMAL,0
2950.85,0.09,0,1.0,0,0,1,0.0,0,76.9,0,1,0.98,19,0,NORMAL,0
49939.56,29.46,2,0.5,1,0,1,162.2,0,50.3,1,1,0.87,6,1,SUSPICIOUS,1
402.61,-1.5,0,1.0,0,0,0,37.9,0,84.9,0,1,0.94,20,0,NORMAL,0
2706.05,-0.06,1,1.0,0,0,1,23.9,0,87.8,0,1,0.98,17,0,NORMAL,0
3102.68,0.19,0,1.0,0,0,1,0.0,0,97.1,1,1,0.91,21,0,NORMAL,0
2730.35,-0.04,0,1.0,0,0,1,6.7,0,92.2,0,1,0.92,17,0,NORMAL,0
3069.13,0.17,0,1.0,0,0,1,34.0,0,93.0,0,1,0.98,15,0,NORMAL,0
2803.16,0.0,0,1.0,0,0,1,45.7,0,96.8,0,1,0.97,21,0,NORMAL,0
3999.05,0.75,0,1.0,0,0,0,15.4,0,79.3,0,1,0.95,11,0,NORMAL,0
4018.68,0.76,0,1.0,0,0,1,31.5,0,97.0,0,1,0.95,9,0,NORMAL,0
5531.73,1.71,0,1.0,1,0,1,0.0,0,91.1,0,1,0.9,12,0,NORMAL,0
2785.3,-0.01,0,1.0,0,0,1,10.6,0,82.0,0,1,0.9,15,0,NORMAL,0
2583.16,-0.14,1,1.0,0,0,1,30.4,0,93.7,1,1,0.91,15,0,NORMAL,0
2915.45,0.07,0,1.0,0,0,1,29.8,0,77.2,0,1,0.98,19,0,NORMAL,0
916.41,-1.18,0,1.0,0,0,0,20.6,0,84.4,0,1,0.9,21,0,NORMAL,0
1273.78,-0.95,0,1.0,0,0,1,24.1,0,93.7,0,1,0.98,14,0,NORMAL,0
3896.14,0.69,1,0.8,0,0,1,17.4,0,96.0,0,1,0.93,14,0,NORMAL,0
1516.48,-0.8,0,1.0,0,0,1,0.0,0,97.4,0,1,0.94,16,0,NORMAL,0
592.7,-1.38,0,1.0,0,0,1,32.9,0,92.0,0,1,0.92,9,0,NORMAL,0
4864.88,1.29,0,0.8,0,0,1,32.3,0,81.6,0,1,0.91,17,0,NORMAL,0
1200.2,-1.0,1,1.0,0,0,1,0.0,0,81.0,0,1,0.96,10,0,NORMAL,0
2947.8,0.09,0,0.8,0,0,1,0.0,0,83.9,0,1,0.94,18,0,NORMAL,0
2383.84,-0.26,0,1.0,0,0,1,0.0,0,75.9,0,1,0.96,11,0,NORMAL,0
1310.58,-0.93,1,1.0,0,0,1,45.5,0,86.6,0,1,0.96,11,0,NORMAL,0
25833.08,14.4,2,0.8,1,0,1,218.3,0,49.1,1,1,0.83,10,0,SUSPICIOUS,1
1916.38,-0.55,0,1.0,0,0,1,0.0,0,98.5,0,1,0.95,22,0,NORMAL,0
449.7,-1.47,0,1.0,0,0,1,8.2,0,87.8,0,1,0.94,11,0,NORMAL,0
231.65,-1.61,0,1.0,0,0,1,0.0,0,86.0,0,1,0.98,21,0,NORMAL,0
95919.84,58.2,2,0.0,5,1,0,2956.1,1,10.5,1,2,0.46,3,1,FRAUD,2
1013.92,-1.12,0,1.0,0,0,1,0.0,0,93.3,0,1,0.96,9,0,NORMAL,0
1590.48,-0.76,0,1.0,0,0,1,22.2,0,79.5,0,1,0.98,12,0,NORMAL,0
3229.26,0.27,0,1.0,0,0,1,0.0,0,99.4,0,1,0.94,11,0,NORMAL,0
50.0,-1.72,0,1.0,0,0,0,36.9,0,79.1,0,1,0.91,22,0,NORMAL,0
131078.56,80.17,2,0.0,4,1,0,4318.3,1,6.6,1,3,0.13,2,1,FRAUD,2
47844.13,28.15,2,0.5,1,0,0,150.5,0,74.5,1,1,0.7,18,0,SUSPICIOUS,1
49566.31,29.23,2,0.8,2,0,0,328.9,0,67.7,1,1,0.74,2,1,SUSPICIOUS,1
2290.21,-0.32,0,1.0,0,0,1,0.0,0,96.0,0,1,0.92,20,0,NORMAL,0
3655.04,0.53,0,1.0,0,0,1,16.4,0,93.4,0,1,0.93,9,0,NORMAL,0
111162.5,67.73,2,0.2,6,1,0,1789.4,1,22.3,1,2,0.48,3,1,FRAUD,2
34970.54,20.11,1,0.8,1,1,0,275.2,0,51.2,0,1,0.81,8,0,SUSPICIOUS,1
4713.56,1.2,0,1.0,0,0,1,8.1,0,91.1,0,1,0.91,13,0,NORMAL,0
3905.46,0.69,0,0.8,1,0,1,6.1,0,76.0,0,1,0.94,22,0,NORMAL,0
31784.7,18.12,1,0.5,1,0,1,326.1,0,64.6,1,1,0.73,4,1,SUSPICIOUS,1
6144.85,2.09,0,0.8,0,0,0,31.4,0,75.4,0,1,0.93,9,0,NORMAL,0
1965.35,-0.52,0,1.0,0,0,1,7.7,0,88.9,0,1,0.95,18,0,NORMAL,0
1486.59,-0.82,0,1.0,0,0,1,6.5,0,98.8,0,1,0.9,12,0,NORMAL,0
720.15,-1.3,0,1.0,0,0,0,2.7,0,85.2,0,1,0.91,12,0,NORMAL,0
49706.55,29.32,1,0.8,2,0,0,213.6,0,67.3,1,1,0.76,10,0,SUSPICIOUS,1
50.0,-1.72,0,1.0,0,0,1,10.8,0,94.8,1,1,0.96,15,0,NORMAL,0
2214.92,-0.37,0,1.0,1,0,1,25.1,0,92.0,0,1,0.94,17,0,NORMAL,0
4366.02,0.98,0,1.0,0,0,1,10.0,0,92.7,0,1,0.93,19,0,NORMAL,0
3164.43,0.23,0,1.0,0,0,1,0.0,0,79.5,0,1,0.93,19,0,NORMAL,0
1625.1,-0.73,0,1.0,0,0,1,68.2,0,75.5,0,1,0.91,21,0,NORMAL,0
3608.54,0.51,0,1.0,0,0,1,25.6,0,80.9,0,1,0.9,17,0,NORMAL,0
32367.87,18.48,1,0.8,1,1,0,135.3,0,55.0,1,1,0.73,17,0,SUSPICIOUS,1
1968.36,-0.52,0,1.0,0,0,1,0.0,0,76.6,0,1,0.94,10,0,NORMAL,0
5054.69,1.41,0,0.8,0,0,0,5.3,0,95.3,1,1,0.98,21,0,NORMAL,0
3006.99,0.13,0,1.0,0,0,1,0.0,0,96.8,0,1,0.91,11,0,NORMAL,0
3271.98,0.29,1,1.0,0,0,1,0.0,0,82.8,0,1,0.93,22,0,NORMAL,0
3383.13,0.36,0,1.0,0,0,1,10.6,0,91.5,0,1,0.94,13,0,NORMAL,0
2353.59,-0.28,0,1.0,0,0,1,17.0,0,80.1,0,1,0.99,16,0,NORMAL,0
2191.22,-0.38,0,1.0,0,0,0,0.0,0,75.9,0,1,0.95,20,0,NORMAL,0
5281.99,1.55,0,1.0,0,0,1,32.6,0,88.0,0,1,0.95,9,0,NORMAL,0
4232.84,0.9,0,1.0,0,0,1,0.0,0,87.8,1,1,0.96,20,0,NORMAL,0
4805.86,1.25,0,0.8,0,0,1,16.6,0,75.5,0,1,0.95,14,0,NORMAL,0
1973.42,-0.52,0,1.0,0,0,1,0.0,0,75.7,0,1,0.94,15,0,NORMAL,0
1950.77,-0.53,0,1.0,0,0,1,0.0,0,92.6,0,1,0.98,22,0,NORMAL,0
1153.75,-1.03,0,1.0,0,0,1,11.1,0,83.4,0,1,0.95,20,0,NORMAL,0
3788.94,0.62,0,1.0,1,0,1,22.7,0,87.2,0,1,0.98,11,0,NORMAL,0
1756.94,-0.65,0,1.0,0,0,1,15.9,0,86.3,0,1,0.97,14,0,NORMAL,0
137667.39,84.29,2,0.0,5,1,0,1420.6,1,15.9,1,3,0.43,2,1,FRAUD,2
1141.23,-1.04,0,1.0,0,0,1,0.0,0,89.7,0,1,0.97,20,0,NORMAL,0
1113.89,-1.05,0,0.8,0,0,0,35.5,0,93.7,0,1,0.91,12,0,NORMAL,0
4602.16,1.13,1,1.0,0,0,1,11.9,0,88.5,0,1,0.92,15,0,NORMAL,0
50.0,-1.72,1,1.0,0,0,0,21.3,0,97.2,0,1,0.91,17,0,NORMAL,0
290.97,-1.57,0,1.0,0,0,1,24.1,0,77.9,1,1,0.93,9,0,NORMAL,0
2766.61,-0.02,0,1.0,0,0,1,0.0,0,91.7,0,1,0.97,21,0,NORMAL,0
812.51,-1.24,0,1.0,0,0,1,8.5,0,94.6,0,1,0.91,11,0,NORMAL,0
769.13,-1.27,1,1.0,1,0,0,45.7,0,81.8,0,1,0.99,22,0,NORMAL,0
4254.56,0.91,1,1.0,0,0,1,0.0,0,76.3,1,1,0.96,22,0,NORMAL,0
4904.15,1.32,1,1.0,0,0,0,40.7,0,98.3,0,1,0.97,15,0,NORMAL,0
2151.85,-0.41,0,1.0,0,0,1,29.0,0,96.7,0,1,0.95,18,0,NORMAL,0
4425.38,1.02,0,1.0,1,0,0,28.5,0,97.1,0,1,0.98,15,0,NORMAL,0
2670.99,-0.08,0,1.0,0,0,1,31.0,0,85.7,0,1,0.9,17,0,NORMAL,0
5331.97,1.58,1,1.0,0,0,1,0.0,0,89.4,0,1,0.92,22,0,NORMAL,0
36769.06,21.23,2,0.8,1,1,1,187.5,0,60.4,1,1,0.77,11,0,SUSPICIOUS,1
146366.35,89.73,2,0.2,3,1,0,2358.2,1,15.1,1,3,0.13,23,1,FRAUD,2
4108.41,0.82,0,0.8,0,0,1,0.0,0,82.3,0,1,0.94,13,0,NORMAL,0
1658.44,-0.71,0,1.0,0,0,0,0.0,0,76.7,0,1,0.92,13,0,NORMAL,0
1953.86,-0.53,0,1.0,0,0,1,6.2,0,78.4,0,1,0.97,11,0,NORMAL,0
25238.47,14.02,1,0.5,2,0,0,173.9,0,60.6,1,1,0.84,22,0,SUSPICIOUS,1
46984.92,27.62,1,0.5,1,0,0,179.8,0,54.9,1,1,0.87,13,0,SUSPICIOUS,1
146249.49,89.66,2,0.2,7,1,0,1223.1,1,26.1,1,3,0.54,1,1,FRAUD,2
361.36,-1.52,1,1.0,0,0,1,29.3,0,80.5,0,1,0.94,22,0,NORMAL,0
38892.62,22.56,2,0.8,2,0,0,192.9,0,61.4,1,1,0.76,15,0,SUSPICIOUS,1
1343.48,-0.91,0,1.0,0,0,1,28.9,0,84.3,0,1,0.95,15,0,NORMAL,0
2767.25,-0.02,1,1.0,0,0,0,27.5,0,99.0,0,1,0.92,15,0,NORMAL,0
2788.36,-0.01,0,1.0,0,0,1,0.0,0,92.7,0,1,0.91,12,0,NORMAL,0
148849.3,91.28,2,0.0,3,1,0,2079.8,1,19.6,1,3,0.14,4,1,FRAUD,2
2092.87,-0.44,0,1.0,0,0,1,15.4,0,84.4,0,1,0.98,20,0,NORMAL,0
1007.33,-1.12,0,1.0,0,0,1,0.0,0,76.7,0,1,0.97,20,0,NORMAL,0
3629.35,0.52,0,1.0,0,0,1,29.2,0,97.5,0,1,0.96,10,0,NORMAL,0
4385.53,0.99,0,1.0,0,0,1,9.0,0,82.1,0,1,0.97,16,0,NORMAL,0
3099.18,0.19,0,1.0,0,0,1,14.1,0,90.0,0,1,0.94,10,0,NORMAL,0
2941.45,0.09,0,1.0,0,0,1,7.9,0,93.7,0,1,0.97,20,0,NORMAL,0
136915.57,83.82,2,0.2,3,1,0,2374.4,1,23.4,1,2,0.46,23,1,FRAUD,2
29109.82,16.44,2,0.5,1,0,0,148.8,0,52.9,1,1,0.88,20,0,SUSPICIOUS,1
2272.96,-0.33,0,1.0,0,0,1,3.4,0,79.1,0,1,0.94,15,0,NORMAL,0
2144.92,-0.41,0,1.0,0,0,1,19.6,0,92.9,0,1,0.94,10,0,NORMAL,0
834.43,-1.23,0,1.0,0,0,1,13.8,0,88.8,0,1,0.93,22,0,NORMAL,0
2112.58,-0.43,0,1.0,0,0,1,0.0,0,89.7,0,1,0.95,11,0,NORMAL,0
464.95,-1.46,1,1.0,0,0,1,33.7,0,84.6,0,1,0.98,13,0,NORMAL,0
5356.65,1.6,0,0.8,0,0,1,2.1,0,89.6,1,1,0.9,12,0,NORMAL,0
2490.0,-0.19,0,1.0,0,0,1,15.5,0,99.8,0,1,0.91,9,0,NORMAL,0
1094.35,-1.07,0,1.0,0,0,1,14.0,0,87.6,0,1,0.98,14,0,NORMAL,0
43090.24,25.18,2,0.8,1,0,1,273.4,0,51.7,0,2,0.81,10,0,SUSPICIOUS,1
998.22,-1.13,0,1.0,0,0,1,0.0,0,83.0,0,1,0.96,14,0,NORMAL,0
50.0,-1.72,0,1.0,0,0,1,0.0,0,82.5,0,1,0.95,16,0,NORMAL,0
3943.59,0.71,0,1.0,0,0,1,10.3,0,91.0,0,1,0.95,18,0,NORMAL,0
2402.33,-0.25,1,1.0,0,0,1,19.6,0,96.6,0,1,0.96,17,0,NORMAL,0
5394.64,1.62,0,1.0,1,0,1,47.7,0,80.7,0,1,0.96,10,0,NORMAL,0
285.73,-1.57,0,1.0,0,0,0,0.0,0,82.6,0,1,0.97,21,0,NORMAL,0
192.43,-1.63,0,1.0,0,0,1,26.1,0,83.1,0,1,0.98,10,0,NORMAL,0
1816.4,-0.61,0,1.0,1,0,1,26.4,0,95.1,0,1,0.92,14,0,NORMAL,0
3177.96,0.24,0,1.0,0,0,1,0.0,0,83.2,0,1,0.96,20,0,NORMAL,0
4031.74,0.77,0,1.0,0,0,1,29.6,0,95.9,0,1,0.95,11,0,NORMAL,0
1845.07,-0.6,0,1.0,0,0,1,0.0,0,99.4,0,1,0.98,13,0,NORMAL,0
4125.69,0.83,1,1.0,0,0,1,0.0,0,79.0,0,1,0.97,16,0,NORMAL,0
2447.97,-0.22,0,1.0,0,0,1,12.5,0,81.8,0,1,0.94,12,0,NORMAL,0
2835.55,0.02,0,1.0,0,0,1,36.7,0,82.0,0,1,0.95,21,0,NORMAL,0
1891.33,-0.57,0,1.0,0,0,1,21.4,0,82.9,1,1,0.92,20,0,NORMAL,0
7751.73,3.09,0,0.8,0,0,1,0.0,0,77.8,0,1,0.99,9,0,NORMAL,0
3001.02,0.13,0,1.0,0,0,1,20.3,0,93.5,0,1,0.92,14,0,NORMAL,0
1997.65,-0.5,0,1.0,0,0,1,15.1,0,87.9,0,1,0.97,20,0,NORMAL,0
1397.28,-0.88,0,1.0,0,0,1,28.2,0,83.2,0,1,0.94,13,0,NORMAL,0
26034.36,14.52,1,0.8,1,0,1,112.4,0,58.5,1,2,0.8,1,1,SUSPICIOUS,1
1778.54,-0.64,0,1.0,0,0,1,36.2,0,95.3,0,1,0.96,15,0,NORMAL,0
1811.69,-0.62,0,1.0,0,0,1,29.3,0,91.1,0,1,0.92,21,0,NORMAL,0
3995.91,0.75,0,0.8,0,0,1,21.0,0,92.7,1,1,0.92,13,0,NORMAL,0
981.97,-1.14,0,1.0,0,0,1,31.4,0,84.0,1,1,0.95,18,0,NORMAL,0
106032.08,64.52,2,0.0,5,1,0,2382.5,1,17.7,1,2,0.48,23,1,FRAUD,2
1006.64,-1.12,0,1.0,0,0,0,14.8,0,90.1,0,1,0.94,17,0,NORMAL,0
2487.14,-0.2,0,1.0,0,0,1,25.2,0,83.7,0,1,0.92,22,0,NORMAL,0
25797.12,14.37,1,0.8,1,0,1,232.0,0,45.2,1,1,0.72,16,0,SUSPICIOUS,1
3166.36,0.23,0,1.0,1,0,1,14.6,0,86.7,0,1,0.98,17,0,NORMAL,0
27332.18,15.33,2,0.5,1,0,1,199.6,0,63.0,1,2,0.71,17,0,SUSPICIOUS,1
2492.73,-0.19,0,1.0,0,0,1,28.2,0,90.8,0,1,0.93,11,0,NORMAL,0
46163.86,27.1,1,0.8,1,0,0,322.9,0,72.8,1,2,0.77,8,0,SUSPICIOUS,1
3175.48,0.23,0,1.0,0,0,1,7.7,0,90.6,0,1,0.91,20,0,NORMAL,0
4543.66,1.09,0,1.0,0,0,1,36.5,0,86.3,0,1,0.93,16,0,NORMAL,0
3837.29,0.65,0,1.0,0,0,1,22.5,0,99.7,0,1,0.92,21,0,NORMAL,0
4434.62,1.02,0,1.0,0,0,1,43.7,0,78.7,0,1,0.93,13,0,NORMAL,0
664.02,-1.33,1,1.0,0,0,1,32.4,0,95.4,1,1,0.98,21,0,NORMAL,0
2217.77,-0.36,0,1.0,0,0,1,39.3,0,89.1,1,1,0.98,21,0,NORMAL,0
1412.85,-0.87,0,1.0,0,0,1,16.7,0,76.6,0,1,0.97,10,0,NORMAL,0
2077.92,-0.45,0,1.0,0,0,1,0.0,0,88.9,0,1,0.97,9,0,NORMAL,0
92026.13,55.77,2,0.2,5,1,0,4079.1,1,20.4,1,3,0.18,0,1,FRAUD,2
135922.83,83.2,2,0.2,3,1,0,2460.4,1,22.9,1,3,0.2,3,1,FRAUD,2
87954.09,53.22,2,0.0,6,1,0,3382.7,1,27.1,1,3,0.27,2,1,FRAUD,2
2233.78,-0.35,0,1.0,0,0,1,30.3,0,95.6,0,1,0.96,17,0,NORMAL,0
29066.31,16.42,2,0.5,1,1,0,132.4,0,53.5,1,1,0.85,9,0,SUSPICIOUS,1
1791.77,-0.63,0,1.0,0,0,1,26.5,0,92.4,0,1,0.98,12,0,NORMAL,0
4075.95,0.8,0,1.0,0,0,1,44.9,0,83.5,0,1,0.95,15,0,NORMAL,0
555.35,-1.4,0,1.0,0,0,1,32.6,0,84.9,0,1,0.98,9,0,NORMAL,0
2380.61,-0.26,0,1.0,0,0,1,12.6,0,76.5,0,1,0.98,21,0,NORMAL,0
3121.8,0.2,0,0.8,0,0,1,0.0,0,85.0,1,1,0.97,19,0,NORMAL,0
1710.76,-0.68,0,0.8,0,0,1,16.8,0,100.0,0,1,0.95,12,0,NORMAL,0
1813.16,-0.62,0,1.0,1,0,1,0.0,0,83.1,0,1,0.94,16,0,NORMAL,0
50.0,-1.72,0,1.0,0,0,1,0.0,0,99.8,0,1,0.96,12,0,NORMAL,0
4984.84,1.37,1,0.8,0,0,1,13.9,0,84.0,0,1,0.96,22,0,NORMAL,0
4165.43,0.85,0,1.0,0,0,1,0.0,0,92.2,0,1,0.91,17,0,NORMAL,0
47481.26,27.93,2,0.8,1,0,0,215.4,0,46.3,1,1,0.82,4,1,SUSPICIOUS,1
6447.07,2.28,0,0.8,1,0,1,1.1,0,98.8,0,1,0.9,9,0,NORMAL,0
3055.74,0.16,0,1.0,0,0,1,0.0,0,79.7,0,1,0.96,9,0,NORMAL,0
2697.54,-0.06,1,1.0,0,0,1,0.0,0,86.6,1,1,0.92,17,0,NORMAL,0
67044.7,40.15,2,0.0,7,1,0,1679.9,1,10.6,1,2,0.37,5,1,FRAUD,2
2940.76,0.09,0,1.0,0,0,1,6.2,0,83.4,0,1,0.91,14,0,NORMAL,0
1192.45,-1.0,0,0.8,0,0,1,40.3,0,81.9,0,1,0.97,18,0,NORMAL,0
26806.79,15.0,2,0.8,1,0,1,320.6,0,59.9,1,1,0.72,1,1,SUSPICIOUS,1
1096.59,-1.06,0,1.0,0,0,1,42.0,0,98.8,0,1,0.93,19,0,NORMAL,0
2226.55,-0.36,0,1.0,0,0,1,0.0,0,93.5,0,1,0.92,22,0,NORMAL,0
26610.13,14.88,1,0.8,2,0,1,141.5,0,59.7,1,2,0.7,19,0,SUSPICIOUS,1
4224.42,0.89,0,0.8,0,0,0,36.1,0,96.5,0,1,0.98,17,0,NORMAL,0
98076.8,59.55,2,0.2,5,1,0,2272.2,1,23.5,1,3,0.25,5,1,FRAUD,2
996.99,-1.13,1,1.0,0,0,0,35.7,0,90.1,0,1,0.97,16,0,NORMAL,0
1507.76,-0.81,0,1.0,0,0,1,7.2,0,89.7,0,1,0.93,16,0,NORMAL,0
103072.54,62.67,2,0.0,4,1,0,2212.8,1,27.6,1,4,0.52,5,1,FRAUD,2
1423.19,-0.86,0,1.0,0,0,1,0.0,0,80.5,0,1,0.97,11,0,NORMAL,0
4527.06,1.08,0,1.0,0,0,1,41.8,0,89.7,0,1,0.93,21,0,NORMAL,0
4312.5,0.95,0,1.0,0,0,1,3.9,0,84.6,0,1,0.99,22,0,NORMAL,0
4553.51,1.1,0,0.8,0,0,1,0.2,0,85.0,0,1,0.92,12,0,NORMAL,0
1883.48,-0.57,0,1.0,0,0,1,37.3,0,88.9,0,1,0.98,14,0,NORMAL,0
2688.28,-0.07,0,1.0,0,0,1,0.0,0,94.8,0,1,0.95,13,0,NORMAL,0
2050.42,-0.47,0,1.0,0,0,1,0.0,0,81.7,0,1,0.93,13,0,NORMAL,0
5372.57,1.61,0,1.0,0,0,1,33.1,0,75.8,0,1,0.96,18,0,NORMAL,0
4649.59,1.16,1,1.0,0,0,1,42.6,0,94.5,0,1,0.99,11,0,NORMAL,0
4005.42,0.75,0,0.8,0,0,0,17.7,0,80.4,0,1,0.97,12,0,NORMAL,0
4906.37,1.32,0,1.0,0,0,1,13.1,0,87.9,0,1,0.9,20,0,NORMAL,0
743.04,-1.29,0,0.8,0,0,1,0.0,0,77.2,0,1,0.95,9,0,NORMAL,0
3554.56,0.47,0,1.0,0,0,0,44.3,0,98.4,0,1,0.91,9,0,NORMAL,0
2245.46,-0.35,0,1.0,0,0,1,9.4,0,90.6,1,1,0.95,12,0,NORMAL,0
3885.26,0.68,0,1.0,0,0,1,7.6,0,91.2,0,1,0.98,14,0,NORMAL,0
5148.56,1.47,0,1.0,0,0,1,14.4,0,85.2,0,1,0.91,18,0,NORMAL,0
26250.56,14.66,1,0.5,1,0,1,292.6,0,57.3,1,1,0.85,20,0,SUSPICIOUS,1
34191.45,19.62,1,0.8,1,1,0,235.0,0,70.9,1,1,0.81,12,0,SUSPICIOUS,1
111.99,-1.68,0,1.0,1,0,1,0.0,0,91.1,0,1,0.9,21,0,NORMAL,0
3030.9,0.14,0,1.0,0,0,1,0.0,0,76.5,0,1,0.96,10,0,NORMAL,0
3196.17,0.25,1,1.0,0,0,1,40.5,0,82.0,0,1,0.95,21,0,NORMAL,0
4050.91,0.78,1,1.0,0,0,0,28.2,0,93.6,0,1,0.94,20,0,NORMAL,0
2490.22,-0.19,0,1.0,0,0,1,29.9,0,83.2,1,1,0.91,11,0,NORMAL,0
2064.87,-0.46,1,1.0,0,0,1,1.4,0,88.6,0,1,0.95,17,0,NORMAL,0
2611.84,-0.12,1,1.0,0,0,1,0.0,0,77.6,0,1,0.9,15,0,NORMAL,0
6003.88,2.0,1,1.0,0,0,1,8.8,0,75.3,0,1,0.93,16,0,NORMAL,0
2939.73,0.09,0,1.0,0,0,1,0.0,0,81.3,0,1,0.93,18,0,NORMAL,0
3731.48,0.58,1,1.0,0,0,0,27.0,0,75.0,0,1,0.97,10,0,NORMAL,0
1868.7,-0.58,0,0.8,1,0,1,23.0,0,86.1,0,1,0.94,13,0,NORMAL,0
1301.79,-0.94,0,1.0,0,0,0,20.8,0,90.2,0,1,0.94,22,0,NORMAL,0
3759.6,0.6,0,0.8,0,0,1,17.2,0,92.7,0,1,0.92,15,0,NORMAL,0
1200.56,-1.0,0,1.0,0,0,1,4.7,0,91.1,0,1,0.97,19,0,NORMAL,0
2381.14,-0.26,0,1.0,0,0,1,65.7,0,85.7,1,1,0.95,19,0,NORMAL,0
1697.42,-0.69,1,1.0,0,0,1,24.4,0,75.1,1,1,0.98,21,0,NORMAL,0
146344.19,89.72,2,0.2,7,1,0,1914.0,1,19.1,1,2,0.51,3,1,FRAUD,2
4254.92,0.91,0,1.0,0,0,1,0.0,0,91.1,0,1,0.98,11,0,NORMAL,0
35246.19,20.28,1,0.8,1,0,0,165.5,0,52.7,0,1,0.74,14,0,SUSPICIOUS,1
3598.98,0.5,0,1.0,0,0,0,8.2,0,79.8,0,1,0.93,11,0,NORMAL,0
2367.41,-0.27,0,0.8,0,0,1,0.0,0,91.4,0,1,0.9,22,0,NORMAL,0
1824.75,-0.61,0,1.0,0,0,1,18.3,0,87.2,1,1,0.99,18,0,NORMAL,0
1083.45,-1.07,0,1.0,0,0,1,0.0,0,80.3,0,1,0.93,15,0,NORMAL,0
1313.72,-0.93,0,1.0,0,0,1,4.9,0,77.4,0,1,0.91,14,0,NORMAL,0
48953.07,28.85,1,0.5,1,0,0,312.5,0,49.4,1,1,0.82,6,1,SUSPICIOUS,1
2568.18,-0.14,0,1.0,0,0,1,0.0,0,92.0,0,1,0.93,21,0,NORMAL,0
2524.2,-0.17,0,1.0,0,0,1,29.3,0,96.4,0,1,0.98,13,0,NORMAL,0
493.76,-1.44,0,0.8,0,0,1,6.2,0,90.4,0,1,0.94,19,0,NORMAL,0
1325.49,-0.92,0,1.0,0,0,1,48.7,0,80.7,0,1,0.94,11,0,NORMAL,0
2136.13,-0.41,0,1.0,0,0,1,45.0,0,84.7,0,1,0.96,12,0,NORMAL,0
737.48,-1.29,0,1.0,0,0,1,8.6,0,86.5,0,1,0.99,19,0,NORMAL,0
3002.36,0.13,0,1.0,0,0,1,0.0,0,80.1,0,1,0.92,16,0,NORMAL,0
4701.36,1.19,0,1.0,0,0,0,15.4,0,92.5,0,1,0.91,21,0,NORMAL,0
4663.06,1.16,1,1.0,0,0,1,33.5,0,92.7,0,1,0.92,20,0,NORMAL,0
4941.73,1.34,0,1.0,1,0,1,0.0,0,83.7,0,1,0.9,15,0,NORMAL,0
2596.74,-0.13,0,1.0,1,0,1,0.0,0,94.7,1,1,0.9,10,0,NORMAL,0
3164.18,0.23,0,1.0,0,0,1,26.6,0,81.8,0,1,0.95,21,0,NORMAL,0
134077.88,82.05,2,0.2,7,1,0,2302.5,1,12.8,1,3,0.27,1,1,FRAUD,2
2757.14,-0.03,0,1.0,0,0,1,51.3,0,95.0,0,1,0.99,15,0,NORMAL,0
134603.69,82.38,2,0.2,3,1,0,3453.2,1,9.1,1,4,0.4,23,1,FRAUD,2
2508.16,-0.18,1,1.0,0,0,1,55.5,0,96.1,1,1,0.97,11,0,NORMAL,0
3138.49,0.21,0,1.0,0,0,1,6.6,0,85.4,0,1,0.98,9,0,NORMAL,0
2623.84,-0.11,0,1.0,0,0,1,28.3,0,95.0,0,1,0.94,14,0,NORMAL,0
2009.28,-0.49,0,1.0,0,0,1,0.0,0,89.5,0,1,0.96,20,0,NORMAL,0
1992.92,-0.5,0,1.0,0,0,1,0.0,0,78.6,0,1,0.98,10,0,NORMAL,0
30678.74,17.42,1,0.8,1,0,0,286.6,0,59.1,1,1,0.82,7,1,SUSPICIOUS,1
4201.94,0.88,1,0.8,0,0,1,21.2,0,84.5,0,1,0.93,14,0,NORMAL,0
28112.63,15.82,2,0.8,1,0,0,250.9,0,46.6,0,1,0.71,2,1,SUSPICIOUS,1
3766.48,0.6,1,1.0,0,0,0,6.8,0,96.7,0,1,0.98,17,0,NORMAL,0
36763.45,21.23,2,0.5,1,0,0,249.1,0,53.6,1,1,0.78,16,0,SUSPICIOUS,1
73780.21,44.36,2,0.2,5,1,0,3077.2,1,8.8,1,3,0.45,4,1,FRAUD,2
1330.48,-0.92,0,1.0,0,0,1,2.7,0,88.4,0,1,0.94,18,0,NORMAL,0
3671.4,0.54,0,1.0,0,0,1,24.0,0,78.8,0,1,0.96,19,0,NORMAL,0
119396.97,72.87,2,0.0,5,1,0,2677.7,1,16.4,1,3,0.41,5,1,FRAUD,2
1269.97,-0.96,0,1.0,0,0,0,6.4,0,76.2,0,1,0.95,11,0,NORMAL,0
47572.53,27.98,2,0.8,1,0,0,221.5,0,60.2,1,2,0.87,21,0,SUSPICIOUS,1
6015.19,2.01,0,1.0,0,0,1,0.0,0,97.8,0,1,0.94,12,0,NORMAL,0
1450.49,-0.84,0,1.0,0,0,1,31.9,0,95.9,0,1,0.95,10,0,NORMAL,0
3297.62,0.31,0,1.0,0,0,1,0.0,0,75.9,0,1,0.9,17,0,NORMAL,0
3790.57,0.62,0,1.0,0,0,1,22.1,0,79.2,0,1,0.97,9,0,NORMAL,0
4087.89,0.8,0,1.0,0,0,1,58.8,0,96.8,0,1,0.94,10,0,NORMAL,0
36136.47,20.84,2,0.5,1,0,1,187.5,0,54.1,1,1,0.7,17,0,SUSPICIOUS,1
1256.89,-0.96,0,1.0,0,0,0,14.0,0,85.2,1,1,0.98,14,0,NORMAL,0
4102.48,0.81,0,1.0,0,0,1,0.0,0,84.5,0,1,0.9,10,0,NORMAL,0
4060.69,0.79,0,0.8,0,0,1,24.2,0,96.1,0,1,0.93,13,0,NORMAL,0
6032.76,2.02,1,1.0,0,0,1,1.6,0,97.4,0,1,0.96,13,0,NORMAL,0
2197.72,-0.38,0,1.0,0,0,1,21.3,0,96.5,0,1,0.95,12,0,NORMAL,0
2951.28,0.09,0,0.8,0,0,1,1.9,0,98.1,0,1,0.99,14,0,NORMAL,0
2972.78,0.11,0,1.0,0,0,1,36.8,0,87.8,1,1,0.98,10,0,NORMAL,0
616.85,-1.36,0,0.8,1,0,1,0.0,0,96.0,0,1,0.92,10,0,NORMAL,0
597.38,-1.38,0,1.0,0,0,1,49.0,0,98.3,0,1,0.97,19,0,NORMAL,0
2702.51,-0.06,1,1.0,0,0,0,34.4,0,96.2,1,1,0.96,10,0,NORMAL,0
3890.17,0.68,0,1.0,0,0,1,8.7,0,81.9,0,1,0.97,18,0,NORMAL,0
2565.63,-0.15,0,1.0,0,0,1,35.1,0,92.6,0,1,0.98,19,0,NORMAL,0
2158.67,-0.4,0,1.0,1,0,1,46.7,0,75.4,0,1,0.91,9,0,NORMAL,0
2159.55,-0.4,0,1.0,0,0,1,0.0,0,76.7,1,1,0.92,15,0,NORMAL,0
26786.28,14.99,1,0.5,1,0,0,93.4,0,52.9,0,1,0.86,13,0,SUSPICIOUS,1
1541.48,-0.79,0,1.0,0,0,1,21.6,0,99.3,0,1,0.93,12,0,NORMAL,0
3573.01,0.48,0,1.0,1,0,1,12.1,0,96.3,0,1,0.97,9,0,NORMAL,0
564.02,-1.4,1,1.0,0,0,1,42.6,0,80.2,0,1,0.94,11,0,NORMAL,0
5315.95,1.57,0,1.0,0,0,1,0.0,0,75.5,0,1,0.92,13,0,NORMAL,0
5860.3,1.91,0,1.0,0,0,1,0.0,0,79.6,0,1,0.93,9,0,NORMAL,0
1397.97,-0.88,0,1.0,0,0,0,32.0,0,80.6,1,1,0.94,13,0,NORMAL,0
1829.94,-0.61,0,1.0,0,0,1,2.4,0,80.1,1,1,0.95,11,0,NORMAL,0
5044.2,1.4,0,1.0,0,0,0,0.0,0,87.7,0,1,0.93,16,0,NORMAL,0
2008.06,-0.49,0,1.0,0,0,1,0.0,0,83.8,0,1,0.91,18,0,NORMAL,0
1975.01,-0.52,0,1.0,0,0,1,18.7,0,83.0,0,1,0.92,13,0,NORMAL,0
4304.75,0.94,0,1.0,0,0,1,18.7,0,76.4,1,1,0.91,18,0,NORMAL,0
2930.04,0.08,0,1.0,0,0,1,38.6,0,87.7,1,1,0.95,22,0,NORMAL,0
4867.67,1.29,0,1.0,0,0,1,6.5,0,91.9,0,1,0.99,10,0,NORMAL,0
50.0,-1.72,0,1.0,0,0,1,6.6,0,85.3,0,1,0.91,16,0,NORMAL,0
50.0,-1.72,0,1.0,0,0,1,23.6,0,97.8,0,1,0.94,20,0,NORMAL,0
5596.0,1.75,0,1.0,0,0,1,0.0,0,91.1,0,1,0.97,18,0,NORMAL,0
27297.4,15.31,2,0.8,1,0,0,138.3,0,48.8,1,1,0.81,22,0,SUSPICIOUS,1
50.0,-1.72,0,1.0,0,0,1,14.0,0,79.5,0,1,0.97,17,0,NORMAL,0
46476.16,27.3,1,0.8,1,0,0,273.5,0,62.8,1,1,0.84,16,0,SUSPICIOUS,1
1590.17,-0.76,0,1.0,0,0,1,0.0,0,99.2,0,1,0.95,18,0,NORMAL,0
2979.5,0.11,1,0.8,0,0,1,14.2,0,97.6,1,1,0.93,22,0,NORMAL,0
5387.27,1.62,0,1.0,0,0,1,0.0,0,87.1,0,1,0.98,18,0,NORMAL,0
27313.89,15.32,2,0.8,1,0,0,329.1,0,45.1,1,2,0.76,13,0,SUSPICIOUS,1
4074.29,0.8,1,1.0,0,0,1,48.3,0,75.9,0,1,0.98,13,0,NORMAL,0
26755.93,14.97,2,0.8,1,1,1,283.3,0,60.5,1,1,0.87,16,0,SUSPICIOUS,1
2274.49,-0.33,1,1.0,0,0,1,12.3,0,83.9,0,1,0.96,10,0,NORMAL,0
4608.95,1.13,0,1.0,0,0,1,12.9,0,97.4,0,1,0.96,9,0,NORMAL,0
6553.0,2.35,0,1.0,0,0,1,0.0,0,81.8,0,1,0.94,20,0,NORMAL,0
2389.34,-0.26,0,1.0,0,0,0,6.0,0,97.2,0,1,0.91,17,0,NORMAL,0
548.72,-1.41,0,1.0,0,0,1,0.0,0,95.1,1,1,0.93,12,0,NORMAL,0
1677.06,-0.7,0,1.0,0,0,1,0.0,0,76.2,0,1,0.92,13,0,NORMAL,0
7852.43,3.16,0,0.8,0,0,1,33.1,0,82.5,0,1,0.94,17,0,NORMAL,0
2480.2,-0.2,0,1.0,0,0,1,0.0,0,94.2,0,1,0.97,9,0,NORMAL,0
131509.71,80.44,2,0.2,5,1,0,2808.7,1,28.9,1,3,0.1,2,1,FRAUD,2
84529.29,51.08,2,0.0,3,1,0,4388.0,1,13.0,1,3,0.39,3,1,FRAUD,2
4802.0,1.25,0,1.0,0,0,1,42.5,0,96.9,1,1,0.95,21,0,NORMAL,0
1539.12,-0.79,0,1.0,0,0,1,28.1,0,95.9,0,1,0.94,14,0,NORMAL,0
3436.62,0.4,1,0.8,0,0,1,27.0,0,81.4,0,1,0.93,15,0,NORMAL,0
2217.14,-0.36,0,1.0,0,0,1,55.5,0,90.2,0,1,0.94,13,0,NORMAL,0
76167.04,45.85,2,0.0,3,1,0,1112.3,1,19.5,1,4,0.11,1,1,FRAUD,2
1655.58,-0.72,0,1.0,0,0,1,16.1,0,93.0,1,1,0.96,18,0,NORMAL,0
524.61,-1.42,0,1.0,0,0,1,0.0,0,90.8,0,1,0.93,16,0,NORMAL,0
68159.59,40.85,2,0.0,3,1,0,3567.1,1,25.9,1,3,0.13,0,1,FRAUD,2
5365.38,1.6,0,1.0,0,0,1,24.2,0,95.5,0,1,0.99,13,0,NORMAL,0
44416.0,26.01,1,0.8,1,0,1,258.5,0,46.3,1,1,0.78,20,0,SUSPICIOUS,1
2527.68,-0.17,0,1.0,0,0,1,21.9,0,81.8,0,1,0.98,14,0,NORMAL,0
5027.35,1.39,0,1.0,0,0,1,9.4,0,87.8,0,1,0.98,10,0,NORMAL,0
2802.66,0.0,0,1.0,0,0,1,7.1,0,82.9,1,1,0.93,22,0,NORMAL,0
38844.35,22.53,2,0.5,2,0,1,86.7,0,56.3,1,1,0.75,16,0,SUSPICIOUS,1
863.85,-1.21,0,1.0,0,0,1,0.0,0,97.0,0,1,0.97,20,0,NORMAL,0
3687.08,0.55,0,1.0,0,0,1,7.3,0,76.7,0,1,0.96,14,0,NORMAL,0
1989.82,-0.51,0,1.0,0,0,1,17.6,0,80.6,0,1,0.92,17,0,NORMAL,0
32719.8,18.7,1,0.8,1,0,1,254.2,0,53.5,0,2,0.89,13,0,SUSPICIOUS,1
2835.76,0.02,0,0.8,0,0,1,0.0,0,90.1,0,1,0.93,9,0,NORMAL,0
4271.79,0.92,0,1.0,0,0,1,43.1,0,81.5,0,1,0.98,9,0,NORMAL,0
50.0,-1.72,0,1.0,0,0,1,27.7,0,79.2,0,1,0.98,12,0,NORMAL,0
2545.26,-0.16,0,1.0,0,0,1,0.0,0,99.1,0,1,0.96,20,0,NORMAL,0
3653.91,0.53,0,1.0,0,0,1,44.9,0,81.1,0,1,0.94,9,0,NORMAL,0
3978.26,0.74,0,0.8,0,0,1,2.3,0,86.7,0,1,0.92,10,0,NORMAL,0
2523.03,-0.17,0,1.0,0,0,1,14.1,0,85.9,1,1,0.93,13,0,NORMAL,0
4667.55,1.17,0,1.0,0,0,1,46.8,0,83.1,0,1,0.91,16,0,NORMAL,0
3410.58,0.38,0,1.0,0,0,1,35.5,0,94.8,0,1,0.97,9,0,NORMAL,0
3549.18,0.47,0,1.0,0,0,1,10.7,0,81.5,1,1,0.95,10,0,NORMAL,0
5350.59,1.59,0,1.0,0,0,1,48.7,0,95.2,0,1,0.99,9,0,NORMAL,0
4038.44,0.77,1,1.0,0,0,1,14.9,0,80.6,0,1,0.94,16,0,NORMAL,0
5185.76,1.49,0,1.0,0,0,1,5.5,0,88.1,0,1,0.96,12,0,NORMAL,0
6850.0,2.53,0,1.0,0,0,1,0.0,0,82.0,1,1,0.96,21,0,NORMAL,0
3530.17,0.46,0,1.0,1,0,1,7.7,0,92.6,0,1,0.95,15,0,NORMAL,0
1251.4,-0.97,0,1.0,0,0,1,18.8,0,97.2,0,1,0.92,22,0,NORMAL,0
3936.48,0.71,0,1.0,0,0,1,14.4,0,88.7,0,1,0.94,22,0,NORMAL,0
3060.28,0.16,1,1.0,0,0,0,0.0,0,87.2,0,1,0.96,15,0,NORMAL,0
2254.25,-0.34,0,1.0,0,0,1,35.4,0,92.7,0,1,0.96,21,0,NORMAL,0
3801.8,0.63,0,1.0,0,0,1,32.9,0,99.1,0,1,0.91,14,0,NORMAL,0
28152.57,15.85,1,0.5,2,0,0,271.2,0,70.0,0,2,0.79,0,1,SUSPICIOUS,1
2036.73,-0.48,0,1.0,0,0,1,17.4,0,96.0,0,1,0.97,17,0,NORMAL,0
3190.56,0.24,0,1.0,0,0,1,20.5,0,96.7,0,1,0.97,21,0,NORMAL,0
793.7,-1.25,1,1.0,0,0,1,22.5,0,84.2,0,1,0.98,18,0,NORMAL,0
3191.01,0.24,0,1.0,0,0,0,26.3,0,92.9,0,1,0.96,12,0,NORMAL,0
2926.6,0.08,0,0.8,0,0,1,37.5,0,95.3,0,1,0.92,18,0,NORMAL,0
3809.96,0.63,0,1.0,0,0,1,0.0,0,84.4,0,1,0.93,14,0,NORMAL,0
3170.51,0.23,0,1.0,0,0,0,20.0,0,82.7,0,1,0.96,15,0,NORMAL,0
2396.59,-0.25,0,1.0,0,0,1,12.4,0,87.1,0,1,0.94,10,0,NORMAL,0
3499.17,0.44,0,1.0,0,0,1,31.0,0,87.6,0,1,0.98,18,0,NORMAL,0
1006.56,-1.12,0,1.0,0,0,1,0.0,0,76.8,0,1,0.98,10,0,NORMAL,0
2532.48,-0.17,0,1.0,0,0,0,0.0,0,97.8,0,1,0.9,14,0,NORMAL,0
3614.47,0.51,0,1.0,0,0,1,33.0,0,97.6,0,1,0.92,15,0,NORMAL,0
50.0,-1.72,0,1.0,0,0,1,36.6,0,82.1,0,1,0.91,20,0,NORMAL,0
4683.2,1.18,0,1.0,0,0,0,0.0,0,81.5,0,1,0.94,12,0,NORMAL,0
2882.31,0.05,0,0.8,0,0,1,24.4,0,83.3,0,1,0.95,16,0,NORMAL,0
4493.56,1.06,0,1.0,0,0,1,20.9,0,85.1,0,1,0.96,21,0,NORMAL,0
3601.87,0.5,0,1.0,0,0,0,1.7,0,79.8,0,1,0.95,9,0,NORMAL,0
1307.01,-0.93,0,1.0,0,0,1,28.5,0,90.6,0,1,0.96,22,0,NORMAL,0
3577.84,0.49,0,0.8,0,0,1,43.5,0,97.3,0,1,0.98,9,0,NORMAL,0
3489.74,0.43,0,1.0,0,0,1,28.0,0,96.0,1,1,0.95,21,0,NORMAL,0
3211.77,0.26,0,1.0,0,0,1,19.4,0,97.3,1,1,0.95,18,0,NORMAL,0
1615.32,-0.74,0,1.0,0,0,1,7.3,0,89.0,0,1,0.97,17,0,NORMAL,0
4262.44,0.91,0,1.0,0,0,1,32.7,0,91.8,0,1,0.95,9,0,NORMAL,0
30626.01,17.39,1,0.8,1,0,0,180.8,0,74.8,1,1,0.84,23,1,SUSPICIOUS,1
2022.74,-0.49,0,1.0,0,0,1,2.3,0,82.7,1,1,0.96,12,0,NORMAL,0
29712.2,16.82,2,0.8,1,0,1,133.7,0,68.6,1,2,0.86,6,1,SUSPICIOUS,1
2482.76,-0.2,0,1.0,0,0,0,17.7,0,91.8,1,1,0.91,12,0,NORMAL,0
2511.36,-0.18,0,0.8,0,0,1,26.6,0,85.2,0,1,0.97,22,0,NORMAL,0
2167.93,-0.4,0,1.0,0,0,1,21.2,0,99.7,0,1,0.93,16,0,NORMAL,0
1818.77,-0.61,1,1.0,0,0,1,5.8,0,92.5,0,1,0.94,22,0,NORMAL,0
2330.66,-0.29,0,1.0,0,0,1,6.1,0,76.4,0,1,0.94,9,0,NORMAL,0
601.16,-1.37,0,1.0,0,0,1,0.0,0,88.2,0,1,0.94,11,0,NORMAL,0
2608.55,-0.12,0,1.0,0,0,1,45.3,0,80.1,1,1,0.98,20,0,NORMAL,0
2940.96,0.09,0,1.0,0,0,1,3.1,0,79.4,0,1,0.97,9,0,NORMAL,0
3248.32,0.28,0,1.0,0,0,1,36.4,0,86.0,0,1,0.97,18,0,NORMAL,0
2744.09,-0.03,0,1.0,0,0,0,0.0,0,98.1,0,1,0.93,21,0,NORMAL,0
2073.69,-0.45,0,1.0,0,0,1,33.3,0,78.9,0,1,0.95,19,0,NORMAL,0
4458.22,1.04,0,1.0,0,0,1,12.4,0,83.0,0,1,0.96,19,0,NORMAL,0
2198.29,-0.38,0,1.0,0,0,1,13.4,0,77.6,0,1,0.94,21,0,NORMAL,0
1519.64,-0.8,0,0.8,0,0,1,3.9,0,99.0,0,1,0.99,16,0,NORMAL,0
148770.25,91.23,2,0.0,3,1,0,2824.5,1,27.3,1,3,0.42,1,1,FRAUD,2
2602.05,-0.12,1,1.0,1,0,0,29.9,0,83.2,0,1,0.98,17,0,NORMAL,0
1739.51,-0.66,1,0.8,0,0,1,0.0,0,91.9,0,1,0.93,14,0,NORMAL,0
3459.77,0.41,0,1.0,0,0,1,46.5,0,93.9,0,1,0.98,19,0,NORMAL,0
3100.34,0.19,0,1.0,0,0,1,38.0,0,86.3,0,1,0.91,12,0,NORMAL,0
121090.35,73.93,2,0.2,4,1,0,2759.6,1,27.5,1,3,0.33,5,1,FRAUD,2
35926.95,20.7,1,0.8,2,0,0,254.6,0,72.9,1,1,0.89,5,1,SUSPICIOUS,1
388.34,-1.51,0,0.8,0,0,1,5.3,0,86.0,0,1,0.9,9,0,NORMAL,0
2478.9,-0.2,0,1.0,0,0,1,6.9,0,81.8,0,1,0.91,15,0,NORMAL,0
2186.41,-0.38,0,1.0,0,0,1,33.0,0,78.0,0,1,0.91,10,0,NORMAL,0
3522.73,0.45,0,1.0,0,0,1,27.1,0,93.1,0,1,0.97,17,0,NORMAL,0
4774.27,1.23,0,1.0,0,0,1,0.0,0,95.6,0,1,0.93,10,0,NORMAL,0
84242.12,50.9,2,0.0,7,1,0,1605.2,1,24.9,1,3,0.24,1,1,FRAUD,2
2292.64,-0.32,0,1.0,0,0,0,0.0,0,90.0,1,1,0.96,13,0,NORMAL,0
883.17,-1.2,1,1.0,0,0,1,11.7,0,85.6,1,1,0.91,14,0,NORMAL,0
2505.87,-0.18,0,1.0,0,0,1,0.7,0,80.8,0,1,0.96,14,0,NORMAL,0
50.0,-1.72,0,1.0,0,0,0,31.0,0,91.6,0,1,0.9,15,0,NORMAL,0
2303.61,-0.31,1,1.0,0,0,1,4.0,0,92.9,0,1,0.96,12,0,NORMAL,0
4092.49,0.81,1,1.0,0,0,1,14.2,0,99.4,0,1,0.98,17,0,NORMAL,0
836.78,-1.23,0,1.0,1,0,0,1.4,0,90.9,0,1,0.94,18,0,NORMAL,0
1922.3,-0.55,0,1.0,0,0,1,10.6,0,87.1,0,1,0.91,9,0,NORMAL,0
33888.59,19.43,1,0.8,1,0,0,243.4,0,63.6,1,1,0.71,6,1,SUSPICIOUS,1
4597.48,1.12,0,1.0,0,0,1,28.5,0,82.9,0,1,0.95,20,0,NORMAL,0
116945.55,71.34,2,0.2,5,1,0,1214.1,1,24.4,1,3,0.12,1,1,FRAUD,2
4238.72,0.9,0,1.0,1,0,1,53.2,0,77.0,0,1,0.97,17,0,NORMAL,0
2371.58,-0.27,1,1.0,0,0,1,0.0,0,94.1,0,1,0.93,14,0,NORMAL,0
2436.65,-0.23,0,1.0,0,0,0,33.4,0,92.5,0,1,0.94,20,0,NORMAL,0
2998.25,0.12,0,1.0,0,0,1,27.3,0,87.6,1,1,0.92,13,0,NORMAL,0
2998.06,0.12,1,1.0,0,0,1,17.1,0,85.0,0,1,0.98,10,0,NORMAL,0
687.25,-1.32,0,1.0,0,0,0,22.7,0,79.9,0,1,0.99,10,0,NORMAL,0
3675.93,0.55,0,1.0,0,0,1,0.0,0,99.3,0,1,0.98,9,0,NORMAL,0
4972.19,1.36,0,1.0,0,0,1,12.1,0,91.4,0,1,0.92,18,0,NORMAL,0
104703.55,63.69,2,0.2,4,1,0,1380.3,1,16.6,1,3,0.25,3,1,FRAUD,2
2791.84,-0.01,0,1.0,0,0,1,0.0,0,98.9,0,1,0.99,12,0,NORMAL,0
3117.15,0.2,0,1.0,0,0,0,21.5,0,82.8,0,1,0.95,14,0,NORMAL,0
2275.68,-0.33,0,1.0,0,0,1,14.3,0,99.0,0,1,0.97,17,0,NORMAL,0
34002.94,19.5,2,0.8,1,0,1,222.6,0,57.3,0,2,0.71,18,0,SUSPICIOUS,1
1619.97,-0.74,0,1.0,0,0,1,22.2,0,85.0,0,1,0.9,10,0,NORMAL,0
1854.69,-0.59,1,1.0,0,0,1,39.9,0,92.0,0,1,0.94,9,0,NORMAL,0
3422.92,0.39,0,1.0,0,0,1,33.4,0,83.0,0,1,0.93,16,0,NORMAL,0
3862.48,0.66,0,0.8,0,0,1,4.8,0,75.2,0,1,0.99,15,0,NORMAL,0
5113.76,1.45,0,1.0,0,0,1,11.1,0,84.0,0,1,0.97,22,0,NORMAL,0
3636.03,0.52,1,1.0,0,0,1,1.9,0,80.4,0,1,0.95,12,0,NORMAL,0
1802.25,-0.62,1,1.0,0,0,1,3.0,0,85.8,0,1,0.94,10,0,NORMAL,0
2607.01,-0.12,0,1.0,0,0,1,14.4,0,96.0,0,1,0.93,16,0,NORMAL,0
1427.63,-0.86,0,0.8,0,0,1,7.3,0,94.1,0,1,0.97,15,0,NORMAL,0
4775.06,1.23,1,1.0,0,0,1,35.1,0,77.0,0,1,0.93,13,0,NORMAL,0
5133.49,1.46,0,1.0,1,0,1,16.6,0,90.1,0,1,0.98,11,0,NORMAL,0
31814.33,18.13,2,0.5,2,0,0,169.3,0,73.6,1,1,0.78,3,1,SUSPICIOUS,1
4803.12,1.25,0,1.0,0,0,1,33.3,0,98.6,0,1,0.92,13,0,NORMAL,0
2326.06,-0.3,0,1.0,0,0,1,0.0,0,77.9,1,1,0.93,18,0,NORMAL,0
4179.38,0.86,0,1.0,0,0,1,21.2,0,97.6,0,1,0.97,18,0,NORMAL,0
3760.03,0.6,0,1.0,0,0,1,55.2,0,84.2,0,1,0.95,18,0,NORMAL,0
3901.22,0.69,0,1.0,0,0,1,26.0,0,98.7,0,1,0.98,18,0,NORMAL,0
3166.25,0.23,0,1.0,0,0,1,0.0,0,95.0,0,1,0.94,11,0,NORMAL,0
4680.25,1.18,0,1.0,0,0,0,6.8,0,97.3,0,1,0.9,16,0,NORMAL,0
4879.37,1.3,0,1.0,0,0,1,16.8,0,89.1,0,1,0.94,12,0,NORMAL,0
3901.59,0.69,0,1.0,0,0,1,10.3,0,76.6,0,1,0.96,22,0,NORMAL,0
2017.18,-0.49,0,1.0,1,0,1,30.5,0,79.0,0,1,0.92,13,0,NORMAL,0
3830.73,0.64,1,1.0,0,0,1,0.0,0,86.4,0,1,0.92,11,0,NORMAL,0
105472.99,64.17,2,0.2,4,1,0,1821.7,1,20.1,1,3,0.39,4,1,FRAUD,2
69674.88,41.8,2,0.0,7,1,0,2022.6,1,7.6,1,2,0.14,5,1,FRAUD,2
3419.18,0.39,0,1.0,0,0,1,32.6,0,80.6,0,1,0.94,21,0,NORMAL,0
4461.61,1.04,0,1.0,0,0,1,7.4,0,80.7,1,1,0.95,17,0,NORMAL,0
1114.94,-1.05,0,0.8,0,0,1,21.9,0,81.5,0,1,0.96,10,0,NORMAL,0
2536.89,-0.16,0,1.0,0,0,1,48.7,0,91.0,0,1,0.91,14,0,NORMAL,0
2997.65,0.12,0,1.0,0,0,1,10.7,0,97.6,1,1,0.96,11,0,NORMAL,0
2333.26,-0.29,0,1.0,0,0,1,7.1,0,92.1,1,1,0.98,11,0,NORMAL,0
3994.07,0.75,0,1.0,0,0,1,18.1,0,79.7,0,1,0.92,16,0,NORMAL,0
2897.9,0.06,0,1.0,0,0,1,13.5,0,91.8,0,1,0.96,10,0,NORMAL,0
3374.27,0.36,0,1.0,0,0,1,0.0,0,90.7,1,1,0.93,10,0,NORMAL,0
39664.74,23.04,2,0.5,1,0,0,277.8,0,63.4,0,1,0.72,20,0,SUSPICIOUS,1
3245.0,0.28,0,1.0,1,0,1,0.0,0,84.0,0,1,0.92,13,0,NORMAL,0
556.04,-1.4,0,1.0,0,0,1,14.2,0,81.1,0,1,0.94,22,0,NORMAL,0
3511.35,0.44,0,1.0,0,0,1,23.7,0,82.2,0,1,0.93,9,0,NORMAL,0
2750.49,-0.03,0,1.0,0,0,1,17.4,0,82.3,0,1,0.99,22,0,NORMAL,0
2700.51,-0.06,0,1.0,0,0,1,10.2,0,85.4,0,1,0.96,11,0,NORMAL,0
2718.52,-0.05,0,1.0,0,0,0,26.3,0,94.7,0,1,0.99,15,0,NORMAL,0
27097.56,15.19,1,0.8,1,1,0,170.2,0,51.2,1,1,0.79,22,0,SUSPICIOUS,1
48290.2,28.43,2,0.5,1,1,0,277.1,0,60.9,1,1,0.71,0,1,SUSPICIOUS,1
2848.88,0.03,0,0.8,0,0,1,25.5,0,82.4,0,1,0.98,20,0,NORMAL,0
66469.75,39.79,2,0.2,3,1,0,1984.6,1,28.8,1,3,0.4,1,1,FRAUD,2
2623.1,-0.11,0,1.0,0,0,1,51.6,0,83.3,0,1,0.92,22,0,NORMAL,0
5127.6,1.45,0,1.0,0,0,1,52.6,0,99.2,1,1,0.91,22,0,NORMAL,0
2171.47,-0.39,0,0.8,0,0,1,36.4,0,92.8,1,1,0.92,20,0,NORMAL,0
4234.4,0.9,0,1.0,0,0,1,0.0,0,88.3,0,1,0.96,14,0,NORMAL,0
1818.64,-0.61,0,0.8,0,0,1,18.4,0,92.0,0,1,0.91,11,0,NORMAL,0
3345.51,0.34,0,1.0,0,0,1,10.0,0,82.3,0,1,0.96,16,0,NORMAL,0
4703.7,1.19,0,0.8,0,0,1,64.2,0,91.2,0,1,0.95,11,0,NORMAL,0
139504.78,85.44,2,0.0,3,1,0,4230.7,1,25.4,1,3,0.54,5,1,FRAUD,2
1995.64,-0.5,0,0.8,0,0,1,18.0,0,86.1,0,1,0.91,15,0,NORMAL,0
60551.58,36.09,2,0.0,6,1,0,3691.2,1,18.6,1,4,0.15,0,1,FRAUD,2
3055.19,0.16,1,1.0,0,0,0,22.3,0,75.4,1,1,0.93,18,0,NORMAL,0
3026.25,0.14,0,0.8,0,0,1,18.3,0,96.2,0,1,0.9,17,0,NORMAL,0
3019.75,0.14,0,0.8,0,0,0,38.8,0,98.8,0,1,0.95,14,0,NORMAL,0
3622.71,0.51,0,1.0,0,0,1,8.5,0,82.5,0,1,0.92,11,0,NORMAL,0
6082.52,2.05,0,1.0,0,0,0,0.0,0,96.0,0,1,0.96,17,0,NORMAL,0
2823.51,0.01,1,1.0,1,0,1,22.7,0,76.1,0,1,0.92,15,0,NORMAL,0
50.0,-1.72,0,1.0,0,0,0,48.5,0,80.8,0,1,0.91,20,0,NORMAL,0
3154.63,0.22,1,0.8,0,0,1,0.0,0,99.5,0,1,0.96,16,0,NORMAL,0
84562.96,51.1,2,0.2,6,1,0,4071.7,1,12.4,1,4,0.26,1,1,FRAUD,2
122547.07,74.84,2,0.0,6,1,0,1773.4,1,29.4,1,4,0.46,4,1,FRAUD,2
74770.3,44.98,2,0.2,7,1,0,2535.1,1,10.1,1,3,0.19,23,1,FRAUD,2
4735.95,1.21,0,1.0,0,0,1,19.7,0,76.1,0,1,0.91,9,0,NORMAL,0
50.0,-1.72,0,0.8,0,0,1,20.4,0,76.1,0,1,0.95,9,0,NORMAL,0
3085.02,0.18,0,0.8,0,0,1,11.8,0,89.3,0,1,0.92,9,0,NORMAL,0
144403.53,88.5,2,0.2,5,1,0,1092.7,1,28.8,1,2,0.27,5,1,FRAUD,2
4113.82,0.82,0,1.0,0,0,0,76.2,0,95.4,0,1,0.94,14,0,NORMAL,0
2989.54,0.12,0,1.0,0,0,1,0.0,0,76.3,0,1,0.92,20,0,NORMAL,0
5886.18,1.93,0,1.0,0,0,1,29.9,0,84.7,0,1,0.95,13,0,NORMAL,0
2698.71,-0.06,0,1.0,0,0,0,13.4,0,98.9,1,1,0.98,17,0,NORMAL,0
4709.29,1.19,0,1.0,1,0,1,7.3,0,93.6,0,1,0.95,12,0,NORMAL,0
2829.58,0.02,1,1.0,0,0,1,41.3,0,96.4,0,1,0.92,17,0,NORMAL,0
2757.18,-0.03,0,1.0,0,0,1,0.0,0,92.4,0,1,0.91,10,0,NORMAL,0
35969.06,20.73,1,0.8,2,0,0,92.6,0,58.0,1,1,0.83,7,1,SUSPICIOUS,1
1613.32,-0.74,0,0.8,0,0,1,0.0,0,83.5,0,1,0.93,15,0,NORMAL,0
3272.18,0.3,0,1.0,0,0,1,0.0,0,82.3,0,1,0.92,20,0,NORMAL,0
2664.68,-0.08,0,1.0,0,0,1,5.8,0,92.1,0,1,0.95,22,0,NORMAL,0
29197.32,16.5,1,0.8,1,0,0,225.7,0,65.7,1,2,0.85,12,0,SUSPICIOUS,1
5087.63,1.43,0,1.0,0,0,1,9.8,0,93.7,0,1,0.99,11,0,NORMAL,0
1424.28,-0.86,0,1.0,0,0,1,41.0,0,95.9,0,1,0.96,12,0,NORMAL,0
2176.86,-0.39,0,1.0,0,0,1,14.4,0,80.7,0,1,0.94,17,0,NORMAL,0
3064.79,0.17,0,1.0,0,0,1,34.3,0,91.5,0,1,0.94,17,0,NORMAL,0
2553.66,-0.15,0,1.0,0,0,1,40.1,0,97.3,1,1,0.97,17,0,NORMAL,0
4466.87,1.04,0,1.0,0,0,1,6.0,0,85.9,0,1,0.92,12,0,NORMAL,0
2372.29,-0.27,1,1.0,0,0,1,24.0,0,75.9,1,1,0.98,10,0,NORMAL,0
347.18,-1.53,0,1.0,0,0,1,0.0,0,96.1,0,1,0.94,21,0,NORMAL,0
3251.2,0.28,1,1.0,0,0,1,43.9,0,95.3,1,1,0.93,10,0,NORMAL,0
2032.76,-0.48,0,1.0,0,0,1,47.6,0,90.7,0,1,0.91,15,0,NORMAL,0
3922.35,0.7,0,1.0,0,0,1,16.7,0,93.3,0,1,0.93,20,0,NORMAL,0
50.0,-1.72,0,1.0,0,0,1,10.6,0,96.0,0,1,0.92,13,0,NORMAL,0
2938.9,0.09,0,1.0,0,0,1,50.5,0,93.3,0,1,0.96,10,0,NORMAL,0
4702.09,1.19,0,1.0,0,0,0,1.7,0,82.3,0,1,0.94,9,0,NORMAL,0
50.0,-1.72,0,1.0,0,0,1,13.5,0,84.4,0,1,0.97,15,0,NORMAL,0
4736.03,1.21,0,1.0,0,0,0,20.6,0,79.3,0,1,0.97,15,0,NORMAL,0
50.0,-1.72,0,1.0,0,0,1,19.6,0,83.0,0,1,0.92,20,0,NORMAL,0
30873.71,17.55,1,0.8,1,0,0,207.2,0,45.8,0,1,0.78,2,1,SUSPICIOUS,1
3167.89,0.23,0,1.0,0,0,1,36.1,0,87.4,1,1,0.94,10,0,NORMAL,0
5614.75,1.76,0,0.8,0,0,1,6.0,0,92.7,0,1,0.96,16,0,NORMAL,0
3994.99,0.75,0,0.8,0,0,1,55.4,0,80.0,0,1,0.92,12,0,NORMAL,0
2905.26,0.07,0,0.8,0,0,1,3.0,0,85.3,0,1,0.91,18,0,NORMAL,0
1686.37,-0.7,1,1.0,0,0,0,22.4,0,85.6,0,1,0.99,13,0,NORMAL,0
1696.34,-0.69,0,1.0,0,0,1,0.0,0,96.8,0,1,0.98,22,0,NORMAL,0
42932.27,25.08,1,0.5,2,0,0,270.1,0,66.9,1,1,0.73,12,0,SUSPICIOUS,1
2652.31,-0.09,0,1.0,0,0,1,6.6,0,95.4,1,1,0.92,12,0,NORMAL,0
95632.0,58.02,2,0.0,5,1,0,1892.4,1,21.3,1,3,0.37,2,1,FRAUD,2
96037.48,58.27,2,0.0,7,1,0,1336.3,1,10.1,1,3,0.23,0,1,FRAUD,2
3302.33,0.31,0,1.0,0,0,1,1.5,0,89.3,0,1,0.98,11,0,NORMAL,0
2232.23,-0.35,0,1.0,0,0,1,0.0,0,97.2,0,1,0.91,20,0,NORMAL,0
609.26,-1.37,0,1.0,0,0,1,1.1,0,96.8,0,1,0.96,16,0,NORMAL,0
2567.95,-0.15,0,1.0,0,0,1,12.6,0,93.8,0,1,0.96,13,0,NORMAL,0
2623.91,-0.11,0,1.0,0,0,1,0.0,0,83.4,0,1,0.96,16,0,NORMAL,0
6097.1,2.06,1,1.0,0,0,1,42.3,0,76.8,0,1,0.92,21,0,NORMAL,0
2950.91,0.09,0,1.0,0,0,1,0.0,0,93.9,1,1,0.98,22,0,NORMAL,0
2887.51,0.05,0,1.0,0,0,1,23.8,0,98.5,0,1,0.98,10,0,NORMAL,0
1554.37,-0.78,0,1.0,0,0,0,0.0,0,86.2,0,1,0.99,22,0,NORMAL,0
1241.87,-0.97,0,0.8,0,0,1,0.2,0,87.5,0,1,0.91,15,0,NORMAL,0
104484.69,63.55,2,0.0,5,1,0,1402.4,1,24.6,1,2,0.19,5,1,FRAUD,2
3009.13,0.13,1,1.0,0,0,0,13.2,0,85.0,0,1,0.95,13,0,NORMAL,0
29704.6,16.82,1,0.8,1,1,1,275.5,0,50.6,1,2,0.73,1,1,SUSPICIOUS,1
3204.63,0.25,0,0.8,0,0,1,44.1,0,86.2,0,1,0.91,19,0,NORMAL,0
1291.18,-0.94,0,1.0,0,0,1,0.0,0,95.5,0,1,0.94,21,0,NORMAL,0
491.26,-1.44,1,1.0,0,0,1,0.0,0,84.7,0,1,0.98,11,0,NORMAL,0
46983.09,27.61,2,0.8,1,0,1,348.8,0,45.4,1,1,0.75,0,1,SUSPICIOUS,1
44621.34,26.14,2,0.5,1,1,1,348.3,0,48.8,1,1,0.75,21,0,SUSPICIOUS,1
45212.83,26.51,2,0.8,2,0,1,114.3,0,56.9,0,1,0.72,7,1,SUSPICIOUS,1
36613.34,21.13,1,0.5,1,1,0,129.4,0,73.5,1,1,0.82,15,0,SUSPICIOUS,1
501.84,-1.44,0,1.0,0,0,1,26.0,0,85.0,0,1,0.96,9,0,NORMAL,0
1233.39,-0.98,0,1.0,0,0,1,11.5,0,99.5,1,1,0.93,15,0,NORMAL,0
3437.6,0.4,0,1.0,0,0,1,0.2,0,89.6,1,1,0.91,19,0,NORMAL,0
1707.66,-0.68,0,1.0,0,0,1,0.0,0,97.8,0,1,0.92,16,0,NORMAL,0
1768.11,-0.64,0,1.0,0,0,1,30.9,0,91.1,0,1,0.94,13,0,NORMAL,0
2405.71,-0.25,0,1.0,0,0,1,23.5,0,91.6,0,1,0.96,20,0,NORMAL,0
242.01,-1.6,0,1.0,0,0,1,7.3,0,76.2,0,1,0.92,10,0,NORMAL,0
4003.97,0.75,0,1.0,0,0,1,3.2,0,98.0,0,1,0.98,11,0,NORMAL,0
686.0,-1.32,0,1.0,0,0,1,22.2,0,83.4,0,1,0.98,14,0,NORMAL,0
1848.52,-0.59,0,1.0,0,0,1,6.5,0,95.8,0,1,0.93,17,0,NORMAL,0
2881.34,0.05,0,1.0,0,0,1,19.2,0,96.5,0,1,0.93,19,0,NORMAL,0
4825.14,1.27,0,0.8,0,0,1,30.8,0,96.3,0,1,0.91,9,0,NORMAL,0
2520.89,-0.17,0,1.0,0,0,1,0.1,0,98.3,0,1,0.97,9,0,NORMAL,0
4908.12,1.32,0,1.0,0,0,1,36.8,0,93.6,0,1,0.96,18,0,NORMAL,0
2428.92,-0.23,0,1.0,0,0,0,11.4,0,84.5,0,1,0.93,22,0,NORMAL,0
2085.58,-0.45,0,1.0,0,0,1,16.4,0,75.7,0,1,0.92,16,0,NORMAL,0
2501.48,-0.19,0,0.8,0,0,1,58.4,0,87.5,1,1,0.97,18,0,NORMAL,0
1601.36,-0.75,0,0.8,0,0,0,32.4,0,78.7,0,1,0.92,21,0,NORMAL,0
2038.39,-0.48,0,1.0,0,0,1,77.7,0,87.2,0,1,0.91,22,0,NORMAL,0
5159.17,1.47,0,1.0,0,0,1,23.2,0,75.6,0,1,0.96,19,0,NORMAL,0
27501.08,15.44,2,0.8,1,0,1,151.6,0,54.9,1,1,0.7,13,0,SUSPICIOUS,1
2235.47,-0.35,1,1.0,1,0,1,39.2,0,86.8,0,1,0.98,16,0,NORMAL,0
278.53,-1.58,0,1.0,0,0,1,8.3,0,75.0,0,1,0.93,17,0,NORMAL,0
3885.68,0.68,0,1.0,1,0,1,0.0,0,79.7,0,1,0.97,12,0,NORMAL,0
3160.52,0.23,0,1.0,0,0,1,42.0,0,92.5,1,1,0.94,10,0,NORMAL,0
1352.47,-0.9,0,1.0,0,0,1,35.3,0,81.2,0,1,0.91,20,0,NORMAL,0
1330.6,-0.92,1,1.0,0,0,1,11.4,0,86.7,0,1,0.91,11,0,NORMAL,0
5000.09,1.38,0,1.0,0,0,1,0.0,0,82.0,0,1,0.94,22,0,NORMAL,0
2048.24,-0.47,0,1.0,0,0,1,21.4,0,97.2,0,1,0.95,13,0,NORMAL,0
6430.39,2.27,0,1.0,0,0,1,18.8,0,91.0,0,1,0.94,17,0,NORMAL,0
4245.91,0.9,0,1.0,0,0,1,5.5,0,91.8,0,1,0.96,10,0,NORMAL,0
50.0,-1.72,1,1.0,0,0,1,9.4,0,75.8,0,1,0.97,20,0,NORMAL,0
2905.63,0.07,0,1.0,1,0,1,0.0,0,99.5,0,1,0.94,15,0,NORMAL,0
3574.15,0.48,0,1.0,0,0,1,14.2,0,87.2,0,1,0.91,11,0,NORMAL,0
640.45,-1.35,0,1.0,0,0,1,26.8,0,99.4,0,1,0.93,10,0,NORMAL,0
2343.7,-0.29,0,1.0,0,0,1,34.2,0,87.2,0,1,0.99,9,0,NORMAL,0
118059.29,72.04,2,0.0,5,1,0,2739.8,1,5.2,1,2,0.14,2,1,FRAUD,2
125.65,-1.67,0,1.0,0,0,1,32.0,0,95.9,0,1,0.94,12,0,NORMAL,0
46282.22,27.18,1,0.5,1,0,1,194.8,0,74.9,0,2,0.79,23,1,SUSPICIOUS,1
86972.26,52.61,2,0.2,6,1,0,1863.0,1,25.8,1,2,0.15,2,1,FRAUD,2
1312.37,-0.93,0,1.0,0,0,1,29.8,0,75.7,0,1,0.97,20,0,NORMAL,0
1914.81,-0.55,0,1.0,0,0,1,3.5,0,97.3,0,1,0.96,21,0,NORMAL,0
3230.31,0.27,0,0.8,0,0,1,48.8,0,76.0,0,1,0.93,9,0,NORMAL,0
3939.74,0.71,0,1.0,0,0,1,26.6,0,91.2,0,1,0.92,21,0,NORMAL,0
2306.85,-0.31,0,1.0,0,0,1,8.1,0,91.3,0,1,0.97,19,0,NORMAL,0
3052.22,0.16,0,1.0,0,0,0,21.4,0,84.3,0,1,0.98,9,0,NORMAL,0
484.84,-1.45,0,1.0,0,0,1,0.0,0,81.0,0,1,0.99,15,0,NORMAL,0
2785.04,-0.01,1,1.0,1,0,1,3.8,0,92.7,0,1,0.95,10,0,NORMAL,0
2014.71,-0.49,0,1.0,0,0,1,0.0,0,77.4,0,1,0.99,20,0,NORMAL,0
3410.91,0.38,0,0.8,0,0,1,38.2,0,93.9,0,1,0.94,22,0,NORMAL,0
61116.87,36.45,2,0.2,4,1,0,3861.4,1,26.1,1,3,0.24,0,1,FRAUD,2
3811.75,0.63,0,1.0,0,0,0,54.7,0,98.0,0,1,0.97,16,0,NORMAL,0
2915.42,0.07,0,0.8,0,0,1,61.3,0,76.3,0,1,0.94,9,0,NORMAL,0
1727.35,-0.67,0,1.0,0,0,1,0.0,0,85.2,0,1,0.91,21,0,NORMAL,0
5286.85,1.55,0,1.0,1,0,1,42.4,0,98.8,0,1,0.96,22,0,NORMAL,0
2421.44,-0.24,0,1.0,0,0,1,0.0,0,83.7,0,1,0.9,19,0,NORMAL,0
5951.11,1.97,0,1.0,0,0,1,0.3,0,95.8,0,1,0.94,18,0,NORMAL,0
3735.93,0.58,1,1.0,0,0,0,16.1,0,84.3,0,1,0.92,17,0,NORMAL,0
1907.07,-0.56,1,0.8,0,0,0,11.5,0,90.6,1,1,0.9,22,0,NORMAL,0
49834.02,29.4,1,0.5,1,0,1,342.8,0,52.9,0,1,0.81,17,0,SUSPICIOUS,1
3198.65,0.25,0,1.0,0,0,1,24.4,0,80.9,0,1,0.96,13,0,NORMAL,0
2296.64,-0.31,0,1.0,0,0,0,45.6,0,76.2,0,1,0.9,16,0,NORMAL,0
48969.96,28.86,1,0.5,1,1,0,97.0,0,56.4,1,1,0.73,7,1,SUSPICIOUS,1
99035.51,60.15,2,0.0,7,1,0,1978.6,1,14.4,1,3,0.29,3,1,FRAUD,2
4523.99,1.08,0,1.0,1,0,1,5.8,0,87.2,0,1,0.91,10,0,NORMAL,0
621.24,-1.36,1,1.0,0,0,1,38.9,0,96.2,0,1,0.95,12,0,NORMAL,0
5867.66,1.92,0,1.0,0,0,0,31.6,0,81.4,0,1,0.94,15,0,NORMAL,0
2716.78,-0.05,0,1.0,0,0,0,0.6,0,97.2,0,1,0.94,22,0,NORMAL,0
3361.86,0.35,0,1.0,0,0,1,28.5,0,79.1,0,1,0.92,14,0,NORMAL,0
50.0,-1.72,0,1.0,1,0,1,0.0,0,89.8,0,1,0.97,21,0,NORMAL,0
138843.52,85.03,2,0.0,6,1,0,4266.3,1,29.7,1,3,0.55,2,1,FRAUD,2
1805.13,-0.62,0,1.0,1,0,1,0.0,0,88.1,0,1,0.94,20,0,NORMAL,0
4413.47,1.01,0,1.0,0,0,1,16.9,0,97.2,0,1,0.93,20,0,NORMAL,0
2146.85,-0.41,0,1.0,0,0,1,11.8,0,79.8,0,1,0.95,13,0,NORMAL,0
1861.85,-0.59,0,1.0,0,0,1,0.0,0,94.2,0,1,0.96,18,0,NORMAL,0
124483.02,76.05,2,0.0,7,1,0,3851.6,1,18.7,1,2,0.34,5,1,FRAUD,2
3266.96,0.29,0,1.0,0,0,1,25.4,0,86.1,0,1,0.99,12,0,NORMAL,0
2989.33,0.12,0,1.0,0,0,1,0.0,0,87.5,0,1,0.91,9,0,NORMAL,0
5153.78,1.47,0,1.0,0,0,1,20.8,0,82.7,0,1,0.98,15,0,NORMAL,0
4554.58,1.1,0,1.0,0,0,1,6.4,0,82.6,0,1,0.93,10,0,NORMAL,0
75563.84,45.48,2,0.0,3,1,0,2943.9,1,27.9,1,3,0.34,0,1,FRAUD,2
4771.91,1.23,0,1.0,1,0,1,26.9,0,76.7,1,1,0.97,13,0,NORMAL,0
2378.31,-0.26,0,0.8,0,0,1,0.3,0,88.0,1,1,0.98,13,0,NORMAL,0
2924.3,0.08,0,1.0,0,0,1,24.8,0,79.7,0,1,0.94,17,0,NORMAL,0
2296.89,-0.31,0,1.0,0,0,1,41.5,0,77.6,1,1,0.92,22,0,NORMAL,0
2181.16,-0.39,0,1.0,0,0,1,29.5,0,87.4,0,1,0.96,22,0,NORMAL,0
3949.75,0.72,0,1.0,1,0,1,11.8,0,76.6,0,1,0.98,18,0,NORMAL,0
3575.25,0.48,0,0.8,1,0,0,35.1,0,90.6,0,1,0.91,10,0,NORMAL,0
3227.16,0.27,0,0.8,0,0,1,48.6,0,90.7,0,1,0.92,12,0,NORMAL,0
2682.09,-0.07,1,1.0,0,0,1,21.4,0,94.5,0,1,0.92,9,0,NORMAL,0
3613.84,0.51,1,1.0,0,0,1,34.4,0,81.0,0,1,0.94,20,0,NORMAL,0
1544.03,-0.78,0,1.0,0,0,1,29.1,0,95.6,0,1,0.94,16,0,NORMAL,0
4692.64,1.18,0,1.0,0,0,1,25.1,0,92.5,0,1,0.94,18,0,NORMAL,0
4357.14,0.97,0,1.0,0,0,1,18.2,0,92.1,0,1,0.93,11,0,NORMAL,0
4628.44,1.14,0,1.0,0,0,1,8.1,0,96.5,0,1,0.96,17,0,NORMAL,0
30323.49,17.2,1,0.8,1,0,0,329.4,0,67.2,1,1,0.7,16,0,SUSPICIOUS,1
5094.22,1.43,0,1.0,0,0,0,1.1,0,92.2,0,1,0.97,17,0,NORMAL,0
1414.55,-0.87,1,1.0,0,0,1,14.7,0,89.1,0,1,0.94,11,0,NORMAL,0
1186.83,-1.01,0,0.8,0,0,1,0.0,0,83.7,0,1,0.96,10,0,NORMAL,0
50.0,-1.72,0,1.0,0,0,1,22.1,0,98.1,0,1,0.97,9,0,NORMAL,0
4959.11,1.35,0,1.0,0,0,0,0.0,0,88.4,0,1,0.92,22,0,NORMAL,0
1601.43,-0.75,0,1.0,0,0,1,0.0,0,98.2,0,1,0.98,12,0,NORMAL,0
34171.71,19.61,2,0.8,1,0,0,117.1,0,74.9,0,1,0.79,12,0,SUSPICIOUS,1
2680.01,-0.07,0,1.0,0,0,1,4.5,0,78.3,0,1,0.96,10,0,NORMAL,0
3518.57,0.45,0,1.0,0,0,1,21.4,0,83.3,0,1,0.95,9,0,NORMAL,0
43890.28,25.68,2,0.8,2,0,1,177.5,0,49.4,1,1,0.8,10,0,SUSPICIOUS,1
2296.31,-0.31,0,1.0,0,0,1,21.5,0,87.0,0,1,0.92,9,0,NORMAL,0
1109.47,-1.06,0,1.0,0,0,1,24.9,0,93.7,0,1,0.91,19,0,NORMAL,0
168.05,-1.64,0,0.8,0,0,1,21.4,0,99.8,0,1,0.91,16,0,NORMAL,0
37787.99,21.87,2,0.8,1,0,1,102.6,0,68.2,0,2,0.76,3,1,SUSPICIOUS,1
5070.19,1.42,1,1.0,0,0,1,0.0,0,95.2,0,1,0.94,9,0,NORMAL,0
49332.18,29.08,1,0.5,1,0,1,97.8,0,59.1,1,1,0.79,3,1,SUSPICIOUS,1
5481.02,1.68,0,1.0,0,0,1,11.1,0,75.4,0,1,0.91,13,0,NORMAL,0
3803.11,0.63,0,1.0,0,0,1,29.9,0,87.6,0,1,0.96,22,0,NORMAL,0
107068.86,65.17,2,0.2,4,1,0,1130.5,1,14.8,1,3,0.31,3,1,FRAUD,2
2180.02,-0.39,0,1.0,0,0,1,10.1,0,80.6,0,1,0.94,22,0,NORMAL,0
3434.24,0.4,0,1.0,0,0,1,6.4,0,89.0,0,1,0.91,9,0,NORMAL,0
25212.15,14.01,1,0.5,1,1,0,241.2,0,62.1,0,1,0.82,16,0,SUSPICIOUS,1
4399.21,1.0,0,1.0,1,0,1,32.5,0,91.3,0,1,0.94,19,0,NORMAL,0
3711.84,0.57,1,1.0,0,0,1,32.3,0,100.0,0,1,0.97,10,0,NORMAL,0
3069.98,0.17,0,1.0,0,0,1,0.2,0,85.8,0,1,0.94,13,0,NORMAL,0
4838.5,1.27,0,1.0,0,0,1,0.0,0,76.2,0,1,0.95,14,0,NORMAL,0
2793.94,-0.0,0,1.0,0,0,1,17.2,0,81.8,0,1,0.95,16,0,NORMAL,0
3081.41,0.18,0,1.0,0,0,1,0.0,0,94.2,0,1,0.9,13,0,NORMAL,0
1254.45,-0.97,0,1.0,0,0,0,0.0,0,80.1,0,1,0.96,12,0,NORMAL,0
544.19,-1.41,0,1.0,1,0,1,5.4,0,88.7,0,1,0.98,12,0,NORMAL,0
26453.78,14.78,1,0.8,2,0,0,189.8,0,71.0,1,2,0.88,23,1,SUSPICIOUS,1
77692.82,46.81,2,0.0,7,1,0,2840.4,1,15.6,1,3,0.35,3,1,FRAUD,2
2638.89,-0.1,0,1.0,0,0,1,0.0,0,99.8,0,1,0.94,22,0,NORMAL,0
2581.57,-0.14,0,1.0,0,0,1,24.0,0,90.3,1,1,0.96,19,0,NORMAL,0
110907.17,67.57,2,0.2,7,1,0,3887.8,1,19.3,1,3,0.39,3,1,FRAUD,2
3040.38,0.15,0,1.0,0,0,0,9.6,0,97.9,0,1,0.97,9,0,NORMAL,0
731.18,-1.29,1,0.8,0,0,0,42.1,0,86.2,0,1,0.97,9,0,NORMAL,0
3528.5,0.46,0,1.0,0,0,0,14.6,0,96.2,0,1,0.96,12,0,NORMAL,0
606.65,-1.37,1,1.0,0,0,1,46.9,0,91.3,0,1,0.95,10,0,NORMAL,0
824.87,-1.23,0,1.0,0,0,1,0.0,0,82.2,0,1,0.9,22,0,NORMAL,0
5019.6,1.39,0,1.0,0,0,1,23.5,0,88.8,0,1,0.92,17,0,NORMAL,0
4697.15,1.19,0,0.8,0,0,1,0.0,0,94.1,0,1,0.94,21,0,NORMAL,0
1512.4,-0.8,0,1.0,0,0,1,46.2,0,84.9,0,1,0.92,10,0,NORMAL,0
3170.89,0.23,0,1.0,1,0,1,3.5,0,80.4,0,1,0.95,20,0,NORMAL,0
4010.7,0.76,1,1.0,0,0,1,51.5,0,80.4,0,1,0.91,11,0,NORMAL,0
2575.49,-0.14,0,1.0,0,0,1,55.4,0,95.7,0,1,0.98,20,0,NORMAL,0
124184.78,75.87,2,0.0,5,1,0,3876.3,1,22.9,1,2,0.27,4,1,FRAUD,2
1926.95,-0.55,0,0.8,0,0,1,32.0,0,95.1,0,1,0.96,15,0,NORMAL,0
5129.13,1.46,0,1.0,0,0,0,14.9,0,79.4,0,1,0.93,15,0,NORMAL,0
2235.85,-0.35,0,1.0,0,0,1,29.0,0,87.1,0,1,0.93,11,0,NORMAL,0
1402.76,-0.87,0,1.0,0,0,1,12.7,0,97.8,0,1,0.9,14,0,NORMAL,0
2135.64,-0.42,0,1.0,0,0,1,49.1,0,75.6,0,1,0.91,20,0,NORMAL,0
3197.17,0.25,1,1.0,0,0,0,13.1,0,87.3,0,1,0.91,15,0,NORMAL,0
3621.63,0.51,0,1.0,0,0,1,53.4,0,95.7,0,1,0.98,10,0,NORMAL,0
1556.76,-0.78,0,1.0,0,0,0,17.3,0,83.6,0,1,0.96,20,0,NORMAL,0
3613.26,0.51,0,1.0,0,0,0,0.0,0,76.9,0,1,0.96,17,0,NORMAL,0
4861.65,1.29,0,1.0,0,0,1,0.4,0,90.5,0,1,0.98,17,0,NORMAL,0
4303.41,0.94,0,1.0,0,0,1,19.3,0,94.7,0,1,0.91,15,0,NORMAL,0
43111.51,25.19,1,0.8,1,0,0,244.5,0,45.2,1,1,0.86,2,1,SUSPICIOUS,1
1931.77,-0.54,0,0.8,0,0,0,0.0,0,94.7,0,1,0.92,14,0,NORMAL,0
4104.76,0.82,1,1.0,0,0,1,16.8,0,87.2,0,1,0.93,17,0,NORMAL,0
2736.27,-0.04,0,1.0,0,0,1,42.8,0,95.1,1,1,0.98,15,0,NORMAL,0
1774.59,-0.64,0,1.0,0,0,1,0.0,0,78.0,0,1,0.99,22,0,NORMAL,0
3110.08,0.19,1,1.0,0,0,1,35.5,0,86.6,0,1,0.97,19,0,NORMAL,0
2487.19,-0.2,0,1.0,1,0,1,30.8,0,86.4,0,1,0.9,20,0,NORMAL,0
5252.65,1.53,0,1.0,0,0,1,31.2,0,96.1,0,1,0.92,22,0,NORMAL,0
27811.01,15.63,1,0.8,1,0,0,252.5,0,59.3,1,1,0.82,5,1,SUSPICIOUS,1
2180.19,-0.39,0,1.0,1,0,1,30.1,0,85.7,0,1,0.97,13,0,NORMAL,0
36882.59,21.3,2,0.8,1,0,0,318.0,0,48.4,1,1,0.86,3,1,SUSPICIOUS,1
2272.52,-0.33,1,1.0,0,0,1,0.0,0,85.4,0,1,0.95,17,0,NORMAL,0
29879.85,16.92,1,0.8,1,0,0,276.9,0,52.6,1,2,0.75,23,1,SUSPICIOUS,1
2758.83,-0.03,0,1.0,0,0,1,0.0,0,75.8,0,1,0.9,11,0,NORMAL,0
5523.83,1.7,0,1.0,1,0,1,0.0,0,81.9,0,1,0.9,11,0,NORMAL,0
6566.48,2.35,0,1.0,0,0,1,0.0,0,94.6,0,1,0.96,18,0,NORMAL,0
4685.43,1.18,0,1.0,0,0,1,16.4,0,78.0,0,1,0.9,14,0,NORMAL,0
69665.86,41.79,2,0.0,5,1,0,2534.5,1,28.4,1,2,0.12,3,1,FRAUD,2
25007.74,13.88,2,0.8,2,0,1,188.5,0,47.1,1,1,0.88,8,0,SUSPICIOUS,1
3512.05,0.45,0,1.0,0,0,1,45.5,0,84.6,0,1,0.95,13,0,NORMAL,0
1560.29,-0.77,0,1.0,0,0,0,39.3,0,91.7,0,1,0.97,13,0,NORMAL,0
35640.54,20.53,1,0.8,1,0,1,339.9,0,49.6,1,1,0.79,15,0,SUSPICIOUS,1
4103.37,0.81,0,1.0,0,0,1,8.6,0,91.4,0,1,0.94,14,0,NORMAL,0
2512.15,-0.18,1,0.8,0,0,0,9.7,0,91.1,0,1,0.99,10,0,NORMAL,0
5031.25,1.39,0,1.0,0,0,1,30.3,0,83.5,0,1,0.98,10,0,NORMAL,0
3678.6,0.55,0,1.0,0,0,0,4.4,0,78.3,0,1,0.94,18,0,NORMAL,0
29453.31,16.66,2,0.8,1,1,0,164.1,0,62.5,1,1,0.83,11,0,SUSPICIOUS,1
4670.22,1.17,1,1.0,0,0,1,34.7,0,96.7,0,1,0.95,13,0,NORMAL,0
45320.58,26.58,1,0.5,1,0,1,214.5,0,52.4,1,2,0.82,16,0,SUSPICIOUS,1
3920.95,0.7,0,1.0,0,0,1,17.5,0,93.0,0,1,0.91,18,0,NORMAL,0
50.0,-1.72,0,1.0,0,0,1,11.5,0,82.5,1,1,0.93,17,0,NORMAL,0
2866.5,0.04,0,1.0,0,0,1,19.6,0,98.1,0,1,0.93,22,0,NORMAL,0
36459.98,21.04,1,0.5,1,0,1,175.4,0,63.9,1,1,0.77,0,1,SUSPICIOUS,1
1564.56,-0.77,0,1.0,0,0,0,28.1,0,75.9,0,1,0.98,13,0,NORMAL,0
2018.26,-0.49,0,1.0,0,0,1,47.0,0,99.5,0,1,0.96,12,0,NORMAL,0
2229.66,-0.36,0,0.8,0,0,1,6.4,0,77.6,0,1,0.94,21,0,NORMAL,0
3208.22,0.26,0,1.0,0,0,1,0.0,0,88.8,0,1,0.93,17,0,NORMAL,0
33234.68,19.02,1,0.8,1,1,0,189.7,0,45.9,1,1,0.75,18,0,SUSPICIOUS,1
1048.98,-1.09,0,1.0,0,0,1,40.2,0,75.6,1,1,0.98,13,0,NORMAL,0
70422.44,42.26,2,0.2,3,1,0,1594.9,1,28.6,1,2,0.2,3,1,FRAUD,2
2937.98,0.09,0,1.0,0,0,1,1.3,0,84.0,0,1,0.94,19,0,NORMAL,0
3555.41,0.47,0,1.0,0,0,0,0.0,0,82.3,0,1,0.91,14,0,NORMAL,0
4173.4,0.86,1,1.0,0,0,1,22.3,0,99.5,0,1,0.97,22,0,NORMAL,0
2836.5,0.02,0,0.8,0,0,1,0.0,0,89.2,0,1,0.97,12,0,NORMAL,0
2560.97,-0.15,0,1.0,0,0,1,0.0,0,83.4,0,1,0.99,22,0,NORMAL,0
3811.58,0.63,0,1.0,0,0,1,4.9,0,85.1,0,1,0.9,11,0,NORMAL,0
4457.47,1.04,0,1.0,0,0,1,32.1,0,96.6,0,1,0.97,9,0,NORMAL,0
49307.34,29.07,1,0.8,1,0,0,122.6,0,67.1,0,1,0.83,10,0,SUSPICIOUS,1
4029.89,0.77,0,1.0,0,0,1,30.8,0,94.0,0,1,0.99,18,0,NORMAL,0
2093.28,-0.44,0,0.8,0,0,1,37.8,0,90.7,1,1,0.92,20,0,NORMAL,0
3603.58,0.5,1,1.0,0,0,1,0.0,0,81.6,0,1,0.97,18,0,NORMAL,0
1605.38,-0.75,0,1.0,0,0,0,6.2,0,95.4,0,1,0.95,18,0,NORMAL,0
49495.08,29.18,1,0.8,1,1,1,92.1,0,61.3,0,1,0.76,7,1,SUSPICIOUS,1
44456.64,26.04,2,0.5,1,0,1,206.1,0,59.1,1,2,0.75,15,0,SUSPICIOUS,1
132913.84,81.32,2,0.2,5,1,0,2226.0,1,17.7,1,3,0.5,5,1,FRAUD,2
2007.45,-0.5,0,1.0,1,0,1,6.5,0,77.8,0,1,0.93,18,0,NORMAL,0
70116.42,42.07,2,0.0,3,1,0,2117.8,1,16.1,1,2,0.16,1,1,FRAUD,2
1195.9,-1.0,1,0.8,0,0,1,42.2,0,82.4,0,1,0.94,11,0,NORMAL,0
5124.88,1.45,0,1.0,0,0,1,8.0,0,75.3,0,1,0.96,21,0,NORMAL,0
99565.55,60.48,2,0.0,7,1,0,1945.6,1,11.7,1,2,0.47,3,1,FRAUD,2
507.14,-1.43,0,1.0,0,0,0,58.8,0,86.2,0,1,0.91,13,0,NORMAL,0
2335.87,-0.29,0,1.0,0,0,1,0.0,0,99.7,0,1,0.98,9,0,NORMAL,0
3052.74,0.16,0,1.0,0,0,1,4.4,0,99.4,1,1,0.91,21,0,NORMAL,0
1964.16,-0.52,0,1.0,0,0,0,0.0,0,77.7,0,1,0.95,12,0,NORMAL,0
2947.4,0.09,0,1.0,0,0,1,19.2,0,83.6,1,1,0.92,18,0,NORMAL,0
2263.83,-0.34,0,1.0,0,0,1,21.2,0,88.9,0,1,0.98,18,0,NORMAL,0
49048.12,28.91,2,0.8,1,0,1,181.2,0,50.1,1,1,0.81,21,0,SUSPICIOUS,1
1516.49,-0.8,0,1.0,0,0,1,41.9,0,93.7,0,1,0.96,12,0,NORMAL,0
448.68,-1.47,0,1.0,0,0,0,50.1,0,95.6,0,1,0.95,11,0,NORMAL,0
1927.02,-0.55,0,1.0,0,0,1,24.6,0,82.3,0,1,0.97,13,0,NORMAL,0
4678.86,1.17,1,1.0,0,0,1,25.3,0,95.4,0,1,0.97,20,0,NORMAL,0
992.8,-1.13,1,1.0,0,0,1,0.1,0,90.8,0,1,0.93,20,0,NORMAL,0
30567.35,17.35,1,0.5,1,0,1,308.4,0,54.4,1,1,0.76,18,0,SUSPICIOUS,1
1888.81,-0.57,0,0.8,0,0,1,26.0,0,86.2,0,1,0.96,17,0,NORMAL,0
4917.16,1.32,1,1.0,1,0,1,29.7,0,83.7,0,1,0.93,14,0,NORMAL,0
668.41,-1.33,0,0.8,0,0,1,49.4,0,79.4,0,1,0.94,9,0,NORMAL,0
3390.27,0.37,0,1.0,0,0,1,15.2,0,84.0,0,1,0.98,10,0,NORMAL,0
5370.02,1.61,0,1.0,0,0,1,0.0,0,93.9,0,1,0.94,18,0,NORMAL,0
2569.7,-0.14,0,1.0,0,0,1,19.6,0,88.1,0,1,0.95,19,0,NORMAL,0
1468.69,-0.83,0,1.0,0,0,1,0.0,0,86.5,1,1,0.9,18,0,NORMAL,0
771.53,-1.27,1,1.0,0,0,1,0.0,0,89.8,0,1,0.92,18,0,NORMAL,0
3334.88,0.33,0,0.8,0,0,1,44.1,0,83.6,0,1,0.92,9,0,NORMAL,0
4716.16,1.2,0,1.0,0,0,1,17.6,0,89.8,0,1,0.98,14,0,NORMAL,0
1299.27,-0.94,0,1.0,0,0,1,47.0,0,77.3,1,1,0.97,14,0,NORMAL,0
4487.23,1.05,0,1.0,0,0,1,4.9,0,78.9,1,1,0.96,18,0,NORMAL,0
2348.86,-0.28,0,1.0,0,0,1,17.1,0,76.7,0,1,0.92,11,0,NORMAL,0
43733.38,25.58,1,0.8,2,0,0,307.7,0,62.3,1,1,0.88,11,0,SUSPICIOUS,1
2675.03,-0.08,0,1.0,1,0,1,4.5,0,99.7,0,1,0.9,15,0,NORMAL,0
87963.38,53.23,2,0.0,4,1,0,2429.2,1,13.5,1,2,0.23,23,1,FRAUD,2
5059.99,1.41,0,1.0,0,0,1,12.3,0,98.1,0,1,0.91,20,0,NORMAL,0
36007.82,20.75,2,0.8,2,0,0,329.6,0,66.6,0,1,0.85,10,0,SUSPICIOUS,1
3563.21,0.48,0,1.0,0,0,0,13.1,0,97.1,0,1,0.96,11,0,NORMAL,0
5580.65,1.74,0,1.0,0,0,1,0.0,0,75.7,0,1,0.97,14,0,NORMAL,0
93135.12,56.46,2,0.0,4,1,0,1049.4,1,17.3,1,2,0.17,0,1,FRAUD,2
3633.71,0.52,0,1.0,0,0,1,19.8,0,87.8,0,1,0.98,20,0,NORMAL,0
4285.35,0.93,1,1.0,0,0,0,15.4,0,82.5,0,1,0.92,22,0,NORMAL,0
1938.65,-0.54,0,1.0,0,0,1,6.3,0,81.7,0,1,0.9,13,0,NORMAL,0
34358.43,19.72,2,0.8,1,0,0,182.6,0,69.2,1,1,0.82,3,1,SUSPICIOUS,1
2371.08,-0.27,0,1.0,0,0,1,12.5,0,80.4,0,1,0.92,20,0,NORMAL,0
50.0,-1.72,0,1.0,0,0,1,21.5,0,83.4,0,1,0.93,18,0,NORMAL,0
4108.99,0.82,0,1.0,0,0,1,0.7,0,78.6,0,1,0.98,12,0,NORMAL,0
3303.62,0.31,0,1.0,0,0,1,0.0,0,95.7,0,1,0.93,19,0,NORMAL,0
4060.94,0.79,0,1.0,1,0,0,5.4,0,84.0,0,1,0.93,15,0,NORMAL,0
111266.71,67.79,2,0.0,7,1,0,4030.5,1,17.8,1,3,0.1,0,1,FRAUD,2
3425.4,0.39,0,1.0,0,0,1,37.0,0,94.8,0,1,0.96,19,0,NORMAL,0
775.66,-1.27,0,1.0,0,0,1,52.7,0,98.3,0,1,0.91,10,0,NORMAL,0
3445.9,0.4,0,1.0,0,0,1,0.0,0,89.4,0,1,0.92,11,0,NORMAL,0
4810.41,1.26,0,1.0,0,0,0,37.5,0,76.4,0,1,0.95,14,0,NORMAL,0
1511.6,-0.81,0,1.0,0,0,1,43.5,0,95.0,0,1,0.93,17,0,NORMAL,0
83620.33,50.51,2,0.2,3,1,0,3376.1,1,26.1,1,3,0.2,1,1,FRAUD,2
4057.56,0.79,0,1.0,0,0,1,26.8,0,89.5,0,1,0.92,19,0,NORMAL,0
1760.04,-0.65,0,1.0,0,0,1,3.9,0,99.9,0,1,0.91,14,0,NORMAL,0
4756.97,1.22,0,1.0,0,0,1,16.7,0,90.3,0,1,0.94,21,0,NORMAL,0
4237.19,0.9,0,1.0,0,0,0,11.7,0,79.4,0,1,0.97,10,0,NORMAL,0
4059.25,0.79,0,1.0,0,0,1,0.0,0,93.1,0,1,0.93,22,0,NORMAL,0
3557.34,0.47,0,1.0,0,0,1,13.2,0,84.1,0,1,0.95,21,0,NORMAL,0
1951.86,-0.53,1,1.0,0,0,1,16.9,0,78.6,0,1,0.9,17,0,NORMAL,0
1692.43,-0.69,0,1.0,0,0,1,17.7,0,83.6,0,1,0.95,14,0,NORMAL,0
3775.54,0.61,0,1.0,0,0,1,20.6,0,76.6,0,1,0.97,14,0,NORMAL,0
3860.03,0.66,1,1.0,0,0,1,35.7,0,94.3,0,1,0.98,12,0,NORMAL,0
44337.67,25.96,2,0.8,1,0,0,163.7,0,67.2,0,2,0.71,14,0,SUSPICIOUS,1
4420.1,1.01,0,1.0,0,0,0,26.8,0,75.4,0,1,0.99,10,0,NORMAL,0
1269.08,-0.96,0,1.0,0,0,0,41.3,0,84.8,0,1,0.95,18,0,NORMAL,0
3833.67,0.65,0,0.8,0,0,0,0.0,0,88.0,0,1,0.91,18,0,NORMAL,0
3547.25,0.47,1,1.0,0,0,1,18.6,0,81.8,0,1,0.96,18,0,NORMAL,0
3695.09,0.56,0,1.0,0,0,1,0.0,0,91.5,0,1,0.93,14,0,NORMAL,0
29252.04,16.53,1,0.8,1,1,0,206.8,0,71.3,0,2,0.81,3,1,SUSPICIOUS,1
2776.12,-0.01,0,1.0,1,0,1,3.4,0,91.5,0,1,0.97,9,0,NORMAL,0
2513.43,-0.18,0,1.0,0,0,1,13.1,0,76.0,0,1,0.94,22,0,NORMAL,0
6170.99,2.11,0,0.8,0,0,0,0.0,0,78.4,0,1,0.96,22,0,NORMAL,0
3373.42,0.36,0,1.0,1,0,0,12.6,0,86.8,0,1,0.92,22,0,NORMAL,0
5878.14,1.92,0,1.0,0,0,1,14.5,0,92.5,0,1,0.96,11,0,NORMAL,0
65470.37,39.17,2,0.2,4,1,0,4271.3,1,9.1,1,3,0.21,23,1,FRAUD,2
4118.87,0.82,0,1.0,0,0,1,6.7,0,95.3,0,1,0.92,21,0,NORMAL,0
49178.03,28.99,1,0.8,1,0,0,165.6,0,61.1,1,1,0.73,22,0,SUSPICIOUS,1
50.0,-1.72,0,1.0,0,0,1,35.9,0,95.5,0,1,0.97,22,0,NORMAL,0
1341.15,-0.91,0,0.8,0,0,1,20.2,0,92.7,0,1,0.93,9,0,NORMAL,0
1899.66,-0.56,0,1.0,0,0,1,0.0,0,79.5,0,1,0.98,22,0,NORMAL,0
2709.03,-0.06,0,1.0,0,0,0,39.0,0,89.7,0,1,0.95,19,0,NORMAL,0
3849.8,0.66,0,1.0,0,0,1,0.0,0,91.2,0,1,0.98,20,0,NORMAL,0
1425.48,-0.86,0,0.8,0,0,1,15.5,0,80.6,0,1,0.98,18,0,NORMAL,0
39045.35,22.65,1,0.5,2,1,0,229.7,0,63.5,1,1,0.74,4,1,SUSPICIOUS,1
38494.36,22.31,1,0.8,1,1,1,277.4,0,65.3,1,1,0.8,4,1,SUSPICIOUS,1
68067.11,40.79,2,0.0,6,1,0,1908.1,1,18.3,1,4,0.31,0,1,FRAUD,2
2441.7,-0.22,0,1.0,0,0,1,13.4,0,76.9,0,1,0.97,11,0,NORMAL,0
2396.57,-0.25,0,1.0,0,0,1,0.9,0,93.0,0,1,0.91,18,0,NORMAL,0
1358.18,-0.9,0,1.0,0,0,1,0.5,0,89.3,0,1,0.93,12,0,NORMAL,0
2261.03,-0.34,0,1.0,0,0,0,35.9,0,92.4,0,1,0.93,13,0,NORMAL,0
5535.53,1.71,0,1.0,0,0,1,39.2,0,84.3,0,1,0.95,12,0,NORMAL,0
115008.78,70.13,2,0.0,7,1,0,3885.1,1,20.4,1,3,0.23,1,1,FRAUD,2
1150.54,-1.03,0,1.0,0,0,1,22.6,0,88.6,0,1,0.99,15,0,NORMAL,0
50.0,-1.72,0,1.0,1,0,1,0.9,0,86.5,0,1,0.92,11,0,NORMAL,0
1790.97,-0.63,0,1.0,0,0,1,0.0,0,82.3,0,1,0.91,14,0,NORMAL,0
2445.18,-0.22,0,1.0,0,0,0,20.9,0,84.4,0,1,0.98,18,0,NORMAL,0
1238.57,-0.98,0,1.0,0,0,1,8.4,0,96.8,0,1,0.92,15,0,NORMAL,0
4086.29,0.8,0,0.8,0,0,1,16.4,0,95.0,0,1,0.91,16,0,NORMAL,0
4254.02,0.91,0,1.0,0,0,1,30.9,0,94.4,1,1,0.91,21,0,NORMAL,0
2087.96,-0.45,0,1.0,0,0,1,0.0,0,97.1,0,1,0.94,14,0,NORMAL,0
4001.79,0.75,0,1.0,1,0,1,0.0,0,93.8,0,1,0.94,20,0,NORMAL,0
4554.29,1.1,0,1.0,0,0,0,26.3,0,79.9,0,1,0.98,9,0,NORMAL,0
1940.54,-0.54,0,1.0,0,0,1,0.0,0,84.5,0,1,0.94,15,0,NORMAL,0
50.0,-1.72,0,1.0,1,0,1,0.0,0,90.4,0,1,0.94,12,0,NORMAL,0
4326.56,0.95,0,1.0,0,0,1,20.6,0,88.7,0,1,0.91,18,0,NORMAL,0
4077.71,0.8,0,1.0,0,0,1,9.0,0,85.3,0,1,0.95,10,0,NORMAL,0
2456.77,-0.21,0,1.0,0,0,1,32.3,0,87.6,0,1,0.95,16,0,NORMAL,0
2583.5,-0.14,0,1.0,0,0,1,0.0,0,81.6,0,1,0.92,11,0,NORMAL,0
4390.36,0.99,0,1.0,0,0,1,28.2,0,92.4,0,1,0.91,22,0,NORMAL,0
50.0,-1.72,0,1.0,0,0,1,51.3,0,90.7,0,1,0.9,18,0,NORMAL,0
917.28,-1.18,0,1.0,0,0,1,27.6,0,81.7,0,1,0.93,21,0,NORMAL,0
81795.49,49.37,2,0.0,3,1,0,2678.6,1,13.8,1,3,0.38,1,1,FRAUD,2
1320.5,-0.92,0,1.0,0,0,1,39.5,0,87.2,0,1,0.94,16,0,NORMAL,0
4006.49,0.75,0,1.0,0,0,1,29.5,0,86.8,0,1,0.93,18,0,NORMAL,0
1011.39,-1.12,0,1.0,1,0,1,18.5,0,91.1,0,1,0.91,20,0,NORMAL,0
93407.37,56.63,2,0.2,4,1,0,946.1,1,29.7,1,2,0.52,1,1,FRAUD,2
4027.52,0.77,0,1.0,1,0,1,2.7,0,91.9,0,1,0.94,15,0,NORMAL,0
50.0,-1.72,0,0.8,0,0,1,17.8,0,77.5,0,1,0.95,13,0,NORMAL,0
2846.67,0.03,0,1.0,0,0,1,59.8,0,84.4,1,1,0.93,22,0,NORMAL,0
1700.23,-0.69,0,1.0,0,0,1,37.0,0,84.0,0,1,0.96,13,0,NORMAL,0
4311.3,0.94,0,1.0,1,0,1,20.9,0,85.7,0,1,0.91,14,0,NORMAL,0
60715.88,36.2,2,0.0,6,1,0,1820.1,1,17.9,1,3,0.37,2,1,FRAUD,2
2991.71,0.12,0,1.0,0,0,1,17.0,0,89.6,0,1,0.94,17,0,NORMAL,0
3203.43,0.25,0,1.0,0,0,1,30.6,0,86.0,0,1,0.91,22,0,NORMAL,0
273.0,-1.58,0,1.0,0,0,1,48.7,0,97.6,0,1,0.95,12,0,NORMAL,0
3842.72,0.65,0,1.0,0,0,1,0.0,0,98.8,0,1,0.92,20,0,NORMAL,0
3030.45,0.14,0,1.0,0,0,1,15.4,0,96.4,0,1,0.94,10,0,NORMAL,0
1357.44,-0.9,0,1.0,0,0,1,0.0,0,88.5,0,1,0.96,18,0,NORMAL,0
3179.53,0.24,0,1.0,0,0,1,6.5,0,94.5,1,1,0.99,9,0,NORMAL,0
1349.14,-0.91,0,0.8,0,0,1,12.7,0,96.1,0,1,0.97,13,0,NORMAL,0
4022.7,0.76,0,1.0,0,0,1,54.5,0,80.7,0,1,0.97,12,0,NORMAL,0
4593.9,1.12,0,1.0,0,0,1,5.3,0,78.7,0,1,0.92,17,0,NORMAL,0
50.0,-1.72,0,1.0,0,0,1,0.0,0,84.2,0,1,0.93,14,0,NORMAL,0
3633.21,0.52,0,1.0,0,0,0,0.0,0,80.0,0,1,0.96,20,0,NORMAL,0
4244.29,0.9,0,1.0,0,0,1,21.5,0,86.4,0,1,0.9,18,0,NORMAL,0
2237.09,-0.35,0,1.0,0,0,1,23.5,0,78.6,0,1,0.98,19,0,NORMAL,0
3431.87,0.39,0,1.0,0,0,1,0.0,0,98.0,0,1,0.98,11,0,NORMAL,0
27411.5,15.38,2,0.8,2,0,1,121.0,0,67.9,1,1,0.85,20,0,SUSPICIOUS,1
5649.02,1.78,0,1.0,0,0,1,51.6,0,87.7,0,1,0.96,10,0,NORMAL,0
145509.69,89.19,2,0.0,3,1,0,3414.3,1,24.4,1,2,0.23,4,1,FRAUD,2
45227.16,26.52,1,0.5,2,0,0,121.1,0,60.5,0,1,0.88,7,1,SUSPICIOUS,1
5681.61,1.8,0,1.0,1,0,1,44.0,0,96.0,0,1,0.94,12,0,NORMAL,0
965.84,-1.15,0,0.8,0,0,1,0.0,0,96.0,0,1,0.98,20,0,NORMAL,0
41043.58,23.9,1,0.8,1,0,1,188.4,0,55.3,1,1,0.81,19,0,SUSPICIOUS,1
2254.03,-0.34,0,1.0,0,0,1,13.7,0,99.7,0,1,0.91,20,0,NORMAL,0
3790.28,0.62,0,1.0,0,0,1,0.0,0,90.3,0,1,0.91,10,0,NORMAL,0
3320.0,0.32,0,1.0,0,0,0,21.3,0,79.8,1,1,0.92,13,0,NORMAL,0
32141.47,18.34,1,0.5,2,1,0,175.7,0,67.3,0,1,0.78,18,0,SUSPICIOUS,1
1833.72,-0.6,0,1.0,0,0,0,8.3,0,86.7,0,1,0.97,14,0,NORMAL,0
3290.25,0.31,1,1.0,0,0,1,0.0,0,90.8,0,1,0.94,9,0,NORMAL,0
3871.79,0.67,0,1.0,0,0,1,0.0,0,76.6,0,1,0.95,21,0,NORMAL,0
4440.1,1.03,0,1.0,0,0,1,22.5,0,85.8,0,1,0.96,14,0,NORMAL,0
48814.92,28.76,1,0.8,2,0,0,328.4,0,57.9,0,1,0.74,15,0,SUSPICIOUS,1
2674.58,-0.08,1,1.0,0,0,1,19.6,0,83.9,0,1,0.97,12,0,NORMAL,0
3178.38,0.24,0,1.0,0,0,0,0.0,0,91.0,0,1,0.99,20,0,NORMAL,0
3013.97,0.13,0,1.0,1,0,0,0.0,0,82.0,0,1,0.95,18,0,NORMAL,0
3917.11,0.7,0,0.8,0,0,1,30.0,0,83.3,1,1,0.97,15,0,NORMAL,0
4974.87,1.36,1,1.0,0,0,1,0.0,0,77.6,0,1,0.95,18,0,NORMAL,0
5187.36,1.49,1,1.0,0,0,1,30.9,0,97.7,1,1,0.91,13,0,NORMAL,0
2879.43,0.05,1,1.0,0,0,1,10.6,0,95.2,0,1,0.98,16,0,NORMAL,0
3462.32,0.41,0,1.0,0,0,1,25.6,0,76.5,0,1,0.91,16,0,NORMAL,0
1131.56,-1.04,0,1.0,0,0,1,19.1,0,99.1,0,1,0.96,21,0,NORMAL,0
3172.52,0.23,1,1.0,0,0,0,7.7,0,78.4,1,1,0.95,12,0,NORMAL,0
4175.02,0.86,0,1.0,0,0,1,9.1,0,99.0,0,1,0.9,20,0,NORMAL,0
50.0,-1.72,0,1.0,1,0,1,0.0,0,82.6,0,1,0.91,9,0,NORMAL,0
561.05,-1.4,0,1.0,0,0,1,18.6,0,86.5,0,1,0.97,17,0,NORMAL,0
2343.78,-0.29,0,1.0,0,0,1,9.0,0,89.9,0,1,0.96,10,0,NORMAL,0
4955.45,1.35,0,1.0,0,0,1,27.6,0,85.1,0,1,0.96,15,0,NORMAL,0
2660.51,-0.09,0,1.0,0,0,1,20.7,0,87.6,0,1,0.9,22,0,NORMAL,0
38144.72,22.09,2,0.8,1,0,0,273.1,0,73.7,1,2,0.79,21,0,SUSPICIOUS,1
42771.89,24.98,1,0.5,2,0,1,336.6,0,59.0,1,1,0.83,0,1,SUSPICIOUS,1
3450.05,0.41,1,0.8,0,0,1,12.5,0,98.6,0,1,0.98,13,0,NORMAL,0
45580.25,26.74,2,0.8,1,1,0,191.6,0,58.3,0,2,0.87,7,1,SUSPICIOUS,1
124423.76,76.01,2,0.0,7,1,0,3286.5,1,21.2,1,4,0.47,23,1,FRAUD,2
3660.07,0.54,0,1.0,0,0,0,20.8,0,87.1,0,1,0.93,17,0,NORMAL,0
45635.92,26.77,1,0.8,1,0,0,342.2,0,62.2,0,1,0.8,15,0,SUSPICIOUS,1
50.0,-1.72,0,1.0,0,0,1,12.2,0,88.4,0,1,0.97,13,0,NORMAL,0
1578.42,-0.76,0,1.0,0,0,1,0.0,0,88.0,0,1,0.91,14,0,NORMAL,0
3193.65,0.25,0,1.0,0,0,1,20.4,0,99.5,0,1,0.95,15,0,NORMAL,0
102062.28,62.04,2,0.0,3,1,0,2426.6,1,15.3,1,3,0.27,23,1,FRAUD,2
1565.68,-0.77,0,1.0,0,0,1,8.4,0,92.8,0,1,0.91,22,0,NORMAL,0
2550.95,-0.16,0,1.0,0,0,1,33.3,0,75.3,0,1,0.97,14,0,NORMAL,0
4582.23,1.11,1,0.8,0,0,1,42.9,0,78.5,0,1,0.94,14,0,NORMAL,0
1537.04,-0.79,0,1.0,0,0,1,0.0,0,75.9,0,1,0.93,13,0,NORMAL,0
1751.13,-0.66,1,1.0,0,0,1,25.0,0,81.0,0,1,0.95,17,0,NORMAL,0
6071.86,2.04,0,1.0,0,0,1,4.5,0,79.9,0,1,0.92,10,0,NORMAL,0
1811.17,-0.62,0,1.0,0,0,1,28.6,0,83.6,0,1,0.95,17,0,NORMAL,0
689.95,-1.32,0,1.0,0,0,1,5.9,0,80.6,0,1,0.99,20,0,NORMAL,0
3295.07,0.31,0,1.0,0,0,1,3.7,0,89.8,0,1,0.9,14,0,NORMAL,0
133405.89,81.63,2,0.0,6,1,0,1287.6,1,10.3,1,2,0.13,0,1,FRAUD,2
31932.35,18.21,2,0.5,1,0,1,231.2,0,74.8,1,1,0.79,12,0,SUSPICIOUS,1
3107.08,0.19,0,1.0,0,0,1,57.6,0,90.7,0,1,0.96,11,0,NORMAL,0
2224.11,-0.36,0,0.8,0,0,1,12.6,0,86.9,0,1,0.95,21,0,NORMAL,0
39428.26,22.89,1,0.8,1,0,0,217.8,0,72.1,0,1,0.7,23,1,SUSPICIOUS,1
983.98,-1.14,0,1.0,0,0,1,24.9,0,87.6,0,1,0.94,15,0,NORMAL,0
50.0,-1.72,0,1.0,0,0,1,3.6,0,91.3,0,1,0.93,21,0,NORMAL,0
4440.02,1.03,0,1.0,0,0,1,29.1,0,79.3,0,1,0.96,13,0,NORMAL,0
5417.78,1.64,0,0.8,0,0,0,21.6,0,80.1,0,1,0.97,16,0,NORMAL,0
3733.45,0.58,0,1.0,0,0,1,28.5,0,98.9,0,1,0.92,18,0,NORMAL,0
2000.13,-0.5,0,1.0,0,0,1,0.0,0,83.4,0,1,0.96,12,0,NORMAL,0
40216.81,23.39,1,0.8,2,0,0,95.9,0,62.4,1,1,0.79,2,1,SUSPICIOUS,1
134786.06,82.49,2,0.0,5,1,0,3218.2,1,6.5,1,2,0.53,1,1,FRAUD,2
1623.5,-0.74,0,1.0,0,0,1,33.1,0,92.4,0,1,0.9,9,0,NORMAL,0
3858.72,0.66,0,1.0,0,0,1,50.9,0,96.4,0,1,0.96,21,0,NORMAL,0
33647.25,19.28,2,0.8,2,1,1,313.9,0,72.3,0,2,0.83,5,1,SUSPICIOUS,1
4153.71,0.85,1,1.0,0,0,0,45.1,0,85.9,0,1,0.97,13,0,NORMAL,0
127544.49,77.97,2,0.2,3,1,0,2704.5,1,7.5,1,3,0.14,0,1,FRAUD,2
2184.05,-0.38,0,0.8,0,0,1,43.7,0,78.6,0,1,0.94,13,0,NORMAL,0
25800.93,14.38,1,0.8,2,0,0,336.6,0,66.1,1,1,0.83,19,0,SUSPICIOUS,1
40426.36,23.52,1,0.8,2,0,0,180.6,0,52.3,1,2,0.78,15,0,SUSPICIOUS,1
4981.81,1.36,0,1.0,0,0,0,0.0,0,91.5,0,1,0.9,21,0,NORMAL,0
4446.7,1.03,0,1.0,0,0,1,0.4,0,91.2,0,1,0.98,10,0,NORMAL,0
3058.85,0.16,0,1.0,0,0,1,16.2,0,96.5,0,1,0.94,12,0,NORMAL,0
2519.61,-0.18,0,1.0,0,0,0,0.0,0,95.5,0,1,0.96,14,0,NORMAL,0
5186.97,1.49,0,1.0,0,0,1,2.9,0,95.3,0,1,0.97,9,0,NORMAL,0
2318.64,-0.3,0,1.0,0,0,1,17.3,0,87.8,0,1,0.98,16,0,NORMAL,0
3810.27,0.63,0,1.0,0,0,1,9.2,0,98.5,0,1,0.9,13,0,NORMAL,0
50.0,-1.72,0,0.8,0,0,1,57.2,0,92.0,1,1,0.97,11,0,NORMAL,0
1237.29,-0.98,1,1.0,0,0,1,8.2,0,87.7,0,1,0.93,20,0,NORMAL,0
7025.71,2.64,0,1.0,0,0,1,16.2,0,82.4,0,1,0.9,19,0,NORMAL,0
4301.46,0.94,0,1.0,0,0,1,39.4,0,84.1,0,1,0.97,20,0,NORMAL,0
3863.22,0.66,0,1.0,0,0,1,1.6,0,92.6,0,1,0.94,16,0,NORMAL,0
29277.78,16.55,2,0.8,2,0,1,189.0,0,68.2,1,1,0.87,9,0,SUSPICIOUS,1
4555.89,1.1,0,1.0,0,0,1,0.0,0,95.9,0,1,0.91,22,0,NORMAL,0
2400.36,-0.25,0,1.0,0,0,1,25.6,0,90.7,0,1,0.97,22,0,NORMAL,0
5039.83,1.4,1,1.0,0,0,1,2.0,0,95.4,0,1,0.92,21,0,NORMAL,0
129919.29,79.45,2,0.0,5,1,0,3913.0,1,24.0,1,3,0.53,2,1,FRAUD,2
96129.43,58.33,2,0.0,5,1,0,3060.1,1,13.2,1,3,0.17,1,1,FRAUD,2
91354.93,55.35,2,0.0,6,1,0,3261.7,1,12.0,1,3,0.15,23,1,FRAUD,2
121536.14,74.21,2,0.0,7,1,0,2224.3,1,27.6,1,2,0.54,2,1,FRAUD,2
1688.8,-0.69,0,1.0,0,0,1,23.7,0,92.1,0,1,0.94,9,0,NORMAL,0
4058.74,0.79,0,1.0,0,0,1,0.0,0,83.4,0,1,0.92,21,0,NORMAL,0
101479.31,61.67,2,0.0,4,1,0,1054.9,1,14.1,1,4,0.54,3,1,FRAUD,2
2595.8,-0.13,0,1.0,0,0,1,11.3,0,98.2,0,1,0.98,19,0,NORMAL,0
4765.28,1.23,0,1.0,0,0,1,27.5,0,82.7,0,1,0.98,22,0,NORMAL,0
3621.88,0.51,0,1.0,0,0,1,1.8,0,94.3,0,1,0.92,21,0,NORMAL,0
2145.6,-0.41,0,1.0,0,0,1,0.0,0,83.5,0,1,0.98,15,0,NORMAL,0
2501.79,-0.19,1,1.0,0,0,1,40.2,0,83.3,0,1,0.91,22,0,NORMAL,0
2751.05,-0.03,0,1.0,0,0,0,19.5,0,77.9,0,1,0.96,10,0,NORMAL,0
1416.35,-0.86,0,1.0,0,0,1,0.0,0,96.8,0,1,0.97,14,0,NORMAL,0
3513.85,0.45,1,1.0,0,0,1,38.4,0,77.1,0,1,0.91,20,0,NORMAL,0
72693.24,43.68,2,0.0,3,1,0,2470.2,1,27.5,1,3,0.38,0,1,FRAUD,2
2474.43,-0.2,0,1.0,0,0,1,12.8,0,83.3,0,1,0.92,21,0,NORMAL,0
3065.63,0.17,0,1.0,0,0,1,34.9,0,99.6,0,1,0.99,19,0,NORMAL,0
3665.64,0.54,0,1.0,0,0,1,0.0,0,98.7,0,1,0.9,22,0,NORMAL,0
3525.0,0.45,0,1.0,0,0,1,2.1,0,85.9,0,1,0.93,9,0,NORMAL,0
50.0,-1.72,0,1.0,0,0,1,12.7,0,80.5,0,1,0.98,21,0,NORMAL,0
3616.11,0.51,0,1.0,0,0,1,30.9,0,82.7,0,1,0.94,15,0,NORMAL,0
5155.22,1.47,0,1.0,0,0,1,0.0,0,87.3,0,1,0.94,9,0,NORMAL,0
4852.56,1.28,0,1.0,0,0,1,10.1,0,89.1,1,1,0.96,13,0,NORMAL,0
1306.53,-0.93,0,1.0,0,0,0,18.1,0,89.4,0,1,0.95,21,0,NORMAL,0
2733.95,-0.04,0,1.0,0,0,0,49.3,0,87.5,0,1,0.92,15,0,NORMAL,0
44066.33,25.79,2,0.5,2,0,0,80.1,0,60.2,1,1,0.82,10,0,SUSPICIOUS,1
3584.32,0.49,0,1.0,0,0,1,15.0,0,97.5,0,1,0.97,10,0,NORMAL,0
33581.24,19.24,2,0.5,2,0,0,189.8,0,45.7,1,1,0.89,7,1,SUSPICIOUS,1
4629.29,1.14,0,1.0,0,0,1,35.7,0,81.9,0,1,0.98,20,0,NORMAL,0
992.49,-1.13,0,1.0,0,0,0,0.0,0,78.1,0,1,0.91,13,0,NORMAL,0
1604.45,-0.75,0,1.0,0,0,1,0.0,0,76.6,0,1,0.97,20,0,NORMAL,0
32783.32,18.74,1,0.8,2,0,1,253.9,0,53.4,1,1,0.82,10,0,SUSPICIOUS,1
3613.09,0.51,1,1.0,0,0,0,0.6,0,75.4,0,1,0.95,17,0,NORMAL,0
2950.68,0.09,1,1.0,0,0,1,29.8,0,92.7,0,1,0.98,21,0,NORMAL,0
129615.25,79.26,2,0.0,6,1,0,2712.9,1,17.6,1,2,0.19,4,1,FRAUD,2
145659.09,89.29,2,0.2,7,1,0,866.0,1,29.3,1,4,0.32,3,1,FRAUD,2
1364.62,-0.9,0,1.0,0,0,1,32.1,0,87.6,0,1,0.99,22,0,NORMAL,0
2217.44,-0.36,0,1.0,0,0,1,0.0,0,86.7,0,1,0.96,18,0,NORMAL,0
5337.78,1.59,0,1.0,0,0,1,15.8,0,77.6,0,1,0.97,15,0,NORMAL,0
1792.88,-0.63,0,1.0,0,0,0,0.0,0,83.2,0,1,0.97,20,0,NORMAL,0
1962.12,-0.52,0,1.0,0,0,0,0.0,0,90.6,0,1,0.93,16,0,NORMAL,0
38670.15,22.42,1,0.5,2,0,0,100.8,0,68.7,1,1,0.86,4,1,SUSPICIOUS,1
28759.96,16.22,1,0.8,1,0,1,191.4,0,73.2,1,1,0.81,12,0,SUSPICIOUS,1
49269.95,29.04,2,0.5,1,0,0,158.2,0,71.7,0,2,0.8,14,0,SUSPICIOUS,1
4308.77,0.94,0,1.0,0,0,1,24.7,0,91.9,0,1,0.95,9,0,NORMAL,0
3748.03,0.59,0,1.0,0,0,1,27.6,0,93.4,1,1,0.92,20,0,NORMAL,0
2265.49,-0.33,0,1.0,0,0,1,50.6,0,97.4,0,1,0.94,12,0,NORMAL,0
44447.31,26.03,2,0.8,1,0,1,346.1,0,61.2,0,1,0.89,10,0,SUSPICIOUS,1
771.88,-1.27,0,1.0,0,0,1,18.2,0,85.7,0,1,0.99,15,0,NORMAL,0
5590.45,1.74,0,1.0,0,0,1,23.1,0,88.3,0,1,0.93,14,0,NORMAL,0
2124.39,-0.42,1,1.0,1,0,1,5.2,0,79.1,0,1,0.94,10,0,NORMAL,0
4116.24,0.82,1,0.8,0,0,0,34.6,0,96.8,0,1,0.98,19,0,NORMAL,0
3816.67,0.64,0,1.0,1,0,1,0.0,0,87.8,0,1,0.93,21,0,NORMAL,0
35179.82,20.24,1,0.8,1,0,1,90.2,0,49.5,0,1,0.89,14,0,SUSPICIOUS,1
2506.75,-0.18,0,1.0,0,0,1,16.5,0,79.8,1,1,0.93,11,0,NORMAL,0
1105.83,-1.06,1,1.0,0,0,1,0.0,0,85.4,1,1,0.95,16,0,NORMAL,0
3816.58,0.64,0,1.0,0,0,1,40.4,0,99.9,0,1,0.97,15,0,NORMAL,0
3157.63,0.22,1,1.0,0,0,1,1.1,0,85.4,0,1,0.96,14,0,NORMAL,0
1385.16,-0.88,1,1.0,0,0,1,5.3,0,80.5,0,1,0.93,16,0,NORMAL,0
2136.61,-0.41,0,1.0,0,0,1,23.4,0,84.7,0,1,0.96,21,0,NORMAL,0
1535.04,-0.79,0,1.0,0,0,1,16.7,0,97.6,0,1,0.99,13,0,NORMAL,0
2482.48,-0.2,0,1.0,0,0,1,0.0,0,98.8,0,1,0.91,16,0,NORMAL,0
2521.02,-0.17,0,1.0,0,0,0,0.5,0,83.1,0,1,0.91,15,0,NORMAL,0
257.04,-1.59,0,1.0,0,0,1,3.2,0,78.8,0,1,0.94,11,0,NORMAL,0
5221.11,1.51,0,1.0,0,0,1,18.8,0,75.3,1,1,0.95,9,0,NORMAL,0
2948.56,0.09,0,1.0,0,0,0,19.1,0,97.3,0,1,0.97,9,0,NORMAL,0
3878.63,0.67,0,1.0,0,0,1,29.3,0,89.3,0,1,0.97,22,0,NORMAL,0
2916.38,0.07,1,1.0,0,0,1,36.2,0,77.3,0,1,0.91,10,0,NORMAL,0
3630.15,0.52,0,1.0,0,0,1,19.4,0,86.4,0,1,0.94,18,0,NORMAL,0
3049.01,0.16,1,1.0,0,0,1,14.7,0,84.1,0,1,0.92,21,0,NORMAL,0
37847.62,21.9,1,0.8,1,0,0,330.6,0,60.7,0,1,0.77,22,0,SUSPICIOUS,1
2614.78,-0.12,0,1.0,1,0,0,7.9,0,76.5,0,1,0.93,18,0,NORMAL,0
4478.4,1.05,0,1.0,0,0,1,21.6,0,85.1,0,1,0.99,19,0,NORMAL,0
5631.14,1.77,0,1.0,1,0,1,0.0,0,82.5,0,1,0.96,12,0,NORMAL,0
80909.14,48.82,2,0.2,6,1,0,3000.1,1,8.4,1,3,0.46,1,1,FRAUD,2
133322.81,81.58,2,0.2,7,1,0,1611.4,1,13.6,1,3,0.17,5,1,FRAUD,2
2421.55,-0.24,0,1.0,0,0,1,0.0,0,95.1,0,1,0.99,17,0,NORMAL,0
1800.63,-0.62,0,1.0,0,0,1,0.0,0,90.4,0,1,0.98,18,0,NORMAL,0
42133.47,24.58,1,0.8,2,0,1,158.7,0,72.8,1,1,0.74,17,0,SUSPICIOUS,1
26252.68,14.66,1,0.8,2,0,0,330.1,0,62.2,0,1,0.89,12,0,SUSPICIOUS,1
2213.76,-0.37,0,1.0,0,0,1,5.0,0,96.4,0,1,0.9,20,0,NORMAL,0
2949.01,0.09,0,1.0,0,0,1,11.7,0,79.6,0,1,0.98,12,0,NORMAL,0
2273.42,-0.33,0,1.0,0,0,1,23.1,0,81.8,0,1,0.91,17,0,NORMAL,0
2668.57,-0.08,0,1.0,0,0,1,51.3,0,95.8,1,1,0.95,22,0,NORMAL,0
3496.73,0.44,0,1.0,0,0,1,9.5,0,89.3,0,1,0.92,19,0,NORMAL,0
2914.44,0.07,0,0.8,0,0,0,1.3,0,84.5,0,1,0.95,16,0,NORMAL,0
3802.68,0.63,0,1.0,0,0,0,16.9,0,85.5,0,1,0.91,9,0,NORMAL,0
4195.19,0.87,0,1.0,0,0,1,2.9,0,92.2,0,1,0.94,17,0,NORMAL,0
101067.91,61.42,2,0.0,3,1,0,2999.2,1,9.8,1,2,0.28,1,1,FRAUD,2
4542.85,1.09,1,1.0,0,0,1,0.0,0,92.5,0,1,0.94,18,0,NORMAL,0
5910.43,1.94,0,1.0,0,0,1,22.3,0,99.3,0,1,0.9,13,0,NORMAL,0
3153.67,0.22,0,1.0,0,0,1,33.9,0,80.2,0,1,0.91,14,0,NORMAL,0
1130.61,-1.04,0,1.0,0,0,1,0.8,0,87.1,1,1,0.9,20,0,NORMAL,0
2175.51,-0.39,0,1.0,0,0,1,36.9,0,93.0,0,1,0.96,21,0,NORMAL,0
1816.73,-0.61,0,1.0,0,0,1,7.2,0,84.8,0,1,0.95,15,0,NORMAL,0
50.0,-1.72,0,1.0,0,0,1,27.0,0,77.6,0,1,0.97,15,0,NORMAL,0
5902.56,1.94,0,1.0,0,0,1,7.9,0,99.1,0,1,0.92,16,0,NORMAL,0
50.0,-1.72,0,1.0,0,0,1,12.0,0,88.2,0,1,0.96,15,0,NORMAL,0
1593.3,-0.75,0,1.0,0,0,1,11.3,0,77.0,0,1,0.91,21,0,NORMAL,0
74235.29,44.65,2,0.2,7,1,0,4439.8,1,15.4,1,2,0.33,2,1,FRAUD,2
50.0,-1.72,0,1.0,0,0,1,0.0,0,75.1,0,1,0.92,10,0,NORMAL,0
3087.24,0.18,0,1.0,0,0,1,52.0,0,77.3,0,1,0.92,22,0,NORMAL,0
3186.75,0.24,0,1.0,0,0,1,0.0,0,79.2,0,1,0.95,10,0,NORMAL,0
3769.21,0.61,0,1.0,0,0,0,30.0,0,76.8,0,1,0.95,17,0,NORMAL,0
4430.83,1.02,0,1.0,1,0,1,6.2,0,92.4,0,1,0.92,16,0,NORMAL,0
4627.29,1.14,0,1.0,0,0,1,4.4,0,86.7,0,1,0.92,13,0,NORMAL,0
284.66,-1.57,1,1.0,0,0,0,18.8,0,80.8,0,1,0.93,19,0,NORMAL,0
5141.47,1.46,1,1.0,0,0,1,22.3,0,76.8,0,1,0.93,10,0,NORMAL,0
2129.19,-0.42,0,1.0,0,0,1,8.0,0,77.9,0,1,0.94,22,0,NORMAL,0
129613.31,79.26,2,0.0,4,1,0,1269.6,1,7.1,1,4,0.29,23,1,FRAUD,2
1374.67,-0.89,0,1.0,0,0,1,0.0,0,87.3,0,1,0.99,11,0,NORMAL,0
4091.17,0.81,0,1.0,0,0,1,15.1,0,97.5,0,1,0.96,19,0,NORMAL,0
1417.02,-0.86,0,0.8,0,0,1,33.4,0,77.7,0,1,0.91,15,0,NORMAL,0
95598.5,58.0,2,0.2,6,1,0,4026.4,1,24.6,1,3,0.15,2,1,FRAUD,2
2430.56,-0.23,0,1.0,0,0,1,6.6,0,79.4,0,1,0.93,19,0,NORMAL,0
3024.47,0.14,1,1.0,0,0,0,1.9,0,81.7,0,1,0.92,10,0,NORMAL,0
1726.26,-0.67,0,1.0,0,0,0,21.3,0,83.4,0,1,0.91,17,0,NORMAL,0
2693.42,-0.07,0,1.0,1,0,1,0.0,0,90.1,0,1,0.99,20,0,NORMAL,0
3696.9,0.56,0,1.0,0,0,0,0.0,0,88.8,0,1,0.91,20,0,NORMAL,0
4383.36,0.99,0,1.0,0,0,0,3.8,0,75.5,0,1,0.91,20,0,NORMAL,0
5422.94,1.64,0,1.0,0,0,1,19.4,0,98.7,0,1,0.93,16,0,NORMAL,0
2336.5,-0.29,0,0.8,0,0,1,18.7,0,82.6,0,1,0.92,14,0,NORMAL,0
2082.38,-0.45,0,1.0,0,0,1,25.6,0,90.8,0,1,0.92,10,0,NORMAL,0
2153.15,-0.4,0,1.0,0,0,0,0.0,0,90.0,0,1,0.93,15,0,NORMAL,0
137746.43,84.34,2,0.2,6,1,0,947.9,1,8.7,1,2,0.4,5,1,FRAUD,2
1595.65,-0.75,0,1.0,0,0,1,44.5,0,97.4,0,1,0.92,21,0,NORMAL,0
68958.21,41.35,2,0.0,4,1,0,1947.4,1,11.5,1,4,0.24,23,1,FRAUD,2
3449.85,0.41,0,1.0,1,0,1,44.8,0,78.6,1,1,0.96,13,0,NORMAL,0
2446.79,-0.22,0,0.8,0,0,1,4.7,0,89.3,0,1,0.95,19,0,NORMAL,0
5879.9,1.92,0,1.0,0,0,1,8.8,0,94.7,0,1,0.96,9,0,NORMAL,0
131391.87,80.37,2,0.2,4,1,0,1612.5,1,6.7,1,3,0.32,3,1,FRAUD,2
145306.69,89.07,2,0.2,6,1,0,3155.7,1,19.4,1,3,0.37,0,1,FRAUD,2
25558.22,14.22,2,0.5,1,0,1,318.8,0,68.0,1,2,0.89,10,0,SUSPICIOUS,1
37482.88,21.68,2,0.8,1,0,0,101.1,0,55.7,1,2,0.88,21,0,SUSPICIOUS,1
34803.15,20.0,1,0.8,1,1,1,304.4,0,50.7,1,1,0.87,21,0,SUSPICIOUS,1
3648.73,0.53,0,1.0,0,0,1,2.5,0,92.2,0,1,0.95,18,0,NORMAL,0
738.98,-1.29,0,0.8,0,0,1,29.0,0,99.5,0,1,0.96,22,0,NORMAL,0
3695.7,0.56,0,1.0,0,0,1,17.9,0,86.4,0,1,0.94,18,0,NORMAL,0
66482.4,39.8,2,0.2,4,1,0,2252.9,1,8.3,1,4,0.11,23,1,FRAUD,2
38612.85,22.38,1,0.8,2,0,1,163.5,0,60.9,0,2,0.84,6,1,SUSPICIOUS,1
5011.42,1.38,0,1.0,0,0,1,38.8,0,94.9,1,1,0.91,11,0,NORMAL,0
4283.36,0.93,0,1.0,0,0,1,0.9,0,76.2,0,1,0.93,20,0,NORMAL,0
1452.03,-0.84,0,1.0,0,0,1,3.5,0,97.9,0,1,0.98,12,0,NORMAL,0
3215.17,0.26,0,1.0,0,0,1,15.4,0,82.0,0,1,0.91,14,0,NORMAL,0
2506.48,-0.18,0,1.0,0,0,1,28.4,0,78.9,0,1,0.95,14,0,NORMAL,0
2412.01,-0.24,0,1.0,0,0,1,25.4,0,81.4,0,1,0.95,13,0,NORMAL,0
2906.54,0.07,0,0.8,0,0,1,16.2,0,89.9,0,1,0.94,22,0,NORMAL,0
3942.05,0.71,0,1.0,0,0,0,38.5,0,77.7,0,1,0.95,22,0,NORMAL,0
4832.08,1.27,0,1.0,0,0,1,7.0,0,77.5,0,1,0.98,13,0,NORMAL,0
37959.95,21.97,2,0.8,1,0,0,310.7,0,47.4,1,1,0.82,7,1,SUSPICIOUS,1
40529.1,23.58,1,0.5,1,1,1,169.4,0,60.1,1,1,0.77,21,0,SUSPICIOUS,1
1634.76,-0.73,1,1.0,0,0,1,22.8,0,97.5,0,1,0.93,12,0,NORMAL,0
5477.99,1.67,0,1.0,0,0,1,44.3,0,95.0,0,1,0.97,19,0,NORMAL,0
579.68,-1.39,1,0.8,0,0,1,21.0,0,76.9,0,1,0.92,22,0,NORMAL,0
107719.71,65.57,2,0.2,6,1,0,1132.8,1,20.0,1,2,0.22,0,1,FRAUD,2
2336.52,-0.29,0,0.8,0,0,1,39.6,0,99.7,0,1,0.97,22,0,NORMAL,0
1491.08,-0.82,0,1.0,0,0,1,7.7,0,83.5,0,1,0.95,12,0,NORMAL,0
50.0,-1.72,1,1.0,0,0,1,10.5,0,81.6,0,1,0.96,19,0,NORMAL,0
64176.39,38.36,2,0.2,6,1,0,1843.7,1,26.6,1,2,0.3,23,1,FRAUD,2
3424.77,0.39,0,1.0,0,0,1,36.5,0,85.5,0,1,0.98,17,0,NORMAL,0
527.2,-1.42,0,1.0,0,0,1,6.5,0,80.2,0,1,0.99,15,0,NORMAL,0
104.73,-1.68,1,1.0,0,0,1,0.0,0,85.3,0,1,0.98,10,0,NORMAL,0
2517.32,-0.18,0,1.0,0,0,1,30.9,0,82.4,0,1,0.91,12,0,NORMAL,0
1120.5,-1.05,0,1.0,0,0,1,2.4,0,81.0,0,1,0.97,9,0,NORMAL,0
49218.84,29.01,2,0.5,1,0,0,226.8,0,56.6,1,1,0.72,20,0,SUSPICIOUS,1
3588.34,0.49,0,1.0,0,0,1,8.9,0,80.0,0,1,0.94,22,0,NORMAL,0
2019.79,-0.49,0,1.0,0,0,1,30.6,0,77.9,0,1,0.92,20,0,NORMAL,0
4055.69,0.78,0,0.8,0,0,1,28.9,0,89.9,0,1,0.99,21,0,NORMAL,0
4277.23,0.92,0,0.8,0,0,1,12.8,0,99.3,0,1,0.93,15,0,NORMAL,0
1743.28,-0.66,0,1.0,1,0,1,0.0,0,90.2,0,1,0.93,20,0,NORMAL,0
2913.85,0.07,0,0.8,0,0,1,21.0,0,78.7,0,1,0.98,16,0,NORMAL,0
104643.13,63.65,2,0.2,7,1,0,2145.3,1,22.7,1,2,0.15,2,1,FRAUD,2
3973.2,0.73,0,0.8,0,0,1,41.0,0,94.4,0,1,0.9,19,0,NORMAL,0
1428.69,-0.86,0,0.8,0,0,1,48.5,0,79.7,0,1,0.93,18,0,NORMAL,0
5088.05,1.43,0,1.0,0,0,1,19.0,0,84.0,0,1,0.96,9,0,NORMAL,0
5733.77,1.83,0,1.0,0,0,1,68.3,0,86.5,1,1,0.91,11,0,NORMAL,0
2384.85,-0.26,1,1.0,0,0,0,0.0,0,87.9,0,1,0.98,12,0,NORMAL,0
2564.49,-0.15,0,0.8,0,0,1,43.4,0,96.7,0,1,0.96,18,0,NORMAL,0
5302.34,1.56,0,1.0,0,0,1,0.0,0,84.1,0,1,0.98,10,0,NORMAL,0
32362.32,18.48,1,0.8,1,0,1,105.3,0,53.3,0,1,0.88,16,0,SUSPICIOUS,1
145421.49,89.14,2,0.0,3,1,0,3451.2,1,7.5,1,3,0.33,1,1,FRAUD,2
3367.89,0.35,0,1.0,0,0,1,13.4,0,83.8,0,1,0.91,18,0,NORMAL,0
4723.41,1.2,0,1.0,0,0,1,0.0,0,94.7,0,1,0.9,21,0,NORMAL,0
1707.94,-0.68,0,1.0,0,0,1,4.7,0,99.2,0,1,0.98,9,0,NORMAL,0
1943.96,-0.54,0,1.0,0,0,1,19.4,0,89.9,0,1,0.92,19,0,NORMAL,0
1932.29,-0.54,0,1.0,0,0,1,0.0,0,82.9,0,1,0.95,16,0,NORMAL,0
4080.05,0.8,0,1.0,0,0,1,20.1,0,78.9,0,1,0.97,13,0,NORMAL,0
43921.67,25.7,2,0.5,1,0,1,228.9,0,52.7,1,1,0.72,7,1,SUSPICIOUS,1
6528.92,2.33,0,1.0,1,0,1,0.0,0,90.8,0,1,0.95,14,0,NORMAL,0
3826.9,0.64,0,1.0,0,0,1,15.1,0,88.3,0,1,0.9,15,0,NORMAL,0
4323.1,0.95,1,0.8,0,0,1,41.0,0,75.3,0,1,0.97,9,0,NORMAL,0
4426.63,1.02,0,1.0,0,0,0,0.0,0,96.1,0,1,0.93,20,0,NORMAL,0
50.0,-1.72,0,0.8,0,0,1,0.0,0,86.9,0,1,0.93,18,0,NORMAL,0
5658.52,1.79,1,1.0,0,0,1,7.2,0,93.9,0,1,0.91,11,0,NORMAL,0
2289.43,-0.32,1,1.0,0,0,1,19.4,0,79.4,0,1,0.94,11,0,NORMAL,0
4230.02,0.89,0,1.0,0,0,1,47.4,0,88.5,0,1,0.98,9,0,NORMAL,0
2516.44,-0.18,0,1.0,0,0,1,17.6,0,96.7,0,1,0.91,16,0,NORMAL,0
6611.17,2.38,0,0.8,0,0,1,19.5,0,99.8,0,1,0.95,19,0,NORMAL,0
4750.8,1.22,1,1.0,0,0,1,0.0,0,91.3,0,1,0.98,12,0,NORMAL,0
145877.17,89.42,2,0.0,6,1,0,1344.8,1,8.6,1,3,0.53,3,1,FRAUD,2
2473.79,-0.2,0,1.0,0,0,1,29.3,0,82.0,0,1,0.94,17,0,NORMAL,0
2700.95,-0.06,1,1.0,0,0,1,0.0,0,80.6,0,1,0.94,16,0,NORMAL,0
3582.62,0.49,0,0.8,0,0,1,11.0,0,90.7,0,1,0.95,12,0,NORMAL,0
2365.57,-0.27,0,1.0,0,0,1,31.9,0,75.6,0,1,0.9,20,0,NORMAL,0
2832.44,0.02,0,1.0,0,0,1,0.0,0,96.5,1,1,0.97,22,0,NORMAL,0
1170.0,-1.02,0,1.0,0,0,1,25.6,0,93.8,0,1,0.93,22,0,NORMAL,0
1138.83,-1.04,0,0.8,0,0,1,30.5,0,76.0,0,1,0.93,21,0,NORMAL,0
41609.84,24.26,1,0.5,2,1,0,86.9,0,74.5,1,1,0.89,21,0,SUSPICIOUS,1
1352.65,-0.9,1,1.0,0,0,1,33.7,0,99.4,1,1,0.97,9,0,NORMAL,0
4101.5,0.81,0,1.0,0,0,1,0.0,0,77.2,1,1,0.94,9,0,NORMAL,0
90311.35,54.69,2,0.0,6,1,0,1196.1,1,26.9,1,2,0.54,5,1,FRAUD,2
3494.34,0.43,0,1.0,0,0,1,1.1,0,82.9,0,1,0.9,22,0,NORMAL,0
3099.08,0.19,0,1.0,0,0,1,40.6,0,94.1,0,1,0.94,15,0,NORMAL,0
4453.42,1.03,1,1.0,0,0,1,0.0,0,80.3,1,1,0.91,11,0,NORMAL,0
66728.21,39.96,2,0.2,7,1,0,4155.7,1,11.4,1,3,0.42,0,1,FRAUD,2
50.0,-1.72,0,0.8,0,0,0,11.4,0,76.3,0,1,0.98,17,0,NORMAL,0
34901.8,20.06,1,0.8,1,0,1,138.7,0,45.4,0,1,0.8,4,1,SUSPICIOUS,1
103252.59,62.78,2,0.0,3,1,0,2961.4,1,29.7,1,4,0.49,1,1,FRAUD,2
5136.96,1.46,1,1.0,0,0,0,44.5,0,80.7,0,1,0.91,21,0,NORMAL,0
4992.55,1.37,0,1.0,0,0,1,0.0,0,90.3,0,1,0.92,16,0,NORMAL,0
4635.31,1.15,0,1.0,1,0,1,28.6,0,90.7,0,1,0.98,16,0,NORMAL,0
89668.18,54.29,2,0.2,3,1,0,4025.6,1,16.6,1,3,0.4,1,1,FRAUD,2
3965.35,0.73,0,1.0,0,0,1,30.7,0,87.8,0,1,0.94,11,0,NORMAL,0
3418.83,0.39,0,1.0,0,0,0,0.0,0,75.4,0,1,0.91,17,0,NORMAL,0
1883.56,-0.57,0,1.0,0,0,1,0.0,0,92.9,0,1,0.91,20,0,NORMAL,0
33463.95,19.16,2,0.8,2,1,0,198.9,0,64.4,1,1,0.88,11,0,SUSPICIOUS,1
27875.3,15.67,2,0.8,1,0,0,217.3,0,58.5,1,1,0.79,22,0,SUSPICIOUS,1
4883.68,1.3,0,1.0,0,0,1,8.9,0,85.6,0,1,0.92,13,0,NORMAL,0
382.25,-1.51,0,1.0,0,0,1,36.1,0,98.6,0,1,0.91,20,0,NORMAL,0
2499.99,-0.19,1,1.0,0,0,1,23.2,0,92.7,0,1,0.98,10,0,NORMAL,0
40919.4,23.82,1,0.5,2,0,0,342.9,0,67.3,1,2,0.73,8,0,SUSPICIOUS,1
2091.65,-0.44,0,1.0,0,0,1,19.8,0,80.3,0,1,0.96,15,0,NORMAL,0
56.86,-1.71,0,0.8,0,0,1,18.6,0,80.2,1,1,0.94,10,0,NORMAL,0
3799.74,0.62,0,1.0,1,0,1,23.9,0,78.2,0,1,0.96,18,0,NORMAL,0
2903.22,0.06,0,1.0,0,0,1,16.5,0,95.6,0,1,0.97,17,0,NORMAL,0
3849.54,0.66,1,1.0,0,0,1,15.0,0,94.7,0,1,0.91,16,0,NORMAL,0
3653.14,0.53,0,1.0,0,0,1,1.1,0,90.7,0,1,0.95,19,0,NORMAL,0
2592.77,-0.13,0,1.0,0,0,1,79.3,0,75.7,0,1,0.95,19,0,NORMAL,0
3843.96,0.65,0,1.0,0,0,1,28.6,0,82.8,0,1,0.91,17,0,NORMAL,0
1811.15,-0.62,0,1.0,0,0,1,31.9,0,87.6,0,1,0.97,12,0,NORMAL,0
2263.52,-0.34,0,0.8,0,0,1,17.4,0,92.7,0,1,0.97,10,0,NORMAL,0
1381.83,-0.89,0,1.0,1,0,1,7.5,0,88.3,1,1,0.98,17,0,NORMAL,0
2999.31,0.12,0,1.0,0,0,1,24.1,0,88.7,0,1,0.93,16,0,NORMAL,0
879.62,-1.2,0,0.8,0,0,1,0.0,0,76.0,0,1,0.98,12,0,NORMAL,0
1759.85,-0.65,0,1.0,0,0,0,6.0,0,88.9,0,1,0.93,15,0,NORMAL,0
3324.95,0.33,1,1.0,0,0,1,29.9,0,81.7,0,1,0.98,11,0,NORMAL,0
876.79,-1.2,0,1.0,0,0,1,26.6,0,93.8,0,1,0.95,13,0,NORMAL,0
3708.13,0.57,0,1.0,0,0,1,0.0,0,77.7,1,1,0.95,13,0,NORMAL,0
3553.55,0.47,0,1.0,0,0,1,29.7,0,82.3,1,1,0.98,20,0,NORMAL,0
28214.79,15.88,1,0.8,1,1,1,276.2,0,56.3,0,1,0.84,12,0,SUSPICIOUS,1
2685.38,-0.07,0,1.0,0,0,1,0.0,0,80.3,0,1,0.94,12,0,NORMAL,0
37083.77,21.43,1,0.8,1,0,1,163.9,0,50.7,1,1,0.83,0,1,SUSPICIOUS,1
3719.72,0.57,0,1.0,0,0,0,9.3,0,93.2,0,1,0.97,12,0,NORMAL,0
3352.14,0.35,0,1.0,0,0,1,0.0,0,94.2,0,1,0.92,12,0,NORMAL,0
2156.19,-0.4,0,1.0,0,0,0,24.8,0,99.5,0,1,0.93,13,0,NORMAL,0
2187.88,-0.38,0,1.0,0,0,0,0.0,0,98.4,0,1,0.9,17,0,NORMAL,0
126214.52,77.13,2,0.0,5,1,0,3499.4,1,28.8,1,3,0.41,2,1,FRAUD,2
25474.28,14.17,1,0.8,1,1,1,110.4,0,59.8,1,1,0.85,5,1,SUSPICIOUS,1
1852.55,-0.59,0,1.0,0,0,1,0.0,0,77.4,1,1,0.96,13,0,NORMAL,0
3097.49,0.19,0,1.0,0,0,1,0.0,0,95.0,0,1,0.91,18,0,NORMAL,0
5089.55,1.43,0,1.0,0,0,0,30.2,0,89.7,0,1,0.95,17,0,NORMAL,0
4201.93,0.88,0,1.0,0,0,1,26.5,0,89.2,0,1,0.94,21,0,NORMAL,0
1269.56,-0.96,0,0.8,0,0,1,29.3,0,79.5,0,1,0.93,9,0,NORMAL,0
2466.9,-0.21,0,1.0,0,0,0,19.6,0,90.2,0,1,0.94,20,0,NORMAL,0
2558.19,-0.15,1,1.0,0,0,1,38.2,0,95.4,0,1,0.91,14,0,NORMAL,0
4002.04,0.75,1,0.8,1,0,1,20.9,0,98.9,0,1,0.97,17,0,NORMAL,0
4039.56,0.77,0,1.0,0,0,1,17.3,0,96.7,0,1,0.96,9,0,NORMAL,0
1080.78,-1.07,0,1.0,0,0,1,0.0,0,79.9,0,1,0.95,13,0,NORMAL,0
3601.85,0.5,0,1.0,0,0,1,34.1,0,85.6,0,1,0.96,9,0,NORMAL,0
2284.7,-0.32,1,1.0,0,0,1,24.4,0,80.5,1,1,0.98,11,0,NORMAL,0
791.63,-1.26,0,1.0,0,0,1,56.9,0,97.1,0,1,0.92,11,0,NORMAL,0
127640.73,78.03,2,0.2,4,1,0,2159.8,1,18.8,1,2,0.54,0,1,FRAUD,2
120896.51,73.81,2,0.2,3,1,0,2804.2,1,22.7,1,2,0.42,3,1,FRAUD,2
5236.32,1.52,0,1.0,0,0,1,11.3,0,75.3,0,1,0.93,15,0,NORMAL,0
3343.99,0.34,0,0.8,0,0,1,3.7,0,85.7,0,1,0.97,16,0,NORMAL,0
33662.49,19.29,2,0.8,2,1,0,289.2,0,67.6,1,1,0.79,20,0,SUSPICIOUS,1
2125.63,-0.42,0,1.0,1,0,0,13.2,0,79.5,0,1,0.98,12,0,NORMAL,0
1212.5,-0.99,0,1.0,0,0,1,4.7,0,97.7,0,1,0.9,22,0,NORMAL,0
4379.22,0.99,0,1.0,0,0,1,0.0,0,86.7,0,1,0.94,22,0,NORMAL,0
4526.16,1.08,0,0.8,0,0,1,0.0,0,77.6,0,1,0.9,14,0,NORMAL,0
4813.63,1.26,0,1.0,0,0,1,0.0,0,82.8,0,1,0.98,9,0,NORMAL,0
4619.93,1.14,1,0.8,0,0,1,0.0,0,87.4,0,1,0.99,11,0,NORMAL,0
2371.37,-0.27,0,1.0,0,0,1,16.5,0,88.5,0,1,0.94,14,0,NORMAL,0
125647.8,76.78,2,0.0,3,1,0,2779.0,1,26.8,1,2,0.46,0,1,FRAUD,2
3971.96,0.73,1,1.0,0,0,0,4.8,0,92.6,0,1,0.95,21,0,NORMAL,0
1452.84,-0.84,0,1.0,0,0,1,6.1,0,75.8,0,1,0.95,22,0,NORMAL,0
2273.14,-0.33,0,1.0,0,0,1,14.7,0,82.8,0,1,0.92,15,0,NORMAL,0
1466.99,-0.83,0,1.0,0,0,0,31.3,0,94.4,1,1,0.96,12,0,NORMAL,0
1993.52,-0.5,0,1.0,0,0,1,26.9,0,94.5,0,1,0.93,20,0,NORMAL,0
1830.49,-0.61,0,1.0,0,0,1,15.8,0,97.4,0,1,0.97,10,0,NORMAL,0
4115.98,0.82,0,0.8,0,0,1,19.2,0,84.1,0,1,0.92,16,0,NORMAL,0
1323.01,-0.92,0,1.0,0,0,1,13.6,0,99.1,0,1,0.95,20,0,NORMAL,0
8194.91,3.37,0,1.0,1,0,1,8.8,0,79.7,0,1,0.9,18,0,NORMAL,0
137199.04,84.0,2,0.0,7,1,0,1345.4,1,27.0,1,4,0.1,4,1,FRAUD,2
3534.08,0.46,0,1.0,0,0,1,7.8,0,81.1,0,1,0.97,13,0,NORMAL,0
2220.59,-0.36,0,1.0,0,0,1,0.0,0,96.1,0,1,0.98,15,0,NORMAL,0
36517.64,21.07,1,0.5,1,0,1,210.4,0,53.4,1,2,0.7,10,0,SUSPICIOUS,1
2427.57,-0.23,0,1.0,0,0,1,26.8,0,83.7,0,1,0.92,22,0,NORMAL,0
6221.39,2.14,0,1.0,0,0,1,32.9,0,97.7,0,1,0.92,10,0,NORMAL,0
2236.26,-0.35,0,1.0,1,0,1,8.2,0,94.1,0,1,0.98,14,0,NORMAL,0
3192.85,0.25,0,1.0,1,0,0,26.2,0,91.1,0,1,0.92,13,0,NORMAL,0
4689.41,1.18,1,1.0,0,0,1,10.9,0,87.8,0,1,0.94,21,0,NORMAL,0
4422.83,1.01,0,1.0,0,0,1,40.2,0,86.5,0,1,0.97,20,0,NORMAL,0
4280.62,0.93,0,1.0,0,0,0,12.9,0,86.3,0,1,0.99,13,0,NORMAL,0
1991.01,-0.51,0,1.0,0,0,1,16.6,0,99.0,0,1,0.97,15,0,NORMAL,0
5560.49,1.73,0,1.0,0,0,1,27.8,0,80.6,0,1,0.94,13,0,NORMAL,0
2972.72,0.11,1,1.0,0,0,1,15.2,0,76.8,0,1,0.99,10,0,NORMAL,0
3884.29,0.68,0,1.0,0,0,1,27.1,0,94.0,0,1,0.93,15,0,NORMAL,0
1711.17,-0.68,1,1.0,0,0,1,0.0,0,84.5,0,1,0.96,10,0,NORMAL,0
101095.53,61.43,2,0.0,6,1,0,4210.5,1,9.0,1,3,0.49,23,1,FRAUD,2
124739.03,76.21,2,0.2,5,1,0,1163.1,1,26.5,1,3,0.53,23,1,FRAUD,2
50.0,-1.72,0,1.0,0,0,0,21.3,0,87.3,0,1,0.94,18,0,NORMAL,0
2673.83,-0.08,0,1.0,0,0,0,17.9,0,95.0,0,1,0.95,19,0,NORMAL,0
2058.28,-0.46,1,1.0,0,0,1,0.0,0,92.8,0,1,0.99,20,0,NORMAL,0
48179.62,28.36,2,0.5,1,1,1,306.0,0,45.5,1,1,0.85,8,0,SUSPICIOUS,1
2801.31,0.0,0,1.0,0,0,1,26.2,0,84.4,0,1,0.93,10,0,NORMAL,0
4344.48,0.97,0,1.0,0,0,1,35.0,0,92.6,0,1,0.95,10,0,NORMAL,0
5066.66,1.42,1,1.0,1,0,1,32.0,0,93.1,0,1,0.94,11,0,NORMAL,0
116183.69,70.86,2,0.2,7,1,0,2755.0,1,10.0,1,4,0.2,4,1,FRAUD,2
39201.26,22.75,1,0.5,1,0,0,270.4,0,59.6,0,2,0.76,19,0,SUSPICIOUS,1
103073.58,62.67,2,0.2,5,1,0,3444.3,1,27.6,1,2,0.52,4,1,FRAUD,2
122330.76,74.71,2,0.2,7,1,0,2271.8,1,14.7,1,2,0.2,23,1,FRAUD,2
471.54,-1.46,0,1.0,0,0,1,32.4,0,91.4,0,1,0.94,15,0,NORMAL,0
102811.56,62.51,2,0.0,6,1,0,3694.5,1,13.1,1,3,0.32,0,1,FRAUD,2
4216.38,0.89,1,1.0,0,0,1,33.8,0,90.8,0,1,0.97,22,0,NORMAL,0
35325.68,20.33,1,0.8,1,0,1,285.4,0,50.0,0,1,0.85,0,1,SUSPICIOUS,1
1873.3,-0.58,1,1.0,0,0,1,31.5,0,89.6,0,1,0.98,9,0,NORMAL,0
63900.49,38.19,2,0.0,3,1,0,2967.2,1,7.3,1,3,0.12,23,1,FRAUD,2
3738.99,0.59,0,1.0,0,0,1,23.8,0,88.8,0,1,0.97,12,0,NORMAL,0
3690.18,0.56,1,1.0,0,0,1,10.5,0,82.9,0,1,0.95,20,0,NORMAL,0
50.0,-1.72,1,1.0,0,0,1,44.1,0,95.6,0,1,0.98,21,0,NORMAL,0
3203.2,0.25,0,1.0,0,0,1,26.2,0,79.5,1,1,0.93,14,0,NORMAL,0
1620.77,-0.74,0,1.0,0,0,0,43.8,0,91.2,0,1,0.96,16,0,NORMAL,0
116008.94,70.76,2,0.2,6,1,0,3486.3,1,15.9,1,3,0.19,23,1,FRAUD,2
4384.94,0.99,0,1.0,0,0,1,0.0,0,93.6,0,1,0.9,17,0,NORMAL,0
5091.02,1.43,1,0.8,0,0,1,5.8,0,97.9,0,1,0.93,22,0,NORMAL,0
50.0,-1.72,0,1.0,0,0,1,37.5,0,79.0,0,1,0.98,18,0,NORMAL,0
47718.92,28.07,2,0.8,1,0,1,169.9,0,62.6,1,2,0.84,21,0,SUSPICIOUS,1
1500.55,-0.81,1,1.0,0,0,0,19.2,0,87.2,0,1,0.98,16,0,NORMAL,0
4022.32,0.76,0,1.0,1,0,1,26.8,0,99.0,0,1,0.98,14,0,NORMAL,0
50.0,-1.72,0,1.0,0,0,0,43.9,0,75.2,1,1,0.96,14,0,NORMAL,0
1201.24,-1.0,0,1.0,0,0,0,10.0,0,75.4,0,1,0.95,14,0,NORMAL,0
3793.6,0.62,0,0.8,0,0,1,69.9,0,75.5,0,1,0.95,14,0,NORMAL,0
119293.63,72.81,2,0.0,4,1,0,2734.5,1,5.5,1,2,0.12,0,1,FRAUD,2
2690.11,-0.07,0,1.0,0,0,1,23.9,0,94.9,0,1,0.95,17,0,NORMAL,0
1817.3,-0.61,0,1.0,0,0,1,0.0,0,81.9,1,1,0.96,17,0,NORMAL,0
2063.2,-0.46,0,1.0,0,0,0,0.5,0,91.6,0,1,0.9,21,0,NORMAL,0
2897.94,0.06,1,1.0,0,0,1,18.0,0,95.3,0,1,0.91,22,0,NORMAL,0
4702.85,1.19,1,1.0,0,0,0,41.7,0,91.9,0,1,0.98,10,0,NORMAL,0
2354.96,-0.28,0,1.0,0,0,1,23.0,0,79.2,0,1,0.97,13,0,NORMAL,0
4596.43,1.12,0,1.0,0,0,1,28.2,0,99.6,0,1,0.94,16,0,NORMAL,0
1735.03,-0.67,0,1.0,0,0,1,28.8,0,85.1,0,1,0.91,9,0,NORMAL,0
3031.18,0.14,0,1.0,0,0,1,0.0,0,99.8,0,1,0.95,12,0,NORMAL,0
2277.73,-0.33,0,1.0,0,0,0,23.6,0,98.5,0,1,0.96,13,0,NORMAL,0
5345.96,1.59,0,1.0,0,0,1,6.0,0,90.8,0,1,0.94,13,0,NORMAL,0
125424.68,76.64,2,0.2,3,1,0,2867.9,1,23.9,1,2,0.11,3,1,FRAUD,2
3534.84,0.46,0,1.0,0,0,1,41.0,0,98.7,1,1,0.97,11,0,NORMAL,0
5076.15,1.42,0,1.0,0,0,1,24.7,0,83.2,0,1,0.92,22,0,NORMAL,0
3235.33,0.27,0,1.0,0,0,1,44.6,0,77.7,1,1,0.92,16,0,NORMAL,0
3457.33,0.41,1,1.0,1,0,1,43.2,0,80.1,0,1,0.96,18,0,NORMAL,0
50.0,-1.72,1,1.0,0,0,1,40.9,0,92.3,0,1,0.9,14,0,NORMAL,0
2813.24,0.01,0,1.0,0,0,1,0.0,0,96.4,0,1,0.99,15,0,NORMAL,0
1030.73,-1.11,0,1.0,0,0,1,35.5,0,90.0,0,1,0.99,15,0,NORMAL,0
5530.8,1.71,1,1.0,0,0,1,0.0,0,82.8,0,1,0.94,13,0,NORMAL,0
1776.2,-0.64,0,1.0,0,0,1,19.2,0,97.9,0,1,0.9,11,0,NORMAL,0
1806.23,-0.62,0,1.0,0,0,1,14.9,0,83.8,0,1,0.93,11,0,NORMAL,0
31370.02,17.86,1,0.5,1,0,0,207.7,0,67.9,1,1,0.87,15,0,SUSPICIOUS,1
69.19,-1.71,0,1.0,0,0,1,0.0,0,89.5,0,1,0.95,10,0,NORMAL,0
1807.13,-0.62,0,1.0,0,0,0,0.0,0,76.4,0,1,0.92,20,0,NORMAL,0
1622.03,-0.74,1,0.8,0,0,1,15.4,0,75.4,0,1,0.93,17,0,NORMAL,0
2638.43,-0.1,0,1.0,0,0,1,0.0,0,75.7,0,1,0.92,21,0,NORMAL,0
2130.23,-0.42,0,1.0,0,0,1,43.4,0,81.4,0,1,0.99,15,0,NORMAL,0
46244.54,27.15,2,0.5,1,0,1,81.9,0,64.0,1,2,0.87,23,1,SUSPICIOUS,1
4633.28,1.15,0,1.0,0,0,0,38.7,0,95.8,0,1,0.9,14,0,NORMAL,0
4621.54,1.14,1,1.0,0,0,0,0.0,0,86.8,0,1,0.93,18,0,NORMAL,0
3495.0,0.43,0,0.8,0,0,1,17.6,0,85.4,0,1,0.98,16,0,NORMAL,0
1321.47,-0.92,0,1.0,0,0,1,57.3,0,96.4,0,1,0.96,9,0,NORMAL,0
1170.46,-1.02,0,1.0,0,0,1,0.0,0,86.8,0,1,0.96,13,0,NORMAL,0
2747.25,-0.03,0,1.0,0,0,1,4.9,0,86.3,0,1,0.99,17,0,NORMAL,0
31165.17,17.73,2,0.5,1,0,1,105.2,0,67.1,0,1,0.83,20,0,SUSPICIOUS,1
230.84,-1.61,0,1.0,0,0,1,14.1,0,86.8,0,1,0.95,22,0,NORMAL,0
220.43,-1.61,0,1.0,0,0,1,39.5,0,90.7,0,1,0.92,19,0,NORMAL,0
2961.17,0.1,1,1.0,0,0,1,8.8,0,89.3,0,1,0.96,20,0,NORMAL,0
4166.91,0.85,0,1.0,0,0,0,40.8,0,92.3,0,1,0.95,11,0,NORMAL,0
48546.19,28.59,1,0.8,1,0,1,271.2,0,52.2,1,1,0.88,18,0,SUSPICIOUS,1
3314.94,0.32,1,0.8,0,0,1,0.0,0,83.8,1,1,0.97,22,0,NORMAL,0
32573.95,18.61,1,0.5,2,0,0,141.1,0,52.6,0,1,0.75,2,1,SUSPICIOUS,1
1097.78,-1.06,0,1.0,0,0,1,0.0,0,87.4,0,1,0.91,13,0,NORMAL,0
5099.64,1.44,0,1.0,0,0,1,0.0,0,81.8,1,1,0.93,20,0,NORMAL,0
1532.56,-0.79,1,1.0,0,0,1,0.3,0,99.0,0,1,0.92,15,0,NORMAL,0
418.68,-1.49,0,1.0,0,0,1,12.4,0,99.0,0,1,0.97,22,0,NORMAL,0
1924.07,-0.55,0,1.0,0,0,1,27.8,0,98.1,0,1,0.94,17,0,NORMAL,0
4375.45,0.98,0,1.0,0,0,1,30.7,0,77.6,0,1,0.92,19,0,NORMAL,0
2437.99,-0.23,1,1.0,0,0,1,2.7,0,81.9,0,1,0.98,18,0,NORMAL,0
3033.63,0.15,0,1.0,0,0,1,0.0,0,77.4,0,1,0.98,10,0,NORMAL,0
337.26,-1.54,0,1.0,0,0,0,17.3,0,96.4,0,1,0.97,19,0,NORMAL,0
1839.28,-0.6,0,1.0,0,0,1,22.5,0,92.8,0,1,0.9,12,0,NORMAL,0
4362.08,0.98,0,1.0,0,0,1,30.0,0,84.2,0,1,0.97,16,0,NORMAL,0
78212.72,47.13,2,0.0,3,1,0,1289.0,1,6.8,1,4,0.3,23,1,FRAUD,2
2970.43,0.11,0,1.0,0,0,1,18.8,0,84.0,1,1,0.95,20,0,NORMAL,0
1990.18,-0.51,1,1.0,0,0,0,0.0,0,78.1,1,1,0.9,11,0,NORMAL,0
407.39,-1.5,0,1.0,0,0,1,0.0,0,89.8,0,1,0.95,13,0,NORMAL,0
1370.41,-0.89,0,1.0,0,0,1,13.0,0,98.1,0,1,0.97,21,0,NORMAL,0
4281.29,0.93,0,1.0,0,0,1,13.4,0,86.4,0,1,0.96,16,0,NORMAL,0
38514.49,22.32,1,0.8,2,0,0,206.7,0,66.9,1,1,0.83,12,0,SUSPICIOUS,1
3798.83,0.62,0,1.0,0,0,1,2.8,0,81.3,0,1,0.94,16,0,NORMAL,0
2364.8,-0.27,0,1.0,0,0,1,2.6,0,78.4,0,1,0.99,15,0,NORMAL,0
4311.41,0.94,1,1.0,0,0,1,35.7,0,87.0,0,1,0.96,21,0,NORMAL,0
3340.74,0.34,0,1.0,0,0,1,13.6,0,85.7,0,1,0.98,20,0,NORMAL,0
2640.4,-0.1,1,1.0,0,0,1,46.5,0,98.2,0,1,0.95,21,0,NORMAL,0
29192.43,16.5,2,0.5,1,0,1,304.4,0,54.4,1,1,0.84,11,0,SUSPICIOUS,1
50.0,-1.72,1,1.0,0,0,1,29.0,0,87.0,0,1,0.93,17,0,NORMAL,0
1357.5,-0.9,0,1.0,0,0,1,0.0,0,90.3,0,1,0.96,11,0,NORMAL,0
4814.17,1.26,0,1.0,0,0,1,21.1,0,93.4,0,1,0.92,15,0,NORMAL,0
2497.77,-0.19,0,1.0,0,0,1,14.9,0,80.5,0,1,0.98,16,0,NORMAL,0
35990.38,20.74,2,0.8,1,0,1,160.3,0,73.0,1,2,0.81,7,1,SUSPICIOUS,1
2218.11,-0.36,0,1.0,0,0,0,6.0,0,97.5,0,1,0.91,10,0,NORMAL,0
70031.59,42.02,2,0.0,4,1,0,2536.1,1,27.1,1,2,0.35,3,1,FRAUD,2
2851.37,0.03,0,1.0,0,0,1,36.6,0,76.8,0,1,0.97,17,0,NORMAL,0
3797.29,0.62,1,0.8,0,0,1,0.0,0,89.0,0,1,0.96,17,0,NORMAL,0
2148.75,-0.41,0,1.0,0,0,1,27.1,0,91.0,0,1,0.92,18,0,NORMAL,0
636.45,-1.35,0,1.0,0,0,0,25.7,0,96.4,0,1,0.96,11,0,NORMAL,0
1938.01,-0.54,0,1.0,0,0,1,20.8,0,91.4,0,1,0.93,12,0,NORMAL,0
50.0,-1.72,0,1.0,0,0,1,21.9,0,96.4,0,1,0.95,12,0,NORMAL,0
2916.48,0.07,1,0.8,0,0,1,49.2,0,88.6,0,1,0.9,11,0,NORMAL,0
4234.34,0.9,0,1.0,0,0,1,29.8,0,86.3,1,1,0.96,21,0,NORMAL,0
1955.54,-0.53,1,1.0,0,0,1,9.4,0,99.9,0,1,0.9,9,0,NORMAL,0
3206.46,0.25,0,1.0,0,0,1,37.7,0,77.1,0,1,0.91,16,0,NORMAL,0
3023.06,0.14,0,1.0,0,0,1,0.0,0,96.2,0,1,0.98,18,0,NORMAL,0
3759.8,0.6,1,0.8,0,0,1,12.8,0,91.4,0,1,0.95,13,0,NORMAL,0
2514.62,-0.18,0,1.0,0,0,1,0.0,0,80.8,0,1,0.97,19,0,NORMAL,0
2974.66,0.11,0,1.0,0,0,1,15.7,0,83.4,0,1,0.96,9,0,NORMAL,0
1640.52,-0.72,0,1.0,0,0,0,12.1,0,76.3,0,1,0.91,21,0,NORMAL,0
2428.37,-0.23,0,1.0,0,0,1,35.6,0,93.4,0,1,0.98,21,0,NORMAL,0
136104.43,83.32,2,0.0,4,1,0,3829.0,1,24.2,1,3,0.15,4,1,FRAUD,2
4744.81,1.22,0,1.0,0,0,1,0.0,0,81.2,0,1,0.92,21,0,NORMAL,0
1571.63,-0.77,1,1.0,0,0,1,43.9,0,96.9,0,1,0.93,22,0,NORMAL,0
81752.48,49.35,2,0.0,5,1,0,3715.6,1,5.8,1,3,0.37,0,1,FRAUD,2
2065.24,-0.46,0,1.0,0,0,1,0.0,0,95.5,1,1,0.94,12,0,NORMAL,0
4236.36,0.9,0,1.0,0,0,1,3.8,0,95.3,0,1,0.97,18,0,NORMAL,0
50.0,-1.72,0,1.0,0,0,1,33.6,0,79.3,0,1,0.95,14,0,NORMAL,0
124136.43,75.84,2,0.2,4,1,0,3979.5,1,28.2,1,2,0.14,1,1,FRAUD,2
50.0,-1.72,0,1.0,1,0,1,0.0,0,97.9,0,1,0.92,15,0,NORMAL,0
5079.16,1.42,0,0.8,0,0,0,19.1,0,84.6,0,1,0.94,20,0,NORMAL,0
148430.43,91.02,2,0.0,4,1,0,2207.1,1,9.1,1,2,0.4,23,1,FRAUD,2
1772.84,-0.64,0,1.0,0,0,1,0.0,0,95.0,0,1,0.95,13,0,NORMAL,0
927.18,-1.17,0,1.0,1,0,1,35.6,0,98.4,1,1,0.92,14,0,NORMAL,0
27006.45,15.13,2,0.5,2,0,0,149.5,0,62.0,1,2,0.8,5,1,SUSPICIOUS,1
1142.13,-1.04,0,1.0,0,0,1,40.6,0,77.4,0,1,0.93,18,0,NORMAL,0
48620.27,28.64,1,0.5,1,0,1,151.9,0,45.6,0,1,0.71,15,0,SUSPICIOUS,1
1410.56,-0.87,0,1.0,0,0,1,38.5,0,97.0,0,1,0.98,20,0,NORMAL,0
4673.86,1.17,1,1.0,0,0,1,35.8,0,78.8,0,1,0.95,14,0,NORMAL,0
2853.84,0.03,0,1.0,0,0,1,22.6,0,75.5,0,1,0.99,14,0,NORMAL,0
1458.53,-0.84,0,1.0,0,0,1,37.8,0,85.3,0,1,0.97,15,0,NORMAL,0
50.0,-1.72,0,1.0,1,0,1,28.9,0,96.4,0,1,0.92,19,0,NORMAL,0
4984.64,1.37,0,1.0,0,0,1,1.3,0,78.9,0,1,0.95,18,0,NORMAL,0
113803.92,69.38,2,0.2,7,1,0,3627.4,1,23.1,1,3,0.28,1,1,FRAUD,2
880.01,-1.2,0,0.8,0,0,1,4.8,0,94.4,0,1,0.98,14,0,NORMAL,0
2706.35,-0.06,0,1.0,0,0,0,32.1,0,86.0,0,1,0.91,21,0,NORMAL,0
2791.67,-0.01,0,1.0,1,0,1,19.5,0,80.6,0,1,0.91,14,0,NORMAL,0
1083.9,-1.07,0,1.0,0,0,1,0.0,0,79.9,0,1,0.91,15,0,NORMAL,0
4851.37,1.28,0,1.0,1,0,1,4.1,0,85.2,0,1,0.95,10,0,NORMAL,0
4455.37,1.03,0,0.8,0,0,1,25.1,0,99.0,1,1,0.96,15,0,NORMAL,0
3161.22,0.23,0,1.0,0,0,1,5.9,0,89.3,1,1,0.9,14,0,NORMAL,0
4041.22,0.78,1,1.0,0,0,1,0.0,0,79.9,0,1,0.95,13,0,NORMAL,0
4047.48,0.78,0,1.0,0,0,1,0.0,0,81.0,0,1,0.96,12,0,NORMAL,0
41258.91,24.04,2,0.5,2,0,0,163.6,0,51.2,1,1,0.88,4,1,SUSPICIOUS,1
4605.84,1.13,0,1.0,0,0,1,0.0,0,76.7,0,1,0.95,18,0,NORMAL,0
5277.45,1.55,0,1.0,0,0,1,27.0,0,94.2,0,1,0.91,15,0,NORMAL,0
3912.43,0.7,0,0.8,0,0,1,37.5,0,86.5,0,1,0.93,21,0,NORMAL,0
3952.97,0.72,0,1.0,0,0,0,0.0,0,79.0,0,1,0.92,16,0,NORMAL,0
3517.02,0.45,0,1.0,0,0,1,23.4,0,100.0,0,1,0.99,21,0,NORMAL,0
368.04,-1.52,0,1.0,0,0,1,24.4,0,89.2,0,1,0.91,20,0,NORMAL,0
2419.5,-0.24,0,1.0,0,0,1,6.8,0,93.1,0,1,0.93,22,0,NORMAL,0
1058.77,-1.09,0,1.0,0,0,1,58.4,0,81.5,0,1,0.93,20,0,NORMAL,0
4656.57,1.16,0,1.0,0,0,1,5.9,0,84.7,0,1,0.96,21,0,NORMAL,0
122202.17,74.63,2,0.0,5,1,0,1280.5,1,6.5,1,3,0.16,2,1,FRAUD,2
1519.26,-0.8,0,1.0,0,0,0,25.9,0,80.1,0,1,0.9,9,0,NORMAL,0
3994.05,0.75,0,1.0,0,0,0,0.0,0,88.0,0,1,0.92,19,0,NORMAL,0
1989.88,-0.51,0,1.0,0,0,1,27.5,0,89.4,0,1,0.94,15,0,NORMAL,0
4181.74,0.86,1,1.0,0,0,1,2.0,0,94.0,0,1,0.97,17,0,NORMAL,0
4769.12,1.23,1,1.0,0,0,1,0.0,0,85.7,0,1,0.97,9,0,NORMAL,0
633.95,-1.35,0,1.0,0,0,1,27.5,0,80.6,0,1,0.96,16,0,NORMAL,0
38057.14,22.04,1,0.5,2,1,0,199.7,0,55.3,0,2,0.87,7,1,SUSPICIOUS,1
1046.76,-1.1,0,1.0,0,0,1,26.1,0,82.7,0,1,0.94,20,0,NORMAL,0
3743.11,0.59,1,1.0,0,0,1,30.2,0,80.8,1,1,0.95,18,0,NORMAL,0
1286.34,-0.95,0,1.0,0,0,1,58.3,0,75.4,0,1,0.98,20,0,NORMAL,0
1697.4,-0.69,0,1.0,0,0,1,2.4,0,83.1,0,1,0.92,16,0,NORMAL,0
2318.82,-0.3,0,1.0,0,0,1,9.5,0,76.5,0,1,0.99,10,0,NORMAL,0
29755.67,16.85,2,0.8,1,0,1,350.0,0,69.1,1,1,0.86,2,1,SUSPICIOUS,1
1647.74,-0.72,0,1.0,0,0,1,16.4,0,91.3,0,1,0.91,18,0,NORMAL,0
3021.9,0.14,0,1.0,0,0,1,51.3,0,94.6,0,1,0.95,18,0,NORMAL,0
4191.49,0.87,0,1.0,0,0,1,0.0,0,84.9,1,1,0.91,21,0,NORMAL,0
50.0,-1.72,0,1.0,0,0,1,0.0,0,78.2,0,1,0.98,13,0,NORMAL,0
83740.57,50.59,2,0.2,7,1,0,1019.9,1,20.2,1,3,0.44,5,1,FRAUD,2
2528.0,-0.17,0,1.0,0,0,1,0.0,0,81.6,0,1,0.93,14,0,NORMAL,0
3009.19,0.13,0,1.0,0,0,1,25.8,0,79.0,0,1,0.94,21,0,NORMAL,0
28000.55,15.75,2,0.8,1,0,0,114.0,0,46.4,1,1,0.84,13,0,SUSPICIOUS,1
2640.94,-0.1,0,1.0,0,0,1,32.1,0,76.1,0,1,0.91,15,0,NORMAL,0
40145.51,23.34,2,0.8,1,0,0,296.3,0,55.6,1,2,0.75,13,0,SUSPICIOUS,1
1430.23,-0.86,1,1.0,1,0,1,16.8,0,88.1,0,1,0.93,10,0,NORMAL,0
82593.41,49.87,2,0.2,5,1,0,3978.5,1,26.6,1,3,0.26,0,1,FRAUD,2
1952.73,-0.53,0,1.0,1,0,1,24.8,0,95.3,0,1,0.91,18,0,NORMAL,0
5803.92,1.88,0,1.0,1,0,1,0.0,0,78.7,1,1,0.97,12,0,NORMAL,0
48966.44,28.85,2,0.5,2,0,1,85.2,0,55.7,0,1,0.71,9,0,SUSPICIOUS,1
4037.35,0.77,0,1.0,0,0,1,6.5,0,82.2,0,1,0.92,17,0,NORMAL,0
3779.44,0.61,0,1.0,0,0,0,4.2,0,77.1,0,1,0.95,22,0,NORMAL,0
1877.2,-0.58,0,1.0,0,0,1,0.0,0,92.9,0,1,0.99,18,0,NORMAL,0
1466.46,-0.83,0,1.0,0,0,1,2.2,0,87.1,0,1,0.98,9,0,NORMAL,0
3135.15,0.21,0,1.0,0,0,1,43.8,0,75.6,0,1,0.98,16,0,NORMAL,0
1996.94,-0.5,0,1.0,0,0,1,1.4,0,76.6,0,1,0.94,10,0,NORMAL,0
1550.82,-0.78,0,1.0,0,0,1,35.5,0,97.1,0,1,0.96,21,0,NORMAL,0
4500.12,1.06,1,1.0,0,0,1,26.8,0,88.3,0,1,0.91,9,0,NORMAL,0
2141.71,-0.41,0,1.0,0,0,1,28.9,0,81.6,0,1,0.96,11,0,NORMAL,0
3732.46,0.58,0,1.0,0,0,1,55.3,0,97.2,0,1,0.91,22,0,NORMAL,0
4053.51,0.78,1,1.0,0,0,0,0.0,0,75.9,1,1,0.91,13,0,NORMAL,0
1724.84,-0.67,0,1.0,0,0,1,33.4,0,98.7,0,1,0.96,19,0,NORMAL,0
2212.4,-0.37,1,1.0,0,0,1,7.0,0,88.4,0,1,0.97,22,0,NORMAL,0
50.0,-1.72,0,1.0,0,0,0,35.6,0,82.5,0,1,0.97,13,0,NORMAL,0
468.31,-1.46,0,1.0,0,0,0,23.5,0,86.7,0,1,0.97,21,0,NORMAL,0
1595.31,-0.75,0,1.0,0,0,0,24.1,0,89.2,0,1,0.92,16,0,NORMAL,0
982.12,-1.14,1,1.0,0,0,1,11.1,0,95.5,0,1,0.99,11,0,NORMAL,0
4122.79,0.83,0,1.0,0,0,1,0.0,0,81.9,0,1,0.95,11,0,NORMAL,0
2572.18,-0.14,1,1.0,0,0,1,7.9,0,86.4,0,1,0.92,9,0,NORMAL,0
1244.15,-0.97,0,1.0,0,0,1,57.7,0,86.7,0,1,0.9,19,0,NORMAL,0
6259.84,2.16,1,0.8,0,0,1,6.9,0,94.8,0,1,0.9,11,0,NORMAL,0
1140.49,-1.04,0,1.0,0,0,1,6.7,0,84.9,0,1,0.96,13,0,NORMAL,0
42408.67,24.76,2,0.8,1,1,1,136.8,0,53.3,1,1,0.84,13,0,SUSPICIOUS,1
2591.89,-0.13,0,1.0,0,0,1,32.8,0,97.9,0,1,0.92,12,0,NORMAL,0
61166.56,36.48,2,0.0,4,1,0,2682.6,1,19.6,1,4,0.53,5,1,FRAUD,2
2281.55,-0.32,0,1.0,1,0,1,7.7,0,92.3,0,1,0.98,15,0,NORMAL,0
6833.63,2.52,0,1.0,0,0,0,10.7,0,99.5,0,1,0.99,21,0,NORMAL,0
3760.19,0.6,0,0.8,0,0,1,14.6,0,95.3,1,1,0.99,10,0,NORMAL,0
4445.62,1.03,0,1.0,0,0,1,36.4,0,92.8,0,1,0.92,12,0,NORMAL,0
1155.15,-1.03,0,1.0,0,0,1,6.1,0,94.8,0,1,0.95,19,0,NORMAL,0
97333.54,59.08,2,0.0,5,1,0,3661.5,1,21.2,1,2,0.32,2,1,FRAUD,2
1956.56,-0.53,0,1.0,0,0,0,64.9,0,93.8,0,1,0.94,21,0,NORMAL,0
80090.69,48.31,2,0.2,5,1,0,1346.9,1,21.6,1,3,0.39,23,1,FRAUD,2
2808.35,0.01,0,1.0,0,0,1,3.2,0,92.6,0,1,0.9,12,0,NORMAL,0
4148.92,0.84,1,1.0,0,0,1,26.1,0,94.4,0,1,0.91,13,0,NORMAL,0
2330.79,-0.29,0,1.0,0,0,1,1.1,0,78.9,0,1,0.94,17,0,NORMAL,0
3201.47,0.25,0,1.0,0,0,1,0.0,0,75.8,0,1,0.94,15,0,NORMAL,0
4147.94,0.84,0,1.0,0,0,1,15.1,0,97.2,1,1,0.97,21,0,NORMAL,0
94597.64,57.37,2,0.2,5,1,0,2667.7,1,9.6,1,3,0.48,0,1,FRAUD,2
1997.12,-0.5,0,1.0,0,0,1,0.0,0,77.5,0,1,0.91,18,0,NORMAL,0
4369.14,0.98,1,1.0,0,0,1,0.0,0,95.1,0,1,0.95,22,0,NORMAL,0
111475.6,67.92,2,0.0,3,1,0,1430.0,1,22.5,1,3,0.3,5,1,FRAUD,2
25732.03,14.33,1,0.8,1,0,0,210.8,0,65.6,1,1,0.76,7,1,SUSPICIOUS,1
2742.86,-0.04,1,1.0,0,0,1,17.6,0,90.2,0,1,0.91,14,0,NORMAL,0
3320.64,0.33,0,1.0,0,0,1,1.2,0,78.5,0,1,0.99,14,0,NORMAL,0
1394.98,-0.88,0,1.0,0,0,1,51.4,0,86.2,0,1,0.95,13,0,NORMAL,0
2738.67,-0.04,0,0.8,1,0,1,6.3,0,84.8,0,1,0.97,19,0,NORMAL,0
75987.26,45.74,2,0.0,4,1,0,966.8,1,17.7,1,3,0.54,5,1,FRAUD,2
277.53,-1.58,0,1.0,0,0,1,8.9,0,86.5,1,1,0.93,21,0,NORMAL,0
3332.19,0.33,0,1.0,0,0,1,17.0,0,93.1,0,1,0.92,11,0,NORMAL,0
29479.76,16.67,1,0.8,1,1,0,224.2,0,74.0,0,1,0.84,4,1,SUSPICIOUS,1
2812.0,0.01,0,1.0,0,0,1,10.3,0,86.5,0,1,0.95,13,0,NORMAL,0
5878.94,1.92,0,1.0,0,0,1,33.9,0,86.6,0,1,0.98,19,0,NORMAL,0
2445.43,-0.22,0,1.0,0,0,0,49.6,0,91.7,0,1,0.95,19,0,NORMAL,0
3634.63,0.52,0,1.0,0,0,1,46.0,0,76.6,0,1,0.93,11,0,NORMAL,0
4242.54,0.9,1,1.0,0,0,1,9.7,0,85.2,0,1,0.91,19,0,NORMAL,0
63600.4,38.0,2,0.0,6,1,0,2423.7,1,6.3,1,4,0.33,4,1,FRAUD,2
33571.6,19.23,1,0.8,1,0,0,152.1,0,51.9,0,1,0.78,19,0,SUSPICIOUS,1
7257.46,2.79,0,1.0,0,0,1,34.6,0,87.2,0,1,0.91,13,0,NORMAL,0
28381.05,15.99,1,0.5,1,0,0,310.5,0,66.1,1,1,0.77,8,0,SUSPICIOUS,1
2988.93,0.12,0,1.0,0,0,1,14.4,0,79.9,0,1,0.93,19,0,NORMAL,0
2932.86,0.08,0,1.0,0,0,1,23.4,0,78.3,0,1,0.95,18,0,NORMAL,0
4140.6,0.84,0,1.0,0,0,1,46.3,0,87.9,0,1,0.96,16,0,NORMAL,0
3795.17,0.62,0,1.0,0,0,1,0.0,0,87.4,0,1,0.98,14,0,NORMAL,0
2752.07,-0.03,0,0.8,0,0,1,21.6,0,82.7,0,1,0.95,17,0,NORMAL,0
1494.46,-0.82,0,1.0,0,0,1,32.9,0,96.8,0,1,0.91,17,0,NORMAL,0
3189.67,0.24,0,0.8,0,0,0,42.9,0,80.2,0,1,0.94,21,0,NORMAL,0
45580.52,26.74,1,0.8,1,0,1,294.6,0,58.2,1,2,0.88,4,1,SUSPICIOUS,1
1856.57,-0.59,0,1.0,0,0,1,14.9,0,96.5,0,1,0.93,22,0,NORMAL,0
2965.15,0.1,0,1.0,0,0,1,0.8,0,91.6,0,1,0.93,14,0,NORMAL,0
3454.18,0.41,0,1.0,0,0,1,6.3,0,89.3,0,1,0.94,20,0,NORMAL,0
3137.08,0.21,1,1.0,0,0,1,28.0,0,99.2,0,1,0.9,13,0,NORMAL,0
1320.1,-0.92,0,1.0,0,0,1,32.8,0,88.8,0,1,0.98,21,0,NORMAL,0
3098.41,0.19,0,1.0,0,0,1,19.5,0,82.3,0,1,0.94,21,0,NORMAL,0
1662.53,-0.71,0,1.0,0,0,1,33.9,0,81.6,0,1,0.91,22,0,NORMAL,0
3777.35,0.61,0,1.0,0,0,1,62.9,0,85.0,0,1,0.96,18,0,NORMAL,0
3999.43,0.75,0,0.8,0,0,1,5.4,0,87.9,0,1,0.93,9,0,NORMAL,0
1397.2,-0.88,0,1.0,0,0,0,33.4,0,96.4,0,1,0.92,21,0,NORMAL,0
45949.69,26.97,1,0.8,1,0,0,282.4,0,73.5,0,1,0.74,7,1,SUSPICIOUS,1
3720.56,0.58,0,1.0,0,0,1,23.2,0,97.3,0,1,0.92,22,0,NORMAL,0
5337.38,1.59,0,1.0,0,0,1,14.6,0,95.1,1,1,0.96,16,0,NORMAL,0
67125.03,40.2,2,0.0,7,1,0,1250.7,1,16.7,1,3,0.38,4,1,FRAUD,2
34909.11,20.07,1,0.8,1,0,1,198.3,0,62.0,0,1,0.87,5,1,SUSPICIOUS,1
96831.46,58.77,2,0.2,6,1,0,3279.9,1,8.7,1,3,0.12,2,1,FRAUD,2
5170.46,1.48,0,1.0,0,0,1,0.0,0,96.2,1,1,0.9,16,0,NORMAL,0
5972.02,1.98,0,0.8,0,0,0,62.8,0,93.1,0,1,0.98,16,0,NORMAL,0
2323.67,-0.3,1,0.8,0,0,0,11.7,0,79.6,0,1,0.9,19,0,NORMAL,0
5549.12,1.72,1,0.8,0,0,1,0.0,0,93.1,0,1,0.94,20,0,NORMAL,0
2695.16,-0.07,0,1.0,0,0,1,18.9,0,81.7,0,1,0.99,18,0,NORMAL,0
2781.17,-0.01,0,1.0,0,0,1,14.3,0,89.5,0,1,0.95,11,0,NORMAL,0
3833.72,0.65,0,1.0,0,0,1,0.0,0,91.7,0,1,0.98,17,0,NORMAL,0
3883.32,0.68,1,1.0,0,0,1,14.7,0,99.4,0,1,0.97,16,0,NORMAL,0
906.31,-1.18,0,1.0,0,0,1,0.0,0,90.5,0,1,0.97,16,0,NORMAL,0
2290.02,-0.32,0,1.0,0,0,1,0.0,0,80.8,0,1,0.97,13,0,NORMAL,0
32073.44,18.3,2,0.8,1,1,1,227.4,0,52.6,1,1,0.77,19,0,SUSPICIOUS,1
2910.44,0.07,0,1.0,0,0,1,5.4,0,86.0,0,1,0.96,13,0,NORMAL,0
41016.33,23.89,1,0.8,2,0,1,341.3,0,66.2,0,1,0.72,21,0,SUSPICIOUS,1
1736.66,-0.66,0,1.0,0,0,1,0.0,0,80.1,0,1,0.97,12,0,NORMAL,0
1728.36,-0.67,0,1.0,0,0,1,25.5,0,81.1,0,1,0.92,11,0,NORMAL,0
4099.26,0.81,0,1.0,0,0,1,26.4,0,79.7,0,1,0.92,14,0,NORMAL,0
983.37,-1.14,0,1.0,0,0,1,0.0,0,76.5,0,1,0.9,11,0,NORMAL,0
3413.53,0.38,1,1.0,0,0,1,17.4,0,91.7,0,1,0.96,9,0,NORMAL,0
2000.32,-0.5,0,1.0,0,0,1,29.1,0,82.6,0,1,0.98,21,0,NORMAL,0
2468.94,-0.21,0,1.0,0,0,1,0.7,0,92.8,0,1,0.93,15,0,NORMAL,0
43463.08,25.41,2,0.5,1,0,1,236.5,0,68.7,1,1,0.71,17,0,SUSPICIOUS,1
3089.93,0.18,0,1.0,0,0,1,24.9,0,97.0,0,1,0.94,21,0,NORMAL,0
5870.4,1.92,1,1.0,0,0,1,11.8,0,99.1,0,1,0.93,12,0,NORMAL,0
3415.96,0.38,0,1.0,1,0,1,17.3,0,94.3,0,1,0.93,14,0,NORMAL,0
1358.26,-0.9,0,1.0,0,0,1,4.9,0,88.3,0,1,0.92,10,0,NORMAL,0
2542.05,-0.16,0,1.0,0,0,1,5.5,0,86.1,0,1,0.93,19,0,NORMAL,0
35151.12,20.22,2,0.8,1,0,1,330.6,0,52.7,1,2,0.81,3,1,SUSPICIOUS,1
1410.38,-0.87,0,1.0,0,0,1,48.5,0,97.4,0,1,0.97,21,0,NORMAL,0
37296.44,21.56,1,0.5,1,0,0,253.5,0,62.0,1,1,0.77,1,1,SUSPICIOUS,1
4923.51,1.33,0,1.0,0,0,1,8.5,0,80.9,0,1,0.91,20,0,NORMAL,0
682.6,-1.32,0,1.0,0,0,1,26.1,0,86.1,0,1,0.93,20,0,NORMAL,0
6241.17,2.15,0,1.0,0,0,1,23.6,0,85.5,1,1,0.92,9,0,NORMAL,0
5271.75,1.54,0,0.8,0,0,1,0.0,0,80.5,0,1,0.98,18,0,NORMAL,0
4802.53,1.25,0,1.0,0,0,1,5.9,0,96.5,0,1,0.92,9,0,NORMAL,0
31652.8,18.03,1,0.5,2,1,0,129.6,0,64.2,1,1,0.81,0,1,SUSPICIOUS,1
4504.65,1.07,0,1.0,0,0,1,41.2,0,98.0,0,1,0.95,18,0,NORMAL,0
1099.38,-1.06,0,1.0,0,0,1,0.0,0,91.8,0,1,0.92,10,0,NORMAL,0
952.61,-1.15,0,1.0,0,0,1,0.0,0,84.2,0,1,0.95,9,0,NORMAL,0
225.75,-1.61,1,1.0,0,0,1,48.0,0,80.7,0,1,0.93,19,0,NORMAL,0
4086.74,0.8,0,1.0,0,0,0,11.4,0,86.2,0,1,0.98,20,0,NORMAL,0
2392.17,-0.25,1,1.0,0,0,1,4.2,0,99.4,0,1,0.92,10,0,NORMAL,0
2412.93,-0.24,0,1.0,0,0,1,0.0,0,95.8,0,1,0.94,10,0,NORMAL,0
34621.62,19.89,1,0.8,1,0,0,106.2,0,62.5,1,2,0.8,18,0,SUSPICIOUS,1
3068.14,0.17,0,1.0,0,0,1,0.0,0,78.9,0,1,0.9,21,0,NORMAL,0
2702.5,-0.06,0,1.0,0,0,0,38.5,0,91.8,0,1,0.99,14,0,NORMAL,0
3454.8,0.41,0,1.0,0,0,1,0.0,0,98.6,0,1,0.92,17,0,NORMAL,0
7867.5,3.17,0,1.0,0,0,1,1.7,0,95.4,0,1,0.9,21,0,NORMAL,0
5544.12,1.72,0,1.0,0,0,0,9.6,0,94.0,0,1,0.91,21,0,NORMAL,0
2806.74,0.0,0,1.0,0,0,1,25.8,0,90.1,0,1,0.97,16,0,NORMAL,0
3895.03,0.68,0,1.0,0,0,1,50.9,0,99.8,0,1,0.94,18,0,NORMAL,0
4120.49,0.83,0,1.0,0,0,1,9.7,0,76.3,0,1,0.92,13,0,NORMAL,0
2121.13,-0.42,0,1.0,0,0,1,1.6,0,90.8,0,1,0.95,12,0,NORMAL,0
4208.03,0.88,0,1.0,0,0,1,0.0,0,93.0,0,1,0.91,13,0,NORMAL,0
3016.09,0.14,1,1.0,0,0,1,33.8,0,97.1,0,1,0.93,11,0,NORMAL,0
4262.89,0.91,1,1.0,0,0,1,0.0,0,85.3,0,1,0.96,18,0,NORMAL,0
2506.13,-0.18,0,1.0,0,0,1,20.2,0,85.3,0,1,0.93,20,0,NORMAL,0
4104.37,0.82,1,1.0,0,0,1,50.7,0,99.0,0,1,0.93,9,0,NORMAL,0
5097.18,1.44,0,1.0,0,0,1,0.0,0,80.0,0,1,0.97,18,0,NORMAL,0
1575.08,-0.77,0,1.0,0,0,1,0.5,0,92.4,0,1,0.94,15,0,NORMAL,0
3930.06,0.71,0,1.0,0,0,1,5.8,0,88.7,0,1,0.94,21,0,NORMAL,0
1734.47,-0.67,0,0.8,1,0,0,35.2,0,80.1,0,1,0.96,16,0,NORMAL,0
1739.77,-0.66,0,1.0,0,0,1,11.8,0,96.1,0,1,0.98,22,0,NORMAL,0
1476.5,-0.83,1,1.0,0,0,1,0.0,0,95.3,0,1,0.94,20,0,NORMAL,0
46281.3,27.18,1,0.8,2,0,0,121.1,0,50.4,1,1,0.88,5,1,SUSPICIOUS,1
3484.94,0.43,0,0.8,1,0,0,6.4,0,93.5,0,1,0.91,13,0,NORMAL,0
1137.08,-1.04,0,1.0,1,0,1,0.0,0,88.3,0,1,0.9,9,0,NORMAL,0
38794.04,22.5,1,0.8,2,0,0,195.1,0,52.8,0,2,0.76,14,0,SUSPICIOUS,1
3715.1,0.57,0,1.0,0,0,0,0.0,0,97.3,0,1,0.95,19,0,NORMAL,0
1545.8,-0.78,0,1.0,0,0,1,13.9,0,76.9,0,1,0.93,9,0,NORMAL,0
79888.36,48.18,2,0.2,6,1,0,3067.8,1,23.2,1,3,0.21,1,1,FRAUD,2
41605.49,24.25,2,0.5,2,0,1,272.1,0,46.8,1,1,0.73,15,0,SUSPICIOUS,1
5666.46,1.79,0,1.0,0,0,1,49.9,0,90.8,0,1,0.9,13,0,NORMAL,0
4271.79,0.92,0,1.0,0,0,1,39.1,0,89.1,1,1,0.98,19,0,NORMAL,0
3150.15,0.22,0,1.0,0,0,1,34.1,0,94.5,1,1,0.99,14,0,NORMAL,0
2127.43,-0.42,0,1.0,0,0,1,35.0,0,98.8,0,1,0.97,21,0,NORMAL,0
2751.8,-0.03,0,1.0,0,0,1,28.3,0,89.5,0,1,0.91,15,0,NORMAL,0
2510.85,-0.18,0,1.0,0,0,1,18.5,0,97.8,0,1,0.91,15,0,NORMAL,0
4397.84,1.0,0,1.0,0,0,1,45.6,0,93.9,1,1,0.98,17,0,NORMAL,0
38175.98,22.11,1,0.8,2,0,0,168.9,0,56.7,1,1,0.75,3,1,SUSPICIOUS,1
458.75,-1.46,1,1.0,1,0,0,34.0,0,97.2,0,1,0.93,14,0,NORMAL,0
1887.93,-0.57,0,1.0,0,0,0,0.0,0,94.8,1,1,0.92,12,0,NORMAL,0
40603.45,23.63,2,0.8,1,1,0,279.7,0,45.9,1,2,0.77,8,0,SUSPICIOUS,1
38372.16,22.23,1,0.8,1,1,1,115.6,0,60.3,1,1,0.78,22,0,SUSPICIOUS,1
2979.9,0.11,1,1.0,0,0,1,55.7,0,96.3,0,1,0.93,15,0,NORMAL,0
5285.25,1.55,0,1.0,1,0,1,33.4,0,89.1,0,1,0.93,10,0,NORMAL,0
2570.93,-0.14,0,1.0,0,0,1,0.0,0,88.9,0,1,0.92,13,0,NORMAL,0
39563.4,22.98,2,0.5,1,0,0,95.5,0,54.7,0,1,0.78,19,0,SUSPICIOUS,1
2632.22,-0.1,0,1.0,0,0,1,2.1,0,77.4,0,1,0.91,15,0,NORMAL,0
2655.07,-0.09,0,1.0,0,0,1,0.0,0,86.6,0,1,0.97,15,0,NORMAL,0
50.0,-1.72,0,1.0,0,0,1,28.1,0,98.1,0,1,0.94,17,0,NORMAL,0
3221.2,0.26,0,1.0,1,0,1,14.1,0,83.2,0,1,0.91,15,0,NORMAL,0
5190.49,1.49,0,1.0,0,0,1,27.5,0,81.1,0,1,0.94,19,0,NORMAL,0
3277.48,0.3,0,1.0,0,0,1,25.2,0,98.0,0,1,0.92,15,0,NORMAL,0
134648.02,82.41,2,0.0,4,1,0,2123.8,1,19.1,1,2,0.15,3,1,FRAUD,2
1332.46,-0.92,0,1.0,0,0,1,0.0,0,95.1,0,1,0.96,18,0,NORMAL,0
4793.31,1.25,0,1.0,0,0,1,33.4,0,91.2,0,1,0.97,17,0,NORMAL,0
1927.34,-0.55,0,1.0,0,0,1,15.9,0,98.3,0,1,0.94,10,0,NORMAL,0
4787.31,1.24,0,1.0,0,0,1,8.0,0,91.8,1,1,0.96,22,0,NORMAL,0
102706.99,62.44,2,0.0,4,1,0,2278.3,1,14.3,1,3,0.27,23,1,FRAUD,2
50.0,-1.72,0,1.0,0,0,1,22.7,0,76.7,0,1,0.93,11,0,NORMAL,0
2729.04,-0.04,0,1.0,0,0,1,38.7,0,91.6,0,1,0.91,10,0,NORMAL,0
407.03,-1.5,0,1.0,0,0,1,24.0,0,92.6,0,1,0.95,9,0,NORMAL,0
4566.07,1.1,0,1.0,0,0,1,0.0,0,82.5,1,1,0.96,10,0,NORMAL,0
84320.63,50.95,2,0.0,4,1,0,1748.6,1,17.7,1,4,0.25,4,1,FRAUD,2
112969.87,68.86,2,0.2,6,1,0,3588.4,1,12.6,1,3,0.22,3,1,FRAUD,2
35541.35,20.46,1,0.5,1,0,0,190.5,0,53.8,0,1,0.86,20,0,SUSPICIOUS,1
2548.19,-0.16,0,1.0,0,0,1,43.8,0,77.4,0,1,0.96,22,0,NORMAL,0
5004.61,1.38,0,1.0,0,0,1,55.2,0,78.0,0,1,0.93,16,0,NORMAL,0
4093.21,0.81,0,1.0,0,0,1,26.1,0,84.9,0,1,0.91,19,0,NORMAL,0
1884.45,-0.57,0,1.0,0,0,1,0.0,0,96.0,1,1,0.91,13,0,NORMAL,0
1605.4,-0.75,0,1.0,0,0,1,10.7,0,79.9,0,1,0.95,14,0,NORMAL,0
35578.79,20.49,2,0.5,1,0,0,252.2,0,61.3,1,1,0.79,1,1,SUSPICIOUS,1
3261.47,0.29,0,1.0,0,0,1,31.8,0,75.7,1,1,0.9,21,0,NORMAL,0
37961.54,21.98,1,0.8,1,0,0,142.8,0,53.1,0,1,0.74,7,1,SUSPICIOUS,1
70507.86,42.32,2,0.0,3,1,0,1389.6,1,26.3,1,2,0.52,2,1,FRAUD,2
2948.1,0.09,0,1.0,0,0,1,42.1,0,83.3,0,1,0.99,10,0,NORMAL,0
3050.79,0.16,0,1.0,0,0,1,0.0,0,75.9,1,1,0.93,13,0,NORMAL,0
1949.85,-0.53,0,0.8,0,0,1,63.5,0,80.6,0,1,0.99,11,0,NORMAL,0
1435.89,-0.85,0,1.0,0,0,1,0.0,0,83.3,0,1,0.97,10,0,NORMAL,0
2388.98,-0.26,0,1.0,1,0,1,7.0,0,86.4,0,1,0.95,22,0,NORMAL,0
4312.01,0.95,0,1.0,0,0,1,14.1,0,93.1,0,1,0.96,16,0,NORMAL,0
4813.81,1.26,0,1.0,0,0,1,15.2,0,91.1,0,1,0.95,21,0,NORMAL,0
2191.21,-0.38,0,1.0,0,0,1,36.7,0,90.9,0,1,0.92,14,0,NORMAL,0
3155.27,0.22,1,0.8,0,0,1,0.0,0,76.1,0,1,0.97,18,0,NORMAL,0
4104.49,0.82,0,1.0,0,0,1,15.1,0,92.5,0,1,0.95,10,0,NORMAL,0
4048.75,0.78,0,1.0,0,0,1,13.8,0,85.8,0,1,0.91,14,0,NORMAL,0
4188.92,0.87,0,0.8,0,0,0,21.3,0,81.6,0,1,0.98,19,0,NORMAL,0
44574.14,26.11,1,0.8,2,0,1,287.9,0,52.5,1,1,0.87,4,1,SUSPICIOUS,1
554.89,-1.4,0,1.0,0,0,1,61.2,0,89.5,0,1,0.96,12,0,NORMAL,0
27657.43,15.54,2,0.8,2,0,0,139.6,0,59.8,1,2,0.77,21,0,SUSPICIOUS,1
4344.61,0.97,0,1.0,0,0,1,0.5,0,77.0,0,1,0.91,14,0,NORMAL,0
6821.83,2.51,0,1.0,0,0,1,38.8,0,94.0,0,1,0.97,14,0,NORMAL,0
1098.19,-1.06,0,1.0,0,0,1,32.3,0,77.7,0,1,0.92,10,0,NORMAL,0
88717.51,53.7,2,0.2,5,1,0,3255.0,1,5.1,1,3,0.33,4,1,FRAUD,2
6319.73,2.2,1,1.0,0,0,1,15.6,0,86.9,1,1,0.95,21,0,NORMAL,0
3159.35,0.22,0,1.0,0,0,1,11.5,0,97.2,0,1,0.99,15,0,NORMAL,0
1851.57,-0.59,0,0.8,0,0,1,0.0,0,85.7,0,1,0.93,10,0,NORMAL,0
128767.81,78.73,2,0.0,6,1,0,4087.0,1,8.6,1,3,0.29,4,1,FRAUD,2
107.45,-1.68,0,1.0,0,0,0,25.4,0,84.7,0,1,0.97,12,0,NORMAL,0
2892.88,0.06,0,1.0,0,0,1,0.0,0,90.2,0,1,0.97,20,0,NORMAL,0
927.99,-1.17,0,1.0,0,0,1,28.6,0,86.1,0,1,0.96,12,0,NORMAL,0
42471.46,24.79,2,0.5,1,1,1,140.4,0,52.2,1,1,0.78,23,1,SUSPICIOUS,1
37956.99,21.97,1,0.5,1,1,0,205.8,0,61.3,1,1,0.82,12,0,SUSPICIOUS,1
3112.04,0.2,0,1.0,0,0,1,16.3,0,89.2,0,1,0.97,21,0,NORMAL,0
5006.58,1.38,0,1.0,0,0,1,0.0,0,90.8,0,1,0.97,20,0,NORMAL,0
62242.47,37.15,2,0.2,7,1,0,2104.7,1,7.3,1,2,0.27,2,1,FRAUD,2
95240.11,57.78,2,0.0,7,1,0,4272.8,1,21.3,1,2,0.36,5,1,FRAUD,2
1102.87,-1.06,0,1.0,0,0,1,25.3,0,89.9,0,1,0.9,12,0,NORMAL,0
2126.29,-0.42,1,1.0,0,0,1,0.0,0,82.9,0,1,0.94,10,0,NORMAL,0
74883.26,45.05,2,0.0,4,1,0,3103.2,1,5.0,1,3,0.54,4,1,FRAUD,2
3056.22,0.16,0,1.0,0,0,1,3.3,0,95.2,0,1,0.96,14,0,NORMAL,0
5122.81,1.45,0,1.0,0,0,1,0.0,0,78.5,0,1,0.98,14,0,NORMAL,0
76216.77,45.89,2,0.0,7,1,0,2721.8,1,28.1,1,3,0.54,5,1,FRAUD,2
5168.59,1.48,0,1.0,0,0,0,7.8,0,76.1,0,1,0.9,21,0,NORMAL,0
2395.07,-0.25,0,1.0,0,0,1,0.9,0,91.7,0,1,0.93,13,0,NORMAL,0
3599.67,0.5,0,1.0,0,0,1,43.7,0,92.4,0,1,0.95,16,0,NORMAL,0
5419.21,1.64,0,1.0,0,0,1,32.0,0,88.0,0,1,0.92,12,0,NORMAL,0
3765.59,0.6,0,1.0,0,0,1,0.0,0,90.0,0,1,0.92,21,0,NORMAL,0
120369.5,73.48,2,0.0,4,1,0,979.0,1,6.9,1,2,0.45,1,1,FRAUD,2
1676.32,-0.7,0,1.0,0,0,1,25.5,0,83.4,0,1,0.98,20,0,NORMAL,0
4367.71,0.98,0,1.0,0,0,1,13.6,0,83.1,0,1,0.94,10,0,NORMAL,0
29760.74,16.85,1,0.8,1,0,0,129.2,0,52.9,1,2,0.7,18,0,SUSPICIOUS,1
3665.35,0.54,0,1.0,0,0,1,1.1,0,92.1,0,1,0.91,10,0,NORMAL,0
1706.1,-0.68,0,1.0,0,0,1,19.0,0,89.1,0,1,0.92,13,0,NORMAL,0
3390.55,0.37,0,1.0,0,0,1,6.6,0,89.5,0,1,0.95,9,0,NORMAL,0
3473.03,0.42,0,1.0,0,0,1,0.0,0,99.1,0,1,0.98,19,0,NORMAL,0
2836.23,0.02,1,1.0,0,0,1,29.3,0,91.5,0,1,0.91,11,0,NORMAL,0
40028.54,23.27,1,0.8,1,0,1,222.9,0,55.7,1,1,0.8,11,0,SUSPICIOUS,1
1631.44,-0.73,1,1.0,0,0,1,5.5,0,90.8,0,1,0.94,20,0,NORMAL,0
73713.67,44.32,2,0.0,7,1,0,4222.5,1,22.6,1,4,0.53,23,1,FRAUD,2
133210.73,81.51,2,0.2,4,1,0,3295.5,1,25.5,1,2,0.19,2,1,FRAUD,2
2755.91,-0.03,0,1.0,0,0,0,0.0,0,82.2,0,1,0.95,22,0,NORMAL,0
48905.22,28.82,1,0.8,1,0,0,175.9,0,46.1,1,2,0.75,23,1,SUSPICIOUS,1
1086.91,-1.07,0,1.0,0,0,1,0.0,0,88.7,0,1,0.93,19,0,NORMAL,0
4194.07,0.87,0,1.0,0,0,1,31.2,0,81.9,0,1,0.96,19,0,NORMAL,0
6049.53,2.03,1,1.0,0,0,1,0.0,0,76.4,0,1,0.97,13,0,NORMAL,0
4012.81,0.76,0,1.0,0,0,1,33.8,0,98.9,0,1,0.97,20,0,NORMAL,0
36603.48,21.13,1,0.8,1,1,1,231.3,0,60.2,1,1,0.81,9,0,SUSPICIOUS,1
4272.97,0.92,0,0.8,0,0,1,31.1,0,79.8,0,1,0.94,14,0,NORMAL,0
6009.23,2.01,1,1.0,0,0,1,40.3,0,95.8,0,1,0.92,14,0,NORMAL,0
703.83,-1.31,0,1.0,0,0,1,29.1,0,96.0,0,1,0.96,14,0,NORMAL,0
118695.22,72.43,2,0.0,6,1,0,3138.3,1,6.7,1,2,0.36,5,1,FRAUD,2
2502.3,-0.19,0,1.0,0,0,1,8.3,0,84.3,0,1,0.96,20,0,NORMAL,0
129642.3,79.28,2,0.0,4,1,0,1456.6,1,29.2,1,2,0.29,23,1,FRAUD,2
43863.38,25.66,2,0.5,1,0,1,349.6,0,62.4,0,1,0.71,11,0,SUSPICIOUS,1
3310.85,0.32,0,1.0,0,0,1,18.9,0,85.2,0,1,0.97,16,0,NORMAL,0
3020.62,0.14,0,1.0,0,0,0,9.1,0,77.8,0,1,0.97,13,0,NORMAL,0
5211.11,1.51,0,1.0,0,0,1,0.0,0,99.7,0,1,0.99,21,0,NORMAL,0
1236.04,-0.98,0,1.0,0,0,1,21.7,0,95.1,1,1,0.91,20,0,NORMAL,0
5864.45,1.92,1,1.0,0,0,1,3.0,0,96.0,0,1,0.9,14,0,NORMAL,0
2437.62,-0.23,0,1.0,0,0,1,0.0,0,80.9,0,1,0.98,17,0,NORMAL,0
1258.21,-0.96,0,1.0,0,0,1,0.0,0,78.1,0,1,0.91,11,0,NORMAL,0
3873.87,0.67,1,1.0,0,0,1,0.0,0,82.9,0,1,0.98,17,0,NORMAL,0
4597.15,1.12,0,1.0,0,0,1,14.6,0,77.0,0,1,0.91,19,0,NORMAL,0
125189.47,76.49,2,0.2,4,1,0,1755.4,1,11.9,1,4,0.54,1,1,FRAUD,2
3489.94,0.43,0,0.8,0,0,0,17.7,0,97.7,0,1,0.97,22,0,NORMAL,0
31882.95,18.18,2,0.8,1,0,1,141.0,0,59.6,1,2,0.89,5,1,SUSPICIOUS,1
1080.8,-1.07,0,1.0,0,0,0,35.4,0,76.8,0,1,0.98,22,0,NORMAL,0
2155.41,-0.4,1,0.8,1,0,1,17.6,0,80.6,0,1,0.93,22,0,NORMAL,0
1331.16,-0.92,0,1.0,0,0,1,39.8,0,88.5,0,1,0.97,22,0,NORMAL,0
5379.09,1.61,0,1.0,0,0,1,21.7,0,96.9,0,1,0.91,15,0,NORMAL,0
4847.07,1.28,0,1.0,0,0,0,31.3,0,93.7,0,1,0.98,17,0,NORMAL,0
2195.83,-0.38,0,1.0,0,0,1,36.2,0,98.1,0,1,0.96,13,0,NORMAL,0
66383.92,39.74,2,0.0,6,1,0,4035.6,1,25.9,1,4,0.24,5,1,FRAUD,2
3855.48,0.66,0,1.0,0,0,0,20.3,0,91.1,0,1,0.9,17,0,NORMAL,0
4114.48,0.82,0,1.0,0,0,1,0.0,0,75.7,0,1,0.95,19,0,NORMAL,0
3946.32,0.72,0,1.0,0,0,1,25.0,0,91.9,0,1,0.98,12,0,NORMAL,0
4374.98,0.98,0,1.0,0,0,1,0.0,0,96.2,0,1,0.96,18,0,NORMAL,0
3444.22,0.4,0,1.0,0,0,0,15.3,0,82.4,0,1,0.92,13,0,NORMAL,0
115408.93,70.38,2,0.0,6,1,0,1466.8,1,24.7,1,3,0.33,0,1,FRAUD,2
2749.82,-0.03,0,1.0,0,0,1,0.0,0,79.4,0,1,0.95,21,0,NORMAL,0
3371.21,0.36,0,1.0,0,0,1,0.0,0,93.8,0,1,0.91,21,0,NORMAL,0
1719.51,-0.68,0,1.0,0,0,1,12.4,0,78.9,0,1,0.95,14,0,NORMAL,0
1838.87,-0.6,0,1.0,0,0,0,7.4,0,98.2,1,1,0.91,15,0,NORMAL,0
2774.28,-0.02,0,1.0,0,0,1,13.6,0,84.4,0,1,0.93,21,0,NORMAL,0
3420.33,0.39,0,1.0,0,0,1,0.0,0,91.0,0,1,0.95,17,0,NORMAL,0
2977.07,0.11,0,1.0,0,0,1,25.8,0,90.1,1,1,0.93,11,0,NORMAL,0
4460.04,1.04,0,1.0,0,0,1,42.4,0,95.4,0,1,0.95,9,0,NORMAL,0
109719.58,66.82,2,0.0,7,1,0,4349.2,1,20.3,1,2,0.35,0,1,FRAUD,2
5149.24,1.47,0,1.0,0,0,1,7.7,0,84.7,0,1,0.9,10,0,NORMAL,0
6537.83,2.34,0,1.0,0,0,1,22.2,0,80.6,0,1,0.96,20,0,NORMAL,0
37549.23,21.72,2,0.8,1,0,1,149.1,0,56.5,1,2,0.83,5,1,SUSPICIOUS,1
46606.87,27.38,2,0.8,1,0,1,224.3,0,47.2,1,2,0.78,7,1,SUSPICIOUS,1
5501.59,1.69,0,1.0,0,0,0,12.4,0,96.8,0,1,0.96,18,0,NORMAL,0
44792.54,26.25,2,0.8,1,0,0,213.4,0,64.4,1,1,0.72,16,0,SUSPICIOUS,1
5445.5,1.65,0,1.0,0,0,1,2.3,0,99.0,0,1,0.95,10,0,NORMAL,0
3000.65,0.13,0,1.0,0,0,1,13.7,0,79.4,0,1,0.95,11,0,NORMAL,0
2749.72,-0.03,0,1.0,0,0,1,1.8,0,92.7,0,1,0.91,20,0,NORMAL,0
939.47,-1.16,0,1.0,0,0,0,36.6,0,80.0,0,1,0.94,17,0,NORMAL,0
4306.8,0.94,0,1.0,0,0,1,25.6,0,79.2,0,1,0.93,19,0,NORMAL,0
1276.2,-0.95,0,1.0,0,0,0,0.0,0,83.8,0,1,0.9,21,0,NORMAL,0
1446.84,-0.85,0,1.0,0,0,1,35.5,0,81.9,0,1,0.96,10,0,NORMAL,0
133716.19,81.82,2,0.2,7,1,0,1882.7,1,25.7,1,4,0.47,23,1,FRAUD,2
4879.09,1.3,0,1.0,0,0,1,43.2,0,96.3,0,1,0.91,13,0,NORMAL,0
113008.35,68.88,2,0.0,7,1,0,3618.8,1,14.7,1,3,0.45,2,1,FRAUD,2
999.0,-1.13,0,1.0,0,0,1,4.2,0,91.9,0,1,0.95,18,0,NORMAL,0
5367.52,1.6,0,1.0,0,0,1,19.0,0,96.9,0,1,0.93,19,0,NORMAL,0
2665.74,-0.08,0,1.0,0,0,1,14.4,0,83.6,0,1,0.97,9,0,NORMAL,0
2898.27,0.06,0,0.8,0,0,1,0.0,0,78.5,1,1,0.95,21,0,NORMAL,0
3213.55,0.26,0,1.0,0,0,1,0.9,0,93.3,0,1,0.95,14,0,NORMAL,0
2717.16,-0.05,0,1.0,0,0,1,1.0,0,89.7,0,1,0.95,18,0,NORMAL,0
2161.78,-0.4,0,1.0,0,0,0,2.5,0,88.1,0,1,0.92,22,0,NORMAL,0
3625.89,0.52,0,1.0,0,0,1,22.7,0,76.4,0,1,0.96,10,0,NORMAL,0
2167.58,-0.4,1,1.0,0,0,0,0.0,0,93.2,1,1,0.97,16,0,NORMAL,0
1326.96,-0.92,0,1.0,0,0,0,21.3,0,87.7,0,1,0.91,16,0,NORMAL,0
1551.49,-0.78,0,1.0,0,0,1,24.1,0,92.8,0,1,0.94,21,0,NORMAL,0
2606.35,-0.12,0,1.0,0,0,1,0.2,0,81.2,0,1,0.99,18,0,NORMAL,0
2125.17,-0.42,0,1.0,0,0,0,13.9,0,77.7,0,1,0.93,17,0,NORMAL,0
2542.37,-0.16,0,0.8,1,0,1,0.0,0,98.7,0,1,0.94,15,0,NORMAL,0
29503.54,16.69,1,0.8,1,0,1,299.5,0,54.1,0,1,0.77,13,0,SUSPICIOUS,1
2609.49,-0.12,0,1.0,0,0,1,35.2,0,79.8,0,1,0.93,16,0,NORMAL,0
3079.73,0.17,0,1.0,0,0,1,0.0,0,87.6,0,1,0.91,11,0,NORMAL,0
4056.21,0.79,0,1.0,0,0,0,32.2,0,88.3,0,1,0.95,15,0,NORMAL,0
2104.59,-0.43,0,0.8,0,0,1,30.9,0,81.4,0,1,0.95,20,0,NORMAL,0
3513.3,0.45,0,0.8,0,0,1,17.1,0,78.1,0,1,0.91,20,0,NORMAL,0
1641.11,-0.72,0,1.0,0,0,1,34.9,0,90.8,0,1,0.9,9,0,NORMAL,0
3338.75,0.34,0,1.0,1,0,1,0.0,0,94.7,0,1,0.98,18,0,NORMAL,0
33296.93,19.06,2,0.5,1,0,0,337.1,0,65.1,1,1,0.82,16,0,SUSPICIOUS,1
36425.68,21.02,2,0.8,1,0,0,311.5,0,51.5,1,1,0.71,3,1,SUSPICIOUS,1
2493.96,-0.19,0,1.0,0,0,1,24.8,0,88.1,1,1,0.93,14,0,NORMAL,0
4762.05,1.23,1,1.0,0,0,1,36.1,0,93.7,1,1,0.93,11,0,NORMAL,0
4206.91,0.88,0,1.0,0,0,1,2.2,0,79.1,0,1,0.98,22,0,NORMAL,0
1407.72,-0.87,0,1.0,0,0,0,46.1,0,75.6,0,1,0.94,18,0,NORMAL,0
2771.54,-0.02,0,1.0,0,0,1,18.2,0,95.4,0,1,0.97,10,0,NORMAL,0
4404.22,1.0,0,1.0,0,0,1,0.0,0,78.1,0,1,0.92,10,0,NORMAL,0
2878.13,0.05,0,1.0,0,0,1,0.0,0,98.8,0,1,0.97,16,0,NORMAL,0
2138.61,-0.41,0,1.0,0,0,1,32.3,0,88.8,0,1,0.98,20,0,NORMAL,0
2040.47,-0.47,0,1.0,0,0,1,18.9,0,88.6,0,1,0.92,17,0,NORMAL,0
50.0,-1.72,0,1.0,0,0,1,0.0,0,82.4,0,1,0.93,17,0,NORMAL,0
3354.45,0.35,0,1.0,0,0,0,17.8,0,92.1,0,1,0.94,18,0,NORMAL,0
50.0,-1.72,0,1.0,0,0,1,8.7,0,84.0,0,1,0.97,13,0,NORMAL,0
3475.88,0.42,0,1.0,0,0,1,0.0,0,85.8,0,1,0.92,20,0,NORMAL,0
1439.23,-0.85,1,1.0,0,0,1,32.2,0,91.2,0,1,0.98,16,0,NORMAL,0
1938.09,-0.54,0,1.0,0,0,1,7.2,0,95.8,0,1,0.96,17,0,NORMAL,0
32387.76,18.49,1,0.8,1,0,1,164.4,0,52.2,1,2,0.76,17,0,SUSPICIOUS,1
2352.76,-0.28,0,1.0,0,0,1,8.0,0,89.8,0,1,0.94,17,0,NORMAL,0
2314.15,-0.3,0,1.0,0,0,1,30.3,0,98.7,0,1,0.95,12,0,NORMAL,0
4020.02,0.76,0,1.0,0,0,0,3.4,0,83.0,0,1,0.91,18,0,NORMAL,0
140024.27,85.77,2,0.2,5,1,0,2363.0,1,20.4,1,3,0.22,1,1,FRAUD,2
1135.49,-1.04,0,1.0,0,0,1,0.0,0,82.1,0,1,0.95,15,0,NORMAL,0
2585.52,-0.13,1,1.0,0,0,1,16.9,0,96.6,0,1,0.93,10,0,NORMAL,0
30446.01,17.28,2,0.8,2,1,0,338.6,0,57.5,0,1,0.89,21,0,SUSPICIOUS,1
1254.26,-0.97,0,1.0,0,0,1,18.9,0,98.0,0,1,0.97,17,0,NORMAL,0
4137.97,0.84,0,1.0,0,0,1,24.5,0,91.0,0,1,0.96,18,0,NORMAL,0
1545.61,-0.78,0,1.0,0,0,1,9.0,0,84.3,0,1,0.94,13,0,NORMAL,0
33063.87,18.91,1,0.8,2,0,0,145.0,0,52.6,1,1,0.76,7,1,SUSPICIOUS,1
33314.56,19.07,1,0.5,2,0,0,267.6,0,68.5,0,1,0.81,14,0,SUSPICIOUS,1
5709.8,1.82,0,1.0,0,0,1,0.2,0,99.3,0,1,0.91,13,0,NORMAL,0
851.23,-1.22,0,1.0,0,0,1,17.8,0,90.4,0,1,0.95,20,0,NORMAL,0
5904.41,1.94,0,1.0,0,0,1,16.3,0,85.6,1,1,0.96,14,0,NORMAL,0
49555.05,29.22,1,0.8,1,1,0,190.7,0,57.3,1,1,0.88,8,0,SUSPICIOUS,1
2990.26,0.12,0,0.8,0,0,1,25.6,0,90.0,0,1,0.94,13,0,NORMAL,0
2646.67,-0.1,0,1.0,0,0,1,0.0,0,79.1,0,1,0.91,11,0,NORMAL,0
149207.82,91.5,2,0.2,6,1,0,4219.3,1,23.0,1,3,0.43,4,1,FRAUD,2
934.53,-1.17,0,1.0,0,0,1,1.3,0,77.2,0,1,0.95,17,0,NORMAL,0
4748.12,1.22,0,1.0,0,0,1,33.0,0,93.5,0,1,0.98,9,0,NORMAL,0
50.0,-1.72,0,1.0,0,0,1,7.1,0,84.1,0,1,0.94,13,0,NORMAL,0
2778.17,-0.01,0,1.0,0,0,1,3.7,0,83.8,0,1,0.96,22,0,NORMAL,0
2066.99,-0.46,1,1.0,0,0,1,0.0,0,98.5,0,1,0.93,17,0,NORMAL,0
1576.21,-0.76,0,1.0,0,0,1,43.5,0,96.8,0,1,0.9,14,0,NORMAL,0
2698.98,-0.06,0,1.0,0,0,1,0.0,0,75.2,0,1,0.92,20,0,NORMAL,0
5616.07,1.76,0,1.0,0,0,1,16.3,0,86.6,0,1,0.95,9,0,NORMAL,0
28264.54,15.92,1,0.8,2,0,0,165.4,0,69.0,1,1,0.78,19,0,SUSPICIOUS,1
2400.8,-0.25,0,1.0,0,0,1,0.0,0,77.6,0,1,0.96,11,0,NORMAL,0
1084.31,-1.07,0,0.8,0,0,1,9.3,0,85.0,0,1,0.95,22,0,NORMAL,0
1962.97,-0.52,0,1.0,0,0,1,0.0,0,91.7,0,1,0.96,20,0,NORMAL,0
49815.01,29.38,2,0.5,1,0,0,191.2,0,69.3,1,1,0.72,6,1,SUSPICIOUS,1
2765.0,-0.02,0,1.0,0,0,0,53.8,0,82.9,0,1,0.92,16,0,NORMAL,0
1481.84,-0.82,1,0.8,0,0,1,67.7,0,95.8,0,1,0.96,12,0,NORMAL,0
3674.41,0.55,0,0.8,0,0,1,0.0,0,90.4,0,1,0.93,9,0,NORMAL,0
1850.25,-0.59,0,1.0,0,0,1,0.0,0,95.8,0,1,0.96,22,0,NORMAL,0
45449.36,26.66,1,0.8,1,0,1,163.0,0,70.2,1,1,0.86,12,0,SUSPICIOUS,1
1697.49,-0.69,1,1.0,0,0,1,19.9,0,94.0,0,1,0.91,13,0,NORMAL,0
81722.48,49.33,2,0.0,7,1,0,966.1,1,18.6,1,4,0.22,23,1,FRAUD,2
2339.1,-0.29,0,1.0,0,0,1,38.5,0,85.6,0,1,0.91,12,0,NORMAL,0
100735.34,61.21,2,0.0,6,1,0,3055.4,1,15.8,1,3,0.15,0,1,FRAUD,2
847.52,-1.22,0,1.0,0,0,1,30.2,0,82.5,0,1,0.91,22,0,NORMAL,0
2977.95,0.11,0,1.0,0,0,1,39.6,0,90.2,0,1,0.98,22,0,NORMAL,0
77358.87,46.6,2,0.0,4,1,0,3121.0,1,27.1,1,2,0.48,0,1,FRAUD,2
4600.27,1.13,0,1.0,0,0,1,5.4,0,75.6,0,1,0.96,10,0,NORMAL,0
1925.57,-0.55,1,1.0,0,0,1,15.4,0,85.4,0,1,0.96,17,0,NORMAL,0
83.47,-1.7,0,1.0,0,0,1,18.0,0,92.2,0,1,0.95,10,0,NORMAL,0
1943.13,-0.54,0,1.0,0,0,1,30.1,0,88.6,0,1,0.98,15,0,NORMAL,0
2577.53,-0.14,0,1.0,0,0,1,24.2,0,79.6,0,1,0.95,13,0,NORMAL,0
2499.83,-0.19,0,1.0,0,0,1,0.0,0,92.9,0,1,0.93,12,0,NORMAL,0
38383.6,22.24,2,0.5,1,0,0,230.6,0,55.5,1,1,0.75,3,1,SUSPICIOUS,1
29807.32,16.88,1,0.5,1,0,0,230.9,0,54.0,1,1,0.74,18,0,SUSPICIOUS,1
1224.31,-0.98,1,1.0,0,0,0,6.2,0,97.5,0,1,0.98,15,0,NORMAL,0
3850.82,0.66,0,0.8,0,0,1,0.0,0,77.7,0,1,0.98,11,0,NORMAL,0
1760.21,-0.65,0,1.0,1,0,1,29.3,0,80.5,0,1,0.94,22,0,NORMAL,0
39849.54,23.16,2,0.8,1,0,1,254.2,0,51.6,0,2,0.71,3,1,SUSPICIOUS,1
5145.86,1.47,0,1.0,0,0,1,0.0,0,85.6,0,1,0.99,18,0,NORMAL,0
3364.21,0.35,0,1.0,0,0,1,21.7,0,86.3,0,1,0.98,13,0,NORMAL,0
85192.22,51.5,2,0.0,4,1,0,4222.5,1,7.5,1,2,0.44,23,1,FRAUD,2
3581.86,0.49,0,1.0,0,0,0,29.7,0,83.4,0,1,0.91,17,0,NORMAL,0
4163.67,0.85,0,1.0,0,0,1,13.8,0,83.4,0,1,0.94,13,0,NORMAL,0
2373.19,-0.27,0,1.0,1,0,1,23.1,0,85.7,0,1,0.92,9,0,NORMAL,0
3736.27,0.59,0,0.8,0,0,1,12.3,0,90.0,0,1,0.97,16,0,NORMAL,0
1951.1,-0.53,0,1.0,0,0,0,51.7,0,96.0,0,1,0.9,15,0,NORMAL,0
2554.49,-0.15,0,1.0,0,0,1,18.9,0,92.0,0,1,0.92,15,0,NORMAL,0
50.0,-1.72,0,1.0,0,0,0,36.7,0,95.8,0,1,0.94,20,0,NORMAL,0
2048.49,-0.47,0,1.0,0,0,1,0.0,0,76.5,0,1,0.93,13,0,NORMAL,0
5041.03,1.4,0,1.0,0,0,1,19.4,0,98.3,0,1,0.91,9,0,NORMAL,0
30397.3,17.25,2,0.8,1,0,1,113.9,0,66.1,1,1,0.74,6,1,SUSPICIOUS,1
5448.83,1.66,0,1.0,0,0,1,55.0,0,92.4,0,1,0.97,10,0,NORMAL,0
4774.51,1.23,0,1.0,0,0,1,4.1,0,94.4,0,1,0.95,20,0,NORMAL,0
118998.33,72.62,2,0.0,5,1,0,4340.6,1,8.7,1,3,0.38,5,1,FRAUD,2
1567.54,-0.77,0,0.8,0,0,1,15.7,0,83.1,0,1,0.92,14,0,NORMAL,0
2323.1,-0.3,0,1.0,1,0,1,13.9,0,78.0,0,1,0.96,15,0,NORMAL,0
34625.09,19.89,2,0.8,2,0,0,342.4,0,45.4,1,2,0.73,15,0,SUSPICIOUS,1
2652.52,-0.09,0,1.0,0,0,1,0.0,0,80.2,0,1,0.97,17,0,NORMAL,0
49805.33,29.38,1,0.8,1,0,0,279.7,0,62.7,1,1,0.8,6,1,SUSPICIOUS,1
4309.81,0.94,0,1.0,0,0,1,59.2,0,91.3,0,1,0.99,10,0,NORMAL,0
1831.28,-0.61,1,1.0,0,0,1,17.6,0,93.8,0,1,0.95,14,0,NORMAL,0
2074.95,-0.45,0,1.0,0,0,1,16.3,0,86.0,0,1,0.94,20,0,NORMAL,0
4751.67,1.22,0,1.0,0,0,0,32.2,0,96.6,0,1,0.95,14,0,NORMAL,0
5453.82,1.66,1,1.0,0,0,0,7.2,0,83.3,0,1,0.93,20,0,NORMAL,0
3045.93,0.15,0,1.0,0,0,1,18.6,0,99.3,0,1,0.92,14,0,NORMAL,0
2716.7,-0.05,0,1.0,0,0,1,0.0,0,96.7,0,1,0.95,22,0,NORMAL,0
2237.62,-0.35,0,1.0,0,0,1,13.5,0,95.4,0,1,0.93,12,0,NORMAL,0
4132.34,0.83,0,1.0,0,0,1,24.7,0,98.5,0,1,0.92,18,0,NORMAL,0
393.17,-1.5,0,1.0,0,0,1,64.5,0,94.7,1,1,0.93,11,0,NORMAL,0
2647.76,-0.1,0,0.8,0,0,0,39.8,0,88.1,0,1,0.98,19,0,NORMAL,0
2168.48,-0.39,0,1.0,0,0,1,0.0,0,86.6,0,1,0.92,19,0,NORMAL,0
237.97,-1.6,0,1.0,0,0,1,28.1,0,91.7,0,1,0.94,9,0,NORMAL,0
36137.87,20.84,1,0.8,1,1,0,176.9,0,69.3,0,1,0.72,1,1,SUSPICIOUS,1
5111.11,1.44,0,1.0,0,0,1,16.7,0,95.8,0,1,0.93,21,0,NORMAL,0
30303.26,17.19,1,0.5,1,1,0,175.1,0,48.8,1,1,0.83,16,0,SUSPICIOUS,1
5325.49,1.58,0,1.0,0,0,1,9.3,0,85.6,0,1,0.94,17,0,NORMAL,0
2738.21,-0.04,0,1.0,0,0,1,1.3,0,88.4,0,1,0.91,14,0,NORMAL,0
5015.76,1.38,0,1.0,0,0,1,0.0,0,81.5,0,1,0.92,17,0,NORMAL,0
4065.04,0.79,1,1.0,0,0,1,3.9,0,93.6,0,1,0.96,9,0,NORMAL,0
25871.95,14.42,1,0.5,2,0,1,139.8,0,66.0,1,1,0.75,21,0,SUSPICIOUS,1
84672.96,51.17,2,0.0,3,1,0,1938.8,1,17.3,1,3,0.32,2,1,FRAUD,2
50.0,-1.72,0,1.0,0,0,1,0.0,0,92.1,0,1,0.98,12,0,NORMAL,0
25320.18,14.08,1,0.5,2,0,1,230.4,0,46.9,1,2,0.89,5,1,SUSPICIOUS,1
1577.93,-0.76,0,1.0,0,0,1,4.5,0,83.2,0,1,0.95,19,0,NORMAL,0
3871.34,0.67,1,1.0,0,0,1,0.0,0,89.1,0,1,0.96,16,0,NORMAL,0
2668.78,-0.08,0,1.0,0,0,1,9.7,0,90.5,1,1,0.96,11,0,NORMAL,0
4377.97,0.99,0,1.0,0,0,1,18.8,0,82.2,0,1,0.93,20,0,NORMAL,0
3750.42,0.59,1,1.0,1,0,1,11.9,0,96.1,0,1,0.97,22,0,NORMAL,0
5479.68,1.67,0,1.0,0,0,1,37.9,0,89.5,1,1,0.92,19,0,NORMAL,0
1385.39,-0.88,0,1.0,1,0,1,34.6,0,76.7,0,1,0.94,13,0,NORMAL,0
2358.49,-0.28,0,1.0,0,0,1,24.2,0,80.7,0,1,0.91,22,0,NORMAL,0
46140.81,27.09,2,0.8,2,0,0,206.7,0,67.3,1,1,0.83,22,0,SUSPICIOUS,1
50.0,-1.72,0,1.0,0,0,1,0.0,0,87.7,1,1,0.99,22,0,NORMAL,0
49843.46,29.4,1,0.8,1,0,0,250.1,0,70.1,1,1,0.78,11,0,SUSPICIOUS,1
25081.77,13.93,1,0.5,2,0,0,225.3,0,71.2,0,1,0.73,7,1,SUSPICIOUS,1
1895.17,-0.57,0,1.0,0,0,1,24.6,0,90.6,0,1,0.9,15,0,NORMAL,0
50.0,-1.72,0,1.0,0,0,0,0.0,0,98.5,0,1,0.9,18,0,NORMAL,0
4636.4,1.15,0,1.0,0,0,1,25.7,0,92.6,0,1,0.94,17,0,NORMAL,0
765.67,-1.27,0,1.0,0,0,1,12.6,0,91.9,0,1,0.9,12,0,NORMAL,0
1891.47,-0.57,0,1.0,0,0,1,56.9,0,81.6,0,1,0.9,12,0,NORMAL,0
2221.64,-0.36,0,1.0,0,0,1,17.9,0,85.7,0,1,0.97,12,0,NORMAL,0
50.0,-1.72,0,1.0,0,0,1,0.0,0,93.0,0,1,0.96,20,0,NORMAL,0
50.0,-1.72,0,1.0,1,0,1,10.2,0,94.8,0,1,0.98,22,0,NORMAL,0
2903.97,0.06,0,1.0,0,0,1,14.3,0,78.7,0,1,0.91,9,0,NORMAL,0
3420.84,0.39,0,0.8,0,0,1,14.5,0,83.7,0,1,0.96,14,0,NORMAL,0
103760.71,63.1,2,0.0,4,1,0,3269.1,1,27.4,1,2,0.47,23,1,FRAUD,2
1316.57,-0.93,0,1.0,0,0,1,0.0,0,80.6,0,1,0.91,13,0,NORMAL,0
1409.08,-0.87,0,1.0,0,0,1,0.0,0,82.5,0,1,0.92,19,0,NORMAL,0
27873.81,15.67,1,0.8,1,0,0,347.9,0,62.1,1,1,0.83,0,1,SUSPICIOUS,1
2780.49,-0.01,1,1.0,0,0,1,0.1,0,78.5,0,1,0.93,20,0,NORMAL,0
111795.5,68.12,2,0.0,4,1,0,3838.5,1,13.5,1,4,0.55,3,1,FRAUD,2
3217.46,0.26,0,1.0,0,0,1,0.0,0,93.9,0,1,0.96,19,0,NORMAL,0
4872.81,1.3,0,1.0,0,0,1,29.8,0,83.7,0,1,0.92,19,0,NORMAL,0
844.45,-1.22,1,0.8,0,0,1,5.1,0,99.7,0,1,0.98,12,0,NORMAL,0
4726.06,1.2,0,1.0,1,0,1,28.3,0,78.9,0,1,0.96,10,0,NORMAL,0
5234.76,1.52,0,1.0,1,0,1,3.5,0,86.8,0,1,0.9,20,0,NORMAL,0
1597.03,-0.75,1,1.0,0,0,1,15.1,0,77.8,0,1,0.97,14,0,NORMAL,0
111520.63,67.95,2,0.2,5,1,0,4217.7,1,18.7,1,2,0.28,4,1,FRAUD,2
1033.86,-1.1,0,1.0,0,0,1,3.5,0,81.3,0,1,0.95,14,0,NORMAL,0
1872.5,-0.58,0,1.0,0,0,1,34.3,0,78.3,0,1,0.93,19,0,NORMAL,0
2018.98,-0.49,1,1.0,0,0,1,31.4,0,85.0,0,1,0.94,19,0,NORMAL,0
3518.17,0.45,0,1.0,0,0,0,1.6,0,96.6,0,1,0.91,22,0,NORMAL,0
4382.3,0.99,0,1.0,0,0,1,7.2,0,95.1,0,1,0.97,10,0,NORMAL,0
1389.34,-0.88,0,1.0,0,0,1,7.5,0,91.7,0,1,0.96,20,0,NORMAL,0
3290.95,0.31,1,1.0,0,0,1,11.5,0,81.2,0,1,0.93,20,0,NORMAL,0
113026.47,68.89,2,0.0,6,1,0,3261.3,1,18.0,1,3,0.46,23,1,FRAUD,2
101042.64,61.4,2,0.0,3,1,0,4041.9,1,21.6,1,3,0.42,3,1,FRAUD,2
5020.78,1.39,0,1.0,0,0,1,16.5,0,89.5,0,1,0.95,16,0,NORMAL,0
1342.46,-0.91,0,1.0,0,0,1,29.9,0,84.4,0,1,0.94,17,0,NORMAL,0
32567.87,18.6,2,0.8,2,0,1,137.8,0,65.0,1,1,0.8,11,0,SUSPICIOUS,1
1561.04,-0.77,0,1.0,0,0,1,7.3,0,98.9,0,1,0.91,11,0,NORMAL,0
3386.58,0.37,0,1.0,0,0,1,30.4,0,88.2,0,1,0.96,21,0,NORMAL,0
327.28,-1.55,0,0.8,0,0,0,0.0,0,97.8,0,1,0.92,19,0,NORMAL,0
3689.07,0.56,0,1.0,0,0,1,0.0,0,76.4,0,1,0.92,16,0,NORMAL,0
3485.45,0.43,0,0.8,0,0,1,0.3,0,78.2,0,1,0.94,22,0,NORMAL,0
2839.43,0.02,0,1.0,0,0,1,13.0,0,86.1,0,1,0.95,16,0,NORMAL,0
3525.1,0.45,0,1.0,0,0,1,13.0,0,97.2,0,1,0.99,15,0,NORMAL,0
38620.76,22.39,1,0.5,1,0,0,155.8,0,63.0,1,1,0.82,7,1,SUSPICIOUS,1
1521.04,-0.8,0,1.0,0,0,1,19.0,0,97.0,0,1,0.98,11,0,NORMAL,0
2035.67,-0.48,0,1.0,0,0,1,22.0,0,94.8,0,1,0.97,9,0,NORMAL,0
2607.67,-0.12,1,1.0,1,0,0,31.1,0,91.5,0,1,0.94,21,0,NORMAL,0
923.33,-1.17,0,1.0,0,0,1,30.1,0,75.6,0,1,0.97,15,0,NORMAL,0
2502.5,-0.19,0,1.0,0,0,1,5.9,0,75.5,1,1,0.92,21,0,NORMAL,0
4909.39,1.32,1,1.0,0,0,1,15.0,0,81.3,1,1,0.97,22,0,NORMAL,0
2027.34,-0.48,1,1.0,0,0,1,28.5,0,92.0,0,1,0.96,19,0,NORMAL,0
4882.2,1.3,0,1.0,0,0,0,11.9,0,93.5,0,1,0.97,13,0,NORMAL,0
418.33,-1.49,0,1.0,1,0,1,2.9,0,89.7,0,1,0.97,11,0,NORMAL,0
3779.93,0.61,0,1.0,0,0,1,42.5,0,81.3,0,1,0.98,14,0,NORMAL,0
3012.95,0.13,0,1.0,0,0,1,13.8,0,86.9,0,1,0.97,9,0,NORMAL,0
727.02,-1.3,0,1.0,0,0,0,24.1,0,83.3,0,1,0.92,19,0,NORMAL,0
1454.7,-0.84,0,1.0,0,0,1,13.6,0,79.1,0,1,0.95,21,0,NORMAL,0
2992.12,0.12,0,0.8,0,0,1,61.2,0,90.7,0,1,0.98,14,0,NORMAL,0
3080.53,0.18,0,1.0,0,0,1,7.1,0,81.9,0,1,0.99,11,0,NORMAL,0
3123.68,0.2,0,0.8,0,0,1,0.0,0,91.3,0,1,0.94,12,0,NORMAL,0
128361.5,78.48,2,0.0,6,1,0,966.0,1,21.3,1,3,0.52,2,1,FRAUD,2
993.73,-1.13,0,0.8,0,0,1,32.8,0,76.2,0,1,0.96,16,0,NORMAL,0
2699.7,-0.06,0,1.0,0,0,0,0.0,0,82.3,0,1,0.91,18,0,NORMAL,0
1891.86,-0.57,0,1.0,0,0,1,19.9,0,77.5,0,1,0.93,13,0,NORMAL,0
36564.53,21.1,1,0.5,1,0,0,260.3,0,71.7,1,2,0.85,9,0,SUSPICIOUS,1
31815.34,18.13,2,0.5,2,0,1,336.7,0,54.7,1,1,0.76,0,1,SUSPICIOUS,1
3534.64,0.46,1,1.0,0,0,0,27.7,0,83.7,0,1,0.97,17,0,NORMAL,0
2485.15,-0.2,0,1.0,1,0,1,0.0,0,89.3,1,1,0.98,17,0,NORMAL,0
98.5,-1.69,0,1.0,0,0,1,0.4,0,83.7,0,1,0.96,17,0,NORMAL,0
31040.25,17.65,1,0.8,1,0,0,200.2,0,65.3,1,1,0.79,12,0,SUSPICIOUS,1
4154.99,0.85,0,1.0,0,0,1,20.8,0,97.4,0,1,0.98,18,0,NORMAL,0
1691.21,-0.69,0,1.0,0,0,1,13.5,0,79.3,0,1,0.92,9,0,NORMAL,0
1393.16,-0.88,0,1.0,0,0,1,0.0,0,87.1,0,1,0.98,13,0,NORMAL,0
173.72,-1.64,0,1.0,0,0,1,14.3,0,87.3,0,1,0.94,15,0,NORMAL,0
48991.93,28.87,2,0.5,2,0,0,252.6,0,59.6,0,1,0.81,10,0,SUSPICIOUS,1
5775.3,1.86,0,0.8,0,0,1,0.0,0,82.9,0,1,0.9,20,0,NORMAL,0
91278.49,55.3,2,0.0,6,1,0,1735.3,1,13.2,1,3,0.1,0,1,FRAUD,2
1895.38,-0.57,0,1.0,0,0,1,29.3,0,84.4,0,1,0.92,19,0,NORMAL,0
2969.24,0.11,0,1.0,0,0,1,31.4,0,96.2,0,1,0.91,10,0,NORMAL,0
461.78,-1.46,1,1.0,0,0,1,0.0,0,95.0,0,1,0.96,18,0,NORMAL,0
4435.97,1.02,1,1.0,1,0,1,2.9,0,85.5,0,1,0.96,16,0,NORMAL,0
41086.14,23.93,2,0.8,1,0,0,148.0,0,58.3,1,1,0.72,2,1,SUSPICIOUS,1
80821.24,48.76,2,0.0,3,1,0,4099.8,1,19.0,1,4,0.33,5,1,FRAUD,2
5390.1,1.62,0,1.0,0,0,1,0.0,0,88.3,0,1,0.92,18,0,NORMAL,0
3900.26,0.69,0,1.0,0,0,1,0.0,0,77.7,0,1,0.97,20,0,NORMAL,0
5489.12,1.68,0,1.0,0,0,1,17.8,0,89.1,0,1,0.92,10,0,NORMAL,0
619.84,-1.36,0,1.0,0,0,0,0.0,0,91.7,0,1,0.95,16,0,NORMAL,0
46536.82,27.34,2,0.8,1,0,0,301.7,0,69.6,1,1,0.77,4,1,SUSPICIOUS,1
3629.98,0.52,0,1.0,0,0,1,0.0,0,98.4,0,1,0.91,13,0,NORMAL,0
2892.64,0.06,0,1.0,0,0,1,27.3,0,93.5,1,1,0.96,13,0,NORMAL,0
2265.39,-0.33,0,1.0,0,0,1,18.1,0,97.8,0,1,0.92,18,0,NORMAL,0
1506.57,-0.81,1,1.0,0,0,1,58.6,0,95.8,0,1,0.96,13,0,NORMAL,0
4567.29,1.1,0,0.8,0,0,1,24.9,0,83.7,0,1,0.98,11,0,NORMAL,0
2417.92,-0.24,0,1.0,0,0,1,10.4,0,77.5,0,1,0.98,11,0,NORMAL,0
5170.68,1.48,0,1.0,0,0,1,0.0,0,81.8,0,1,0.99,11,0,NORMAL,0
3235.24,0.27,0,1.0,0,0,1,20.8,0,75.4,0,1,0.91,22,0,NORMAL,0
144740.43,88.71,2,0.2,6,1,0,3583.4,1,16.1,1,3,0.25,4,1,FRAUD,2
1372.4,-0.89,0,1.0,0,0,1,0.0,0,75.8,0,1,0.97,20,0,NORMAL,0
50.0,-1.72,0,0.8,0,0,1,19.8,0,76.9,0,1,0.96,15,0,NORMAL,0
1787.62,-0.63,0,1.0,0,0,1,30.3,0,81.3,1,1,0.94,21,0,NORMAL,0
61844.24,36.9,2,0.2,6,1,0,1141.7,1,28.1,1,3,0.46,23,1,FRAUD,2
33232.95,19.02,2,0.8,1,1,0,334.6,0,58.8,1,1,0.84,17,0,SUSPICIOUS,1
2620.44,-0.11,0,1.0,0,0,1,0.0,0,96.1,0,1,0.92,10,0,NORMAL,0
5221.67,1.51,0,1.0,0,0,1,26.4,0,88.4,0,1,0.91,19,0,NORMAL,0
733.89,-1.29,0,1.0,0,0,1,0.0,0,93.3,0,1,0.94,20,0,NORMAL,0
44692.21,26.18,1,0.8,1,1,1,213.7,0,62.4,1,1,0.71,11,0,SUSPICIOUS,1
4742.02,1.21,1,1.0,0,0,1,12.8,0,92.5,0,1,0.95,11,0,NORMAL,0
49530.5,29.21,2,0.5,1,0,0,237.8,0,49.5,1,1,0.8,10,0,SUSPICIOUS,1
3754.2,0.6,0,1.0,0,0,0,9.5,0,82.4,0,1,0.92,16,0,NORMAL,0
28773.87,16.23,1,0.8,2,0,1,244.3,0,64.4,0,1,0.78,21,0,SUSPICIOUS,1
1503.91,-0.81,0,1.0,0,0,1,10.7,0,84.1,0,1,0.96,21,0,NORMAL,0
3749.66,0.59,0,1.0,0,0,1,20.2,0,82.8,0,1,0.9,16,0,NORMAL,0
3052.44,0.16,0,1.0,0,0,1,15.7,0,76.8,1,1,0.94,19,0,NORMAL,0
5799.11,1.87,0,1.0,0,0,1,15.1,0,85.3,0,1,0.96,9,0,NORMAL,0
70477.33,42.3,2,0.2,6,1,0,3201.9,1,26.2,1,4,0.45,3,1,FRAUD,2
148033.03,90.77,2,0.2,5,1,0,2877.6,1,16.1,1,4,0.13,4,1,FRAUD,2
1790.07,-0.63,0,0.8,0,0,1,27.1,0,88.3,0,1,0.9,19,0,NORMAL,0
1910.85,-0.56,0,1.0,0,0,1,28.9,0,80.6,0,1,0.97,11,0,NORMAL,0
31736.86,18.09,1,0.5,2,0,1,160.4,0,61.3,0,2,0.84,0,1,SUSPICIOUS,1
2060.7,-0.46,0,1.0,0,0,1,0.0,0,99.6,0,1,0.91,22,0,NORMAL,0
78304.7,47.19,2,0.0,4,1,0,3628.4,1,28.4,1,3,0.21,23,1,FRAUD,2
3610.21,0.51,0,1.0,0,0,1,0.0,0,78.5,0,1,0.98,13,0,NORMAL,0
2347.35,-0.28,0,1.0,1,0,1,0.0,0,96.1,1,1,0.95,12,0,NORMAL,0
2136.75,-0.41,0,1.0,0,0,1,49.0,0,86.8,1,1,0.93,10,0,NORMAL,0
3434.74,0.4,0,1.0,0,0,0,27.7,0,81.1,1,1,0.98,14,0,NORMAL,0
1076.78,-1.08,0,1.0,0,0,1,29.5,0,87.3,0,1,0.93,13,0,NORMAL,0
783.49,-1.26,1,1.0,0,0,1,0.6,0,95.3,0,1,0.92,10,0,NORMAL,0
5315.74,1.57,0,1.0,0,0,0,2.3,0,81.9,0,1,0.91,20,0,NORMAL,0
73588.24,44.24,2,0.0,5,1,0,2313.0,1,17.5,1,2,0.31,23,1,FRAUD,2
703.25,-1.31,0,1.0,0,0,1,0.0,0,93.8,1,1,0.9,16,0,NORMAL,0
4861.94,1.29,0,1.0,0,0,1,0.0,0,81.3,1,1,0.97,16,0,NORMAL,0
109207.99,66.5,2,0.2,5,1,0,1619.7,1,6.4,1,3,0.33,0,1,FRAUD,2
4770.08,1.23,0,1.0,0,0,0,29.1,0,94.8,0,1,0.91,11,0,NORMAL,0
38368.48,22.23,1,0.8,1,0,0,112.6,0,51.0,1,2,0.8,5,1,SUSPICIOUS,1
3243.91,0.28,0,1.0,0,0,1,44.8,0,99.8,0,1,0.96,16,0,NORMAL,0
3181.97,0.24,0,1.0,0,0,1,10.4,0,90.4,0,1,0.94,22,0,NORMAL,0
2519.16,-0.18,0,1.0,0,0,1,0.0,0,95.5,0,1,0.96,19,0,NORMAL,0
3509.44,0.44,0,0.8,0,0,0,0.0,0,85.5,0,1,0.96,14,0,NORMAL,0
4943.34,1.34,0,1.0,0,0,1,38.1,0,76.4,0,1,0.97,14,0,NORMAL,0
5816.76,1.89,0,1.0,0,0,0,22.5,0,77.4,0,1,0.91,11,0,NORMAL,0
4054.86,0.78,0,0.8,0,0,1,0.0,0,81.6,0,1,0.92,15,0,NORMAL,0
50.0,-1.72,0,0.8,0,0,1,2.3,0,90.2,0,1,0.98,13,0,NORMAL,0
1985.77,-0.51,0,1.0,0,0,1,12.1,0,83.8,0,1,0.94,21,0,NORMAL,0
4602.76,1.13,0,1.0,0,0,0,0.0,0,76.1,0,1,0.96,19,0,NORMAL,0
2254.95,-0.34,0,1.0,0,0,1,1.9,0,92.3,0,1,0.96,20,0,NORMAL,0
5099.6,1.44,0,1.0,0,0,1,0.0,0,80.8,1,1,0.96,15,0,NORMAL,0
34121.22,19.58,1,0.5,1,0,0,184.2,0,47.3,0,1,0.89,22,0,SUSPICIOUS,1
3256.78,0.29,0,0.8,0,0,1,0.0,0,98.6,1,1,0.91,16,0,NORMAL,0
2730.54,-0.04,0,1.0,0,0,1,55.3,0,78.2,0,1,0.94,22,0,NORMAL,0
4166.28,0.85,0,1.0,0,0,1,14.2,0,94.2,1,1,0.93,15,0,NORMAL,0
4255.13,0.91,0,1.0,0,0,1,1.7,0,99.5,0,1,0.96,18,0,NORMAL,0
971.13,-1.14,0,1.0,0,0,1,27.1,0,80.7,0,1,0.91,11,0,NORMAL,0
3226.48,0.27,0,1.0,0,0,1,36.0,0,95.1,0,1,0.92,21,0,NORMAL,0
44976.75,26.36,1,0.5,1,1,1,198.5,0,70.9,0,2,0.7,1,1,SUSPICIOUS,1
122782.28,74.99,2,0.0,3,1,0,1853.6,1,12.5,1,3,0.32,2,1,FRAUD,2
45834.14,26.9,1,0.8,1,1,1,309.3,0,66.1,1,1,0.78,1,1,SUSPICIOUS,1
2842.35,0.03,0,1.0,0,0,0,12.8,0,81.9,0,1,0.96,13,0,NORMAL,0
3956.6,0.72,1,1.0,0,0,1,21.6,0,92.9,0,1,0.96,16,0,NORMAL,0
4591.06,1.12,1,1.0,0,0,1,4.7,0,83.6,0,1,0.97,22,0,NORMAL,0
2248.62,-0.34,0,1.0,0,0,1,0.0,0,94.7,0,1,0.98,14,0,NORMAL,0
283.89,-1.57,1,1.0,0,0,1,42.3,0,94.5,0,1,0.94,15,0,NORMAL,0
417.62,-1.49,0,1.0,0,0,1,14.6,0,85.2,0,1,0.92,20,0,NORMAL,0
4746.45,1.22,0,1.0,0,0,0,0.8,0,100.0,0,1,0.93,17,0,NORMAL,0
1136.64,-1.04,1,1.0,0,0,1,20.9,0,83.4,0,1,0.96,9,0,NORMAL,0
36697.93,21.19,1,0.5,1,0,1,298.4,0,65.8,0,1,0.82,23,1,SUSPICIOUS,1
1812.02,-0.62,1,1.0,0,0,1,16.0,0,78.4,0,1,0.96,21,0,NORMAL,0
3606.96,0.5,0,1.0,0,0,1,0.0,0,82.3,0,1,0.93,15,0,NORMAL,0
49992.43,29.5,1,0.5,2,1,0,284.1,0,51.9,1,1,0.84,15,0,SUSPICIOUS,1
1808.17,-0.62,0,1.0,0,0,0,19.5,0,75.5,0,1,0.91,13,0,NORMAL,0
1556.45,-0.78,1,1.0,0,0,1,8.5,0,85.3,0,1,0.94,22,0,NORMAL,0
4897.81,1.31,0,1.0,0,0,1,12.8,0,91.6,0,1,0.97,20,0,NORMAL,0
478.67,-1.45,0,1.0,0,0,0,0.0,0,99.0,0,1,0.94,12,0,NORMAL,0
3438.0,0.4,0,1.0,0,0,0,5.3,0,82.4,1,1,0.9,9,0,NORMAL,0
119670.34,73.04,2,0.0,6,1,0,3287.5,1,25.4,1,2,0.53,3,1,FRAUD,2
125197.95,76.5,2,0.0,4,1,0,3619.4,1,24.9,1,2,0.14,0,1,FRAUD,2
2917.33,0.07,0,1.0,0,0,0,32.4,0,99.6,0,1,0.91,15,0,NORMAL,0
41032.52,23.9,1,0.8,1,0,0,106.6,0,54.2,1,1,0.87,10,0,SUSPICIOUS,1
3097.07,0.19,1,1.0,0,0,0,14.2,0,86.2,0,1,0.96,17,0,NORMAL,0
2913.87,0.07,1,1.0,1,0,1,37.2,0,87.8,0,1,0.97,12,0,NORMAL,0
38711.45,22.44,1,0.5,2,0,1,143.6,0,56.8,1,2,0.8,20,0,SUSPICIOUS,1
50.0,-1.72,0,1.0,0,0,1,55.6,0,85.3,0,1,0.91,22,0,NORMAL,0
2758.92,-0.03,0,1.0,0,0,1,0.0,0,75.2,0,1,0.94,19,0,NORMAL,0
2621.98,-0.11,0,1.0,0,0,1,22.9,0,97.6,0,1,0.98,18,0,NORMAL,0
128787.89,78.74,2,0.0,5,1,0,1928.0,1,27.4,1,2,0.34,3,1,FRAUD,2
5291.56,1.56,0,1.0,0,0,1,8.0,0,75.9,0,1,0.91,11,0,NORMAL,0
5431.65,1.64,0,1.0,0,0,1,34.1,0,92.2,0,1,0.94,14,0,NORMAL,0
3829.53,0.64,0,1.0,0,0,0,46.5,0,81.7,0,1,0.96,22,0,NORMAL,0
37580.05,21.74,2,0.5,1,0,1,289.7,0,72.3,1,1,0.77,16,0,SUSPICIOUS,1
1905.08,-0.56,1,1.0,0,0,1,0.0,0,85.0,0,1,0.94,9,0,NORMAL,0
1615.55,-0.74,0,1.0,0,0,1,12.6,0,94.1,1,1,0.98,14,0,NORMAL,0
39489.16,22.93,1,0.8,1,0,0,337.2,0,71.9,0,1,0.85,16,0,SUSPICIOUS,1
50.0,-1.72,1,1.0,1,0,1,0.0,0,99.3,0,1,0.96,17,0,NORMAL,0
3960.05,0.73,0,1.0,0,0,0,13.6,0,89.6,0,1,0.96,18,0,NORMAL,0
37650.62,21.78,2,0.8,2,0,1,203.8,0,60.9,1,1,0.82,0,1,SUSPICIOUS,1
3008.24,0.13,0,1.0,0,0,0,0.0,0,87.6,0,1,0.92,17,0,NORMAL,0
137731.62,84.33,2,0.0,6,1,0,3529.5,1,26.0,1,3,0.18,23,1,FRAUD,2
4490.01,1.06,1,0.8,0,0,1,0.3,0,85.2,0,1,0.96,18,0,NORMAL,0
2671.09,-0.08,0,1.0,0,0,1,27.2,0,94.0,0,1,0.98,18,0,NORMAL,0
3627.58,0.52,0,1.0,0,0,1,0.0,0,92.4,0,1,0.92,15,0,NORMAL,0
48735.86,28.71,2,0.5,1,0,0,322.2,0,54.5,1,2,0.7,9,0,SUSPICIOUS,1
3758.71,0.6,0,0.8,0,0,0,0.0,0,87.9,0,1,0.91,13,0,NORMAL,0
1507.45,-0.81,0,1.0,0,0,0,8.4,0,84.7,0,1,0.99,21,0,NORMAL,0
2015.05,-0.49,0,1.0,0,0,1,0.0,0,99.3,0,1,0.98,16,0,NORMAL,0
1895.79,-0.57,0,1.0,0,0,1,40.7,0,79.9,0,1,0.92,10,0,NORMAL,0
32910.97,18.82,2,0.5,1,0,1,190.0,0,61.4,1,1,0.76,10,0,SUSPICIOUS,1
43899.58,25.69,1,0.8,1,0,1,275.9,0,68.0,1,1,0.82,23,1,SUSPICIOUS,1
4220.88,0.89,0,1.0,0,0,0,3.9,0,85.7,0,1,0.99,21,0,NORMAL,0
44339.03,25.96,2,0.8,1,0,0,215.0,0,69.6,1,1,0.74,2,1,SUSPICIOUS,1
2377.9,-0.26,0,1.0,1,0,1,37.5,0,82.6,0,1,0.97,22,0,NORMAL,0
1613.62,-0.74,0,1.0,0,0,0,47.4,0,81.8,1,1,0.97,21,0,NORMAL,0
4532.43,1.08,0,1.0,0,0,1,46.4,0,92.3,0,1,0.94,17,0,NORMAL,0
3673.8,0.55,0,1.0,0,0,1,0.0,0,79.4,0,1,0.99,12,0,NORMAL,0
4002.74,0.75,0,1.0,0,0,1,39.1,0,87.6,0,1,0.98,13,0,NORMAL,0
50.0,-1.72,0,1.0,0,0,1,3.0,0,86.7,0,1,0.93,17,0,NORMAL,0
4143.76,0.84,1,1.0,0,0,1,50.4,0,97.3,0,1,0.92,12,0,NORMAL,0
2022.07,-0.49,0,1.0,0,0,1,36.2,0,82.9,0,1,0.96,17,0,NORMAL,0
131363.49,80.35,2,0.0,7,1,0,2650.6,1,24.9,1,3,0.5,3,1,FRAUD,2
1045.2,-1.1,1,1.0,0,0,1,14.7,0,81.0,1,1,0.93,20,0,NORMAL,0
30069.69,17.04,2,0.8,1,0,0,156.2,0,61.2,1,1,0.72,4,1,SUSPICIOUS,1
4486.66,1.05,0,1.0,0,0,0,0.1,0,79.5,0,1,0.92,12,0,NORMAL,0
1940.92,-0.54,0,1.0,0,0,1,18.7,0,89.4,0,1,0.99,17,0,NORMAL,0
4169.37,0.86,0,1.0,0,0,1,16.2,0,92.3,0,1,0.92,12,0,NORMAL,0
5309.64,1.57,0,1.0,0,0,1,0.0,0,95.5,0,1,0.92,10,0,NORMAL,0
1464.74,-0.83,1,1.0,0,0,1,10.5,0,92.2,0,1,0.95,10,0,NORMAL,0
50.0,-1.72,0,1.0,0,0,1,39.5,0,96.9,0,1,0.96,16,0,NORMAL,0
40488.63,23.56,2,0.8,2,0,0,156.2,0,48.4,1,1,0.81,19,0,SUSPICIOUS,1
29459.01,16.66,1,0.8,2,1,0,98.2,0,64.5,1,1,0.71,0,1,SUSPICIOUS,1
5367.24,1.6,0,1.0,0,0,0,10.8,0,86.4,0,1,0.91,12,0,NORMAL,0
48651.25,28.66,2,0.8,2,1,1,306.6,0,58.4,1,1,0.77,2,1,SUSPICIOUS,1
50.0,-1.72,0,1.0,0,0,1,21.6,0,85.7,0,1,0.98,18,0,NORMAL,0
3679.58,0.55,0,1.0,0,0,1,0.0,0,77.3,1,1,0.9,11,0,NORMAL,0
142163.9,87.1,2,0.2,6,1,0,1029.4,1,20.4,1,3,0.24,3,1,FRAUD,2
5907.84,1.94,0,0.8,0,0,1,35.3,0,88.6,0,1,0.96,13,0,NORMAL,0
2827.83,0.02,1,1.0,0,0,1,42.0,0,85.6,1,1,0.93,16,0,NORMAL,0
2964.7,0.1,0,1.0,0,0,0,46.2,0,96.2,0,1,0.97,17,0,NORMAL,0
1479.85,-0.83,0,1.0,0,0,1,49.5,0,76.0,0,1,0.98,19,0,NORMAL,0
35527.88,20.45,1,0.5,1,0,1,236.1,0,59.2,1,1,0.7,15,0,SUSPICIOUS,1
50.0,-1.72,1,1.0,0,0,1,8.7,0,99.7,0,1,0.93,18,0,NORMAL,0
106068.35,64.54,2,0.0,3,1,0,3841.1,1,15.4,1,3,0.51,5,1,FRAUD,2
1827.21,-0.61,0,1.0,0,0,1,0.0,0,84.7,0,1,0.94,13,0,NORMAL,0
725.7,-1.3,0,1.0,0,0,1,0.0,0,98.0,0,1,0.92,10,0,NORMAL,0
4511.81,1.07,0,1.0,0,0,1,4.8,0,96.5,0,1,0.91,10,0,NORMAL,0
1275.55,-0.95,0,0.8,0,0,1,0.0,0,88.9,0,1,0.96,9,0,NORMAL,0
4308.96,0.94,0,1.0,0,0,1,26.9,0,99.8,0,1,0.92,15,0,NORMAL,0
2429.38,-0.23,0,1.0,0,0,1,0.0,0,86.4,0,1,0.94,18,0,NORMAL,0
50.0,-1.72,0,0.8,0,0,1,46.0,0,94.0,0,1,0.97,15,0,NORMAL,0
2832.55,0.02,0,1.0,0,0,1,0.0,0,83.3,0,1,0.96,19,0,NORMAL,0
1134.56,-1.04,0,1.0,0,0,0,24.0,0,84.0,0,1,0.93,16,0,NORMAL,0
25003.64,13.88,2,0.8,2,0,0,182.7,0,70.4,0,1,0.89,16,0,SUSPICIOUS,1
2428.57,-0.23,0,1.0,0,0,1,7.0,0,97.3,0,1,0.96,15,0,NORMAL,0
2926.77,0.08,0,1.0,0,0,1,16.8,0,77.8,0,1,0.96,17,0,NORMAL,0
269.64,-1.58,0,1.0,0,0,1,0.0,0,77.7,0,1,0.95,15,0,NORMAL,0
235.51,-1.6,0,1.0,0,0,1,7.6,0,83.1,0,1,0.93,15,0,NORMAL,0
5220.31,1.51,0,1.0,0,0,1,45.2,0,78.5,0,1,0.96,17,0,NORMAL,0
4812.91,1.26,1,1.0,0,0,1,23.9,0,99.2,0,1,0.93,17,0,NORMAL,0
3795.97,0.62,0,1.0,0,0,1,55.2,0,98.8,0,1,0.9,15,0,NORMAL,0
87661.01,53.04,2,0.0,3,1,0,4478.2,1,23.3,1,3,0.46,23,1,FRAUD,2
6841.89,2.53,0,1.0,0,0,1,42.3,0,75.3,1,1,0.96,13,0,NORMAL,0
4012.55,0.76,0,1.0,0,0,1,54.8,0,90.6,0,1,0.96,12,0,NORMAL,0
2579.99,-0.14,0,1.0,0,0,1,0.0,0,96.3,0,1,0.93,15,0,NORMAL,0
4399.82,1.0,1,1.0,0,0,1,20.3,0,99.0,0,1,0.97,18,0,NORMAL,0
2047.19,-0.47,0,1.0,0,0,1,4.7,0,97.7,0,1,0.95,22,0,NORMAL,0
1712.24,-0.68,0,1.0,0,0,1,25.3,0,84.3,0,1,0.98,19,0,NORMAL,0
5453.56,1.66,0,1.0,0,0,1,0.0,0,99.5,0,1,0.91,14,0,NORMAL,0
85763.13,51.85,2,0.2,3,1,0,2706.4,1,10.7,1,3,0.11,23,1,FRAUD,2
29182.8,16.49,2,0.8,2,0,0,333.5,0,65.5,1,1,0.87,6,1,SUSPICIOUS,1
3540.73,0.46,0,1.0,0,0,1,37.3,0,96.1,0,1,0.93,11,0,NORMAL,0
3732.42,0.58,0,0.8,0,0,1,51.4,0,96.5,1,1,0.91,20,0,NORMAL,0
1418.92,-0.86,0,0.8,0,0,1,28.9,0,92.6,0,1,0.96,12,0,NORMAL,0
2007.0,-0.5,0,1.0,0,0,1,30.9,0,81.9,0,1,0.95,15,0,NORMAL,0
3129.27,0.21,1,1.0,0,0,1,1.4,0,95.5,0,1,0.93,20,0,NORMAL,0
1746.22,-0.66,0,1.0,0,0,1,0.0,0,82.9,1,1,0.91,13,0,NORMAL,0
2573.0,-0.14,0,1.0,0,0,1,0.0,0,80.7,0,1,0.91,16,0,NORMAL,0
2308.22,-0.31,0,0.8,0,0,1,30.3,0,93.5,0,1,0.95,20,0,NORMAL,0
3115.78,0.2,0,1.0,0,0,1,45.8,0,97.3,0,1,0.93,11,0,NORMAL,0
2576.62,-0.14,0,1.0,0,0,1,37.6,0,87.7,0,1,0.96,19,0,NORMAL,0
3082.82,0.18,0,1.0,0,0,1,9.4,0,91.6,0,1,0.96,11,0,NORMAL,0
1934.45,-0.54,0,1.0,0,0,1,2.8,0,75.5,0,1,0.92,12,0,NORMAL,0
4546.91,1.09,0,0.8,0,0,1,9.4,0,82.6,1,1,0.9,16,0,NORMAL,0
1763.44,-0.65,0,1.0,0,0,1,20.9,0,92.4,0,1,0.9,22,0,NORMAL,0
25370.08,14.11,2,0.5,1,1,1,331.0,0,58.9,1,1,0.76,11,0,SUSPICIOUS,1
126176.7,77.11,2,0.0,4,1,0,917.2,1,23.1,1,4,0.28,4,1,FRAUD,2
1560.89,-0.77,0,1.0,0,0,1,6.2,0,87.1,1,1,0.98,22,0,NORMAL,0
3464.24,0.42,0,1.0,0,0,0,5.6,0,97.9,0,1,0.95,13,0,NORMAL,0
46115.82,27.07,2,0.8,1,1,1,129.4,0,56.9,1,1,0.74,23,1,SUSPICIOUS,1
1368.44,-0.89,0,0.8,0,0,1,44.0,0,79.3,0,1,0.97,10,0,NORMAL,0
4014.92,0.76,0,1.0,0,0,1,9.1,0,81.7,0,1,0.93,17,0,NORMAL,0
2028.78,-0.48,0,1.0,0,0,1,3.8,0,79.3,0,1,0.95,18,0,NORMAL,0
3590.54,0.49,1,1.0,0,0,1,2.3,0,95.0,0,1,0.95,20,0,NORMAL,0
899.55,-1.19,0,1.0,0,0,1,30.3,0,75.7,1,1,0.96,11,0,NORMAL,0
2833.05,0.02,0,1.0,0,0,1,3.5,0,97.1,0,1,0.93,16,0,NORMAL,0
6362.31,2.23,0,1.0,0,0,1,40.4,0,85.9,1,1,0.95,16,0,NORMAL,0
3519.78,0.45,0,1.0,0,0,1,0.0,0,78.8,0,1,0.93,12,0,NORMAL,0
149694.7,91.81,2,0.0,3,1,0,2467.5,1,10.7,1,2,0.42,5,1,FRAUD,2
50.0,-1.72,0,1.0,0,0,1,0.0,0,99.3,0,1,0.95,15,0,NORMAL,0
2416.92,-0.24,0,1.0,1,0,1,62.7,0,83.3,0,1,0.94,14,0,NORMAL,0
3103.36,0.19,0,1.0,0,0,1,3.2,0,75.4,0,1,0.92,20,0,NORMAL,0
4179.58,0.86,1,1.0,0,0,1,26.7,0,83.3,0,1,0.92,18,0,NORMAL,0
35195.08,20.25,1,0.5,1,1,0,259.5,0,55.4,1,2,0.85,19,0,SUSPICIOUS,1
2546.36,-0.16,0,1.0,0,0,1,0.0,0,95.8,0,1,0.94,15,0,NORMAL,0
3093.18,0.18,0,1.0,0,0,0,20.0,0,97.0,0,1,0.98,20,0,NORMAL,0
50.0,-1.72,0,1.0,0,0,1,23.9,0,97.1,0,1,0.98,13,0,NORMAL,0
3159.18,0.22,1,1.0,0,0,1,26.7,0,79.0,0,1,0.94,9,0,NORMAL,0
4764.22,1.23,0,1.0,0,0,1,0.0,0,85.7,0,1,0.94,20,0,NORMAL,0
45477.9,26.67,1,0.8,1,1,1,91.5,0,49.1,1,1,0.85,17,0,SUSPICIOUS,1
2832.22,0.02,1,1.0,0,0,1,5.3,0,96.7,0,1,0.92,10,0,NORMAL,0
1677.05,-0.7,0,1.0,0,0,0,21.0,0,88.0,0,1,0.96,20,0,NORMAL,0
141146.98,86.47,2,0.2,3,1,0,2075.2,1,28.6,1,4,0.52,4,1,FRAUD,2
5279.47,1.55,0,1.0,0,0,1,0.0,0,83.8,1,1,0.91,17,0,NORMAL,0
26482.54,14.8,2,0.8,2,0,1,130.5,0,64.6,1,1,0.72,11,0,SUSPICIOUS,1
2112.64,-0.43,1,1.0,0,0,1,34.1,0,77.6,1,1,0.97,13,0,NORMAL,0
3579.83,0.49,0,1.0,0,0,1,10.9,0,99.4,1,1,0.93,19,0,NORMAL,0
2776.73,-0.01,1,1.0,0,0,1,8.7,0,80.1,0,1,0.97,22,0,NORMAL,0
1179.24,-1.01,0,1.0,0,0,1,12.9,0,84.2,0,1,0.97,13,0,NORMAL,0
700.3,-1.31,0,1.0,0,0,1,38.2,0,93.0,0,1,0.91,12,0,NORMAL,0
3340.0,0.34,1,1.0,0,0,0,39.2,0,87.5,0,1,0.95,10,0,NORMAL,0
86120.23,52.08,2,0.0,4,1,0,3710.9,1,22.5,1,3,0.12,1,1,FRAUD,2
42037.2,24.52,1,0.5,2,0,0,183.3,0,69.7,1,2,0.79,2,1,SUSPICIOUS,1
3913.1,0.7,1,1.0,0,0,1,17.5,0,83.2,0,1,0.95,11,0,NORMAL,0
3486.8,0.43,0,1.0,0,0,0,50.1,0,85.6,0,1,0.97,15,0,NORMAL,0
3117.1,0.2,0,1.0,0,0,1,0.0,0,91.6,0,1,0.91,20,0,NORMAL,0
3297.67,0.31,0,1.0,0,0,0,60.0,0,89.9,0,1,0.97,20,0,NORMAL,0
3940.36,0.71,0,1.0,0,0,1,19.4,0,90.4,0,1,0.93,21,0,NORMAL,0
103202.44,62.75,2,0.0,6,1,0,1628.9,1,11.3,1,3,0.44,0,1,FRAUD,2
3261.58,0.29,1,1.0,0,0,1,0.0,0,89.2,0,1,0.92,11,0,NORMAL,0
26838.82,15.02,2,0.5,2,0,1,161.7,0,67.4,1,2,0.73,17,0,SUSPICIOUS,1
39588.39,22.99,1,0.5,1,0,1,120.1,0,59.9,1,2,0.89,0,1,SUSPICIOUS,1
4992.64,1.37,0,1.0,0,0,1,46.3,0,86.9,0,1,0.92,11,0,NORMAL,0
2124.94,-0.42,0,1.0,0,0,1,38.6,0,86.8,0,1,0.96,22,0,NORMAL,0
2500.61,-0.19,0,1.0,0,0,1,23.3,0,83.0,0,1,0.99,21,0,NORMAL,0
746.93,-1.28,0,1.0,0,0,1,17.9,0,100.0,0,1,0.94,9,0,NORMAL,0
3184.65,0.24,0,1.0,0,0,0,0.0,0,77.7,0,1,0.91,20,0,NORMAL,0
37773.51,21.86,2,0.8,1,0,1,289.3,0,49.4,0,2,0.72,14,0,SUSPICIOUS,1
3993.8,0.75,0,1.0,0,0,1,32.3,0,75.0,0,1,0.98,22,0,NORMAL,0
30627.01,17.39,2,0.5,2,0,0,296.3,0,61.9,1,1,0.79,23,1,SUSPICIOUS,1
5189.71,1.49,0,1.0,0,0,0,18.5,0,95.0,0,1,0.97,18,0,NORMAL,0
4251.4,0.91,0,1.0,0,0,1,0.0,0,88.6,0,1,0.96,11,0,NORMAL,0
2374.7,-0.27,0,1.0,0,0,0,0.0,0,98.0,0,1,0.97,14,0,NORMAL,0
350.69,-1.53,0,1.0,0,0,1,34.1,0,78.6,0,1,0.99,12,0,NORMAL,0
3449.63,0.41,1,1.0,1,0,1,6.4,0,88.6,0,1,0.96,10,0,NORMAL,0
1812.1,-0.62,0,1.0,0,0,1,18.8,0,89.8,0,1,0.97,12,0,NORMAL,0
3143.58,0.21,0,1.0,0,0,1,19.9,0,82.8,0,1,0.91,16,0,NORMAL,0
1769.32,-0.64,0,1.0,0,0,0,0.0,0,91.3,0,1,0.93,17,0,NORMAL,0
4568.54,1.11,0,1.0,0,0,1,2.5,0,99.5,0,1,0.92,9,0,NORMAL,0
29986.06,16.99,2,0.8,1,0,1,117.9,0,46.6,1,1,0.83,7,1,SUSPICIOUS,1
1461.62,-0.84,0,1.0,0,0,1,26.3,0,75.1,0,1,0.91,11,0,NORMAL,0
3422.85,0.39,0,1.0,0,0,0,29.6,0,91.7,1,1,0.94,10,0,NORMAL,0
1928.15,-0.54,0,1.0,0,0,1,17.0,0,87.3,0,1,0.97,21,0,NORMAL,0
2839.88,0.02,0,1.0,1,0,1,31.4,0,93.1,0,1,0.92,18,0,NORMAL,0
1814.37,-0.62,0,1.0,0,0,0,9.0,0,80.2,0,1,0.91,13,0,NORMAL,0
33505.23,19.19,1,0.8,1,0,1,86.7,0,73.3,0,1,0.87,17,0,SUSPICIOUS,1
4346.51,0.97,0,1.0,0,0,1,0.0,0,91.4,0,1,0.96,12,0,NORMAL,0
3561.34,0.48,0,1.0,0,0,0,0.0,0,76.6,0,1,0.95,19,0,NORMAL,0
2889.89,0.06,1,1.0,0,0,1,24.5,0,93.1,0,1,0.91,19,0,NORMAL,0
2827.54,0.02,0,1.0,0,0,1,14.6,0,99.8,0,1,0.96,12,0,NORMAL,0
134497.08,82.31,2,0.2,6,1,0,2427.8,1,15.0,1,2,0.55,1,1,FRAUD,2
1976.66,-0.51,0,1.0,0,0,1,0.0,0,96.5,0,1,0.93,9,0,NORMAL,0
5048.83,1.41,0,1.0,0,0,1,62.9,0,78.4,1,1,0.9,19,0,NORMAL,0
2330.25,-0.29,0,0.8,0,0,1,1.6,0,92.4,0,1,0.98,11,0,NORMAL,0
26306.3,14.69,1,0.5,2,0,1,281.2,0,60.4,0,1,0.88,17,0,SUSPICIOUS,1
3828.29,0.64,1,1.0,0,0,1,35.1,0,75.0,0,1,0.96,14,0,NORMAL,0
3856.35,0.66,0,1.0,0,0,0,5.1,0,77.7,0,1,0.92,18,0,NORMAL,0
4368.77,0.98,1,0.8,0,0,1,28.9,0,75.6,0,1,0.9,10,0,NORMAL,0
70813.94,42.51,2,0.2,5,1,0,1122.3,1,12.9,1,3,0.31,4,1,FRAUD,2
2527.54,-0.17,0,1.0,0,0,1,0.0,0,75.2,1,1,0.91,12,0,NORMAL,0
4020.58,0.76,0,1.0,0,0,1,14.7,0,91.0,0,1,0.94,11,0,NORMAL,0
5498.12,1.69,0,1.0,0,0,0,20.9,0,95.5,0,1,0.92,10,0,NORMAL,0
2307.75,-0.31,0,1.0,0,0,1,29.9,0,85.2,0,1,0.95,18,0,NORMAL,0
105.92,-1.68,0,1.0,0,0,0,17.7,0,87.9,0,1,0.92,10,0,NORMAL,0
2654.39,-0.09,0,1.0,0,0,1,0.0,0,84.2,0,1,0.95,15,0,NORMAL,0
551.13,-1.41,0,1.0,0,0,1,16.0,0,79.5,0,1,0.93,12,0,NORMAL,0
4166.51,0.85,0,1.0,0,0,1,20.6,0,95.2,0,1,0.98,12,0,NORMAL,0
2504.53,-0.18,0,1.0,0,0,1,25.3,0,97.7,0,1,0.96,17,0,NORMAL,0
2131.44,-0.42,0,1.0,0,0,0,9.3,0,99.9,0,1,0.94,15,0,NORMAL,0
3662.19,0.54,1,1.0,0,0,1,17.4,0,78.9,0,1,0.96,20,0,NORMAL,0
1556.64,-0.78,0,1.0,0,0,0,0.0,0,99.1,0,1,0.95,11,0,NORMAL,0
1538.04,-0.79,0,1.0,0,0,1,2.0,0,97.5,0,1,0.9,13,0,NORMAL,0
2117.86,-0.43,0,1.0,0,0,1,1.8,0,98.7,0,1,0.97,18,0,NORMAL,0
29264.97,16.54,1,0.8,2,0,0,268.5,0,64.2,1,1,0.78,5,1,SUSPICIOUS,1
3420.96,0.39,0,1.0,0,0,1,0.0,0,88.3,0,1,0.95,21,0,NORMAL,0
2586.26,-0.13,0,1.0,0,0,1,32.5,0,98.3,0,1,0.95,11,0,NORMAL,0
1498.0,-0.81,0,1.0,0,0,1,43.2,0,87.9,0,1,0.97,21,0,NORMAL,0
3843.8,0.65,0,1.0,0,0,1,24.5,0,95.1,1,1,0.98,17,0,NORMAL,0
1530.04,-0.79,1,1.0,0,0,1,23.9,0,90.9,0,1,0.93,15,0,NORMAL,0
823.54,-1.24,1,1.0,0,0,0,16.3,0,93.4,0,1,0.93,16,0,NORMAL,0
882.45,-1.2,0,1.0,0,0,1,48.0,0,93.0,1,1,0.97,12,0,NORMAL,0
2356.99,-0.28,0,1.0,0,0,0,17.2,0,88.9,0,1,0.93,15,0,NORMAL,0
2181.16,-0.39,0,0.8,0,0,1,0.0,0,86.2,0,1,0.99,21,0,NORMAL,0
3652.33,0.53,0,1.0,1,0,1,5.1,0,85.6,1,1,0.93,10,0,NORMAL,0
2406.55,-0.25,0,0.8,0,0,1,1.2,0,90.9,0,1,0.93,11,0,NORMAL,0
2961.41,0.1,0,1.0,0,0,1,64.7,0,90.5,0,1,0.91,21,0,NORMAL,0
961.71,-1.15,0,1.0,1,0,1,15.9,0,94.8,1,1,0.97,14,0,NORMAL,0
1543.43,-0.79,0,1.0,0,0,1,14.8,0,86.5,0,1,0.93,21,0,NORMAL,0
4849.07,1.28,0,1.0,0,0,1,0.0,0,77.2,0,1,0.98,11,0,NORMAL,0
4472.76,1.05,0,1.0,0,0,1,17.3,0,83.9,0,1,0.96,19,0,NORMAL,0
3046.51,0.15,0,1.0,0,0,1,35.9,0,90.9,0,1,0.92,9,0,NORMAL,0
1829.54,-0.61,0,1.0,0,0,1,0.0,0,96.6,0,1,0.9,22,0,NORMAL,0
2024.58,-0.48,0,1.0,0,0,1,0.0,0,89.7,0,1,0.95,14,0,NORMAL,0
991.78,-1.13,0,1.0,0,0,1,32.4,0,85.3,0,1,0.9,15,0,NORMAL,0
2124.69,-0.42,0,1.0,0,0,1,15.6,0,81.6,0,1,0.95,22,0,NORMAL,0
2494.41,-0.19,0,1.0,0,0,1,29.6,0,97.2,1,1,0.98,20,0,NORMAL,0
2057.99,-0.46,0,1.0,0,0,1,0.0,0,94.6,0,1,0.96,11,0,NORMAL,0
3138.43,0.21,0,1.0,1,0,1,13.3,0,91.2,0,1,0.94,18,0,NORMAL,0
4686.57,1.18,0,0.8,0,0,1,34.8,0,97.7,0,1,0.96,15,0,NORMAL,0
132024.12,80.77,2,0.0,6,1,0,3749.0,1,6.7,1,3,0.4,23,1,FRAUD,2
4502.74,1.06,0,0.8,0,0,1,28.1,0,93.2,0,1,0.93,14,0,NORMAL,0
3972.62,0.73,0,0.8,0,0,0,11.0,0,88.0,0,1,0.94,9,0,NORMAL,0
2268.42,-0.33,0,1.0,0,0,1,26.7,0,99.3,0,1,0.91,13,0,NORMAL,0
5198.43,1.5,0,1.0,0,0,1,0.8,0,90.6,1,1,0.98,21,0,NORMAL,0
2557.29,-0.15,0,1.0,0,0,1,50.2,0,79.3,0,1,0.98,22,0,NORMAL,0
1227.59,-0.98,0,1.0,0,0,0,0.0,0,77.5,0,1,0.93,18,0,NORMAL,0
36857.26,21.29,1,0.8,1,0,0,348.9,0,45.2,0,2,0.72,19,0,SUSPICIOUS,1
1221.24,-0.99,0,1.0,0,0,1,19.8,0,89.4,1,1,0.92,11,0,NORMAL,0
32270.54,18.42,1,0.8,1,0,1,114.9,0,57.1,0,2,0.73,4,1,SUSPICIOUS,1
5354.25,1.6,0,1.0,0,0,1,3.3,0,98.8,0,1,0.97,9,0,NORMAL,0
2712.47,-0.05,1,0.8,0,0,1,40.3,0,75.1,0,1,0.95,17,0,NORMAL,0
1799.11,-0.63,0,1.0,0,0,0,24.2,0,90.5,1,1,0.92,17,0,NORMAL,0
2807.27,0.0,1,1.0,0,0,1,0.0,0,93.2,1,1,0.94,10,0,NORMAL,0
1011.18,-1.12,0,1.0,0,0,1,8.7,0,89.2,0,1,0.93,11,0,NORMAL,0
1275.08,-0.95,0,1.0,0,0,0,5.4,0,87.6,0,1,0.92,18,0,NORMAL,0
3457.04,0.41,0,1.0,0,0,0,8.1,0,80.1,0,1,0.96,22,0,NORMAL,0
3566.11,0.48,0,1.0,0,0,1,5.6,0,90.2,0,1,0.99,16,0,NORMAL,0
3755.8,0.6,0,0.8,0,0,1,0.0,0,80.6,0,1,0.95,13,0,NORMAL,0
5914.86,1.95,0,1.0,0,0,1,0.0,0,83.6,0,1,0.92,17,0,NORMAL,0
47392.18,27.87,1,0.5,1,0,1,232.5,0,64.1,0,1,0.76,11,0,SUSPICIOUS,1
2160.3,-0.4,0,1.0,0,0,1,22.5,0,77.6,0,1,0.98,9,0,NORMAL,0
1705.62,-0.68,0,1.0,0,0,1,2.9,0,78.4,0,1,0.96,14,0,NORMAL,0
48435.9,28.52,1,0.5,1,0,0,312.8,0,55.4,1,1,0.74,20,0,SUSPICIOUS,1
102399.8,62.25,2,0.0,4,1,0,4291.8,1,22.3,1,3,0.19,2,1,FRAUD,2
4145.81,0.84,0,1.0,0,0,1,12.0,0,96.1,0,1,0.98,17,0,NORMAL,0
1009.21,-1.12,0,1.0,0,0,1,0.0,0,80.5,0,1,0.95,19,0,NORMAL,0
5784.64,1.87,0,1.0,0,0,1,27.2,0,86.3,0,1,0.94,14,0,NORMAL,0
432.9,-1.48,0,1.0,0,0,1,13.8,0,87.4,0,1,0.99,20,0,NORMAL,0
4714.44,1.2,0,1.0,0,0,1,7.7,0,84.9,0,1,0.94,16,0,NORMAL,0
84.15,-1.7,0,1.0,0,0,1,11.5,0,98.6,0,1,0.91,14,0,NORMAL,0
3274.9,0.3,0,1.0,0,0,1,14.4,0,80.2,0,1,0.95,19,0,NORMAL,0
2423.24,-0.24,0,1.0,0,0,1,1.3,0,78.5,0,1,0.98,15,0,NORMAL,0
3785.86,0.62,0,1.0,0,0,1,35.7,0,87.4,0,1,0.98,12,0,NORMAL,0
2817.79,0.01,0,1.0,0,0,1,12.8,0,88.5,0,1,0.96,18,0,NORMAL,0
5148.97,1.47,0,1.0,0,0,1,36.9,0,86.6,0,1,0.9,10,0,NORMAL,0
1857.57,-0.59,1,1.0,0,0,1,0.0,0,91.6,1,1,0.95,11,0,NORMAL,0
26359.54,14.72,2,0.8,2,1,0,156.0,0,53.2,0,1,0.8,7,1,SUSPICIOUS,1
3068.49,0.17,1,1.0,0,0,1,3.0,0,82.0,0,1,0.92,13,0,NORMAL,0
36004.74,20.75,1,0.8,1,0,1,297.9,0,57.5,0,1,0.86,7,1,SUSPICIOUS,1
2037.78,-0.48,0,1.0,0,0,1,0.0,0,76.4,0,1,0.9,17,0,NORMAL,0
32212.21,18.38,1,0.8,1,0,0,312.1,0,65.7,1,1,0.79,22,0,SUSPICIOUS,1
2765.95,-0.02,0,1.0,0,0,1,13.9,0,82.6,0,1,0.94,14,0,NORMAL,0
3422.96,0.39,0,1.0,0,0,1,0.0,0,84.2,0,1,0.93,13,0,NORMAL,0
2083.34,-0.45,0,1.0,0,0,1,0.0,0,95.5,0,1,0.92,17,0,NORMAL,0
2825.11,0.02,0,1.0,0,0,1,35.1,0,86.9,0,1,0.9,13,0,NORMAL,0
3557.17,0.47,1,1.0,0,0,1,33.2,0,90.8,0,1,0.91,16,0,NORMAL,0
3720.41,0.58,0,1.0,0,0,1,0.0,0,99.9,0,1,0.92,10,0,NORMAL,0
3583.44,0.49,0,1.0,0,0,1,20.9,0,96.6,0,1,0.92,12,0,NORMAL,0
78541.27,47.34,2,0.2,4,1,0,1003.8,1,12.6,1,3,0.17,1,1,FRAUD,2
5794.15,1.87,0,1.0,1,0,0,0.0,0,90.0,0,1,0.96,18,0,NORMAL,0
3784.83,0.62,0,1.0,0,0,1,37.8,0,89.5,1,1,0.97,21,0,NORMAL,0
2554.55,-0.15,0,1.0,0,0,1,59.0,0,87.8,0,1,0.96,22,0,NORMAL,0
1885.82,-0.57,1,1.0,0,0,1,46.6,0,79.6,0,1,0.98,16,0,NORMAL,0
94456.26,57.29,2,0.2,5,1,0,4115.4,1,7.5,1,3,0.25,3,1,FRAUD,2
4759.42,1.22,1,1.0,0,0,1,25.5,0,87.9,0,1,0.92,20,0,NORMAL,0
90105.8,54.57,2,0.2,7,1,0,2201.0,1,23.7,1,4,0.44,3,1,FRAUD,2
4710.97,1.19,1,1.0,0,0,1,3.0,0,76.1,0,1,0.98,14,0,NORMAL,0
3390.46,0.37,1,1.0,0,0,1,34.9,0,88.9,1,1,0.91,10,0,NORMAL,0
3260.39,0.29,0,1.0,0,0,1,0.0,0,88.7,0,1,0.97,17,0,NORMAL,0
3790.91,0.62,1,0.8,0,0,0,15.9,0,94.1,0,1,0.91,11,0,NORMAL,0
2459.17,-0.21,0,1.0,0,0,0,27.6,0,94.7,0,1,0.94,12,0,NORMAL,0
34811.26,20.01,1,0.8,2,1,0,208.3,0,66.2,1,1,0.72,12,0,SUSPICIOUS,1
669.56,-1.33,1,1.0,0,0,0,1.2,0,96.0,0,1,0.9,14,0,NORMAL,0
38361.02,22.23,2,0.5,1,0,0,316.8,0,48.0,0,1,0.73,16,0,SUSPICIOUS,1
3211.05,0.26,0,1.0,0,0,1,20.9,0,87.6,0,1,0.93,13,0,NORMAL,0
3852.42,0.66,1,1.0,0,0,1,45.7,0,75.0,0,1,0.95,12,0,NORMAL,0
942.91,-1.16,0,1.0,0,0,1,41.4,0,84.0,1,1,0.94,10,0,NORMAL,0
2287.55,-0.32,0,1.0,0,0,1,13.0,0,96.1,0,1,0.91,20,0,NORMAL,0
38518.06,22.32,1,0.5,1,0,1,220.0,0,58.4,0,1,0.75,12,0,SUSPICIOUS,1
3902.39,0.69,0,1.0,0,0,1,24.7,0,92.4,0,1,0.95,9,0,NORMAL,0
2373.99,-0.27,1,1.0,0,0,0,2.0,0,83.4,0,1,0.91,17,0,NORMAL,0
3938.26,0.71,0,1.0,0,0,1,15.1,0,89.5,0,1,0.93,15,0,NORMAL,0
2103.33,-0.44,0,0.8,0,0,1,21.3,0,77.9,0,1,0.93,11,0,NORMAL,0
2907.72,0.07,0,1.0,0,0,1,45.3,0,95.3,0,1,0.96,12,0,NORMAL,0
2021.77,-0.49,0,1.0,0,0,1,26.1,0,94.1,0,1,0.98,13,0,NORMAL,0
4390.67,0.99,0,1.0,0,0,0,0.0,0,83.5,0,1,0.95,21,0,NORMAL,0
2230.29,-0.36,0,1.0,0,0,1,3.1,0,85.8,0,1,0.99,21,0,NORMAL,0
28164.75,15.85,1,0.5,1,0,1,346.5,0,55.6,1,2,0.72,15,0,SUSPICIOUS,1
44322.49,25.95,1,0.5,1,0,0,234.2,0,65.0,1,1,0.79,14,0,SUSPICIOUS,1
141038.99,86.4,2,0.0,6,1,0,4327.2,1,11.4,1,4,0.3,3,1,FRAUD,2
2281.43,-0.32,0,0.8,0,0,0,0.0,0,93.9,0,1,0.96,19,0,NORMAL,0
3518.95,0.45,0,1.0,0,0,1,39.6,0,88.6,0,1,0.95,22,0,NORMAL,0
3763.77,0.6,0,1.0,0,0,0,2.2,0,98.7,0,1,0.92,11,0,NORMAL,0
3792.77,0.62,0,1.0,0,0,0,0.0,0,96.6,0,1,0.91,20,0,NORMAL,0
4932.45,1.33,0,1.0,0,0,1,0.0,0,83.3,0,1,0.98,10,0,NORMAL,0
40291.06,23.43,2,0.8,1,0,1,183.3,0,74.3,1,1,0.87,12,0,SUSPICIOUS,1
3808.94,0.63,1,1.0,0,0,1,14.0,0,85.5,0,1,0.98,16,0,NORMAL,0
3100.27,0.19,0,0.8,0,0,1,39.5,0,92.1,0,1,0.93,19,0,NORMAL,0
2367.84,-0.27,0,0.8,0,0,1,9.0,0,93.1,0,1,0.94,17,0,NORMAL,0
4702.47,1.19,0,1.0,0,0,1,34.1,0,80.5,0,1,0.94,16,0,NORMAL,0
2371.17,-0.27,0,1.0,0,0,1,34.7,0,84.1,0,1,0.93,21,0,NORMAL,0
2568.64,-0.14,0,0.8,1,0,0,0.0,0,93.0,0,1,0.97,18,0,NORMAL,0
1776.5,-0.64,0,0.8,0,0,1,11.0,0,81.7,1,1,0.93,16,0,NORMAL,0
3962.66,0.73,0,1.0,0,0,1,0.0,0,89.5,0,1,0.94,18,0,NORMAL,0
4475.31,1.05,0,1.0,0,0,1,25.7,0,77.7,0,1,0.9,14,0,NORMAL,0
1559.39,-0.78,0,1.0,0,0,0,19.2,0,85.4,0,1,0.95,16,0,NORMAL,0
5398.03,1.62,0,1.0,0,0,1,11.3,0,75.1,0,1,0.94,17,0,NORMAL,0
3295.46,0.31,1,1.0,0,0,1,12.2,0,85.0,0,1,0.9,9,0,NORMAL,0
1351.95,-0.91,0,1.0,0,0,1,6.7,0,96.7,0,1,0.92,11,0,NORMAL,0
2465.05,-0.21,1,0.8,0,0,1,0.0,0,79.5,0,1,0.92,18,0,NORMAL,0
3567.91,0.48,0,1.0,0,0,1,21.3,0,83.8,1,1,0.91,19,0,NORMAL,0
3917.65,0.7,0,1.0,0,0,1,44.0,0,81.9,0,1,0.92,20,0,NORMAL,0
644.48,-1.35,0,1.0,0,0,1,0.0,0,86.3,0,1,0.94,9,0,NORMAL,0
38094.91,22.06,1,0.8,1,1,0,183.9,0,55.0,1,1,0.89,1,1,SUSPICIOUS,1
27466.81,15.42,1,0.8,1,0,0,115.1,0,63.4,0,1,0.71,4,1,SUSPICIOUS,1
3040.9,0.15,0,1.0,0,0,1,36.0,0,85.5,0,1,0.91,18,0,NORMAL,0
4030.87,0.77,0,1.0,1,0,1,18.3,0,75.4,0,1,0.9,20,0,NORMAL,0
72680.67,43.68,2,0.0,5,1,0,2864.4,1,19.6,1,3,0.24,5,1,FRAUD,2
3616.77,0.51,0,1.0,0,0,1,30.9,0,87.9,0,1,0.95,21,0,NORMAL,0
4007.7,0.75,0,1.0,0,0,1,0.0,0,97.2,0,1,0.94,14,0,NORMAL,0
1619.57,-0.74,0,1.0,0,0,1,0.0,0,81.0,0,1,0.96,13,0,NORMAL,0
142090.41,87.06,2,0.0,4,1,0,2954.5,1,8.6,1,4,0.24,23,1,FRAUD,2
2391.18,-0.26,0,1.0,0,0,1,0.0,0,78.2,0,1,0.99,17,0,NORMAL,0
1589.93,-0.76,0,1.0,0,0,1,18.1,0,85.6,0,1,0.98,21,0,NORMAL,0
2981.32,0.11,0,1.0,0,0,1,30.0,0,95.7,1,1,0.96,21,0,NORMAL,0
890.19,-1.19,0,1.0,0,0,1,19.3,0,93.9,0,1,0.91,17,0,NORMAL,0
29473.08,16.67,1,0.8,1,0,1,103.0,0,49.6,1,2,0.81,22,0,SUSPICIOUS,1
6758.38,2.47,0,1.0,0,0,1,0.0,0,81.1,0,1,0.92,13,0,NORMAL,0
4857.45,1.29,0,1.0,0,0,1,50.6,0,76.8,0,1,0.95,20,0,NORMAL,0
3948.86,0.72,0,1.0,0,0,0,19.6,0,78.4,0,1,0.93,11,0,NORMAL,0
2127.42,-0.42,0,1.0,0,0,0,17.0,0,88.0,1,1,0.98,9,0,NORMAL,0
6276.35,2.17,0,1.0,0,0,1,34.1,0,88.9,0,1,0.92,10,0,NORMAL,0
847.4,-1.22,0,1.0,0,0,1,0.0,0,75.4,0,1,0.92,21,0,NORMAL,0
41716.99,24.32,2,0.5,1,1,0,326.3,0,53.0,1,2,0.72,15,0,SUSPICIOUS,1
3200.58,0.25,0,1.0,0,0,1,59.3,0,99.8,0,1,0.9,10,0,NORMAL,0
3771.72,0.61,0,1.0,0,0,1,36.2,0,79.7,0,1,0.91,15,0,NORMAL,0
3841.31,0.65,0,1.0,0,0,0,13.7,0,86.0,0,1,0.94,14,0,NORMAL,0
2742.78,-0.04,0,1.0,0,0,1,0.0,0,88.3,0,1,0.95,20,0,NORMAL,0
3069.39,0.17,0,1.0,0,0,1,14.9,0,77.4,1,1,0.94,13,0,NORMAL,0
4894.27,1.31,1,0.8,0,0,1,26.3,0,92.8,0,1,0.92,10,0,NORMAL,0
2214.32,-0.37,0,1.0,0,0,1,21.1,0,98.5,0,1,0.93,22,0,NORMAL,0
3533.9,0.46,0,1.0,0,0,1,51.2,0,77.8,0,1,0.98,14,0,NORMAL,0
1064.07,-1.08,0,1.0,1,0,1,65.6,0,88.6,0,1,0.94,20,0,NORMAL,0
29264.23,16.54,1,0.5,1,0,1,336.4,0,70.4,1,1,0.74,16,0,SUSPICIOUS,1
107334.02,65.33,2,0.2,6,1,0,3370.7,1,10.2,1,3,0.36,0,1,FRAUD,2
2634.51,-0.1,0,1.0,0,0,1,50.6,0,92.6,0,1,0.91,12,0,NORMAL,0
37641.24,21.78,1,0.8,2,0,1,190.4,0,48.3,0,2,0.75,2,1,SUSPICIOUS,1
2304.86,-0.31,0,1.0,0,0,1,8.4,0,99.6,0,1,0.95,13,0,NORMAL,0
72127.04,43.33,2,0.0,4,1,0,2602.9,1,11.3,1,3,0.4,2,1,FRAUD,2
1229.21,-0.98,0,1.0,0,0,0,12.3,0,81.7,0,1,0.96,22,0,NORMAL,0
50.0,-1.72,0,1.0,0,0,1,21.7,0,88.7,0,1,0.91,17,0,NORMAL,0
1339.29,-0.91,0,1.0,0,0,1,21.9,0,89.5,0,1,0.9,9,0,NORMAL,0
3436.1,0.4,0,1.0,0,0,1,10.4,0,83.6,0,1,0.93,9,0,NORMAL,0
1611.95,-0.74,0,1.0,0,0,1,4.0,0,99.2,0,1,0.98,18,0,NORMAL,0
5220.42,1.51,0,0.8,0,0,1,0.0,0,88.2,0,1,0.93,20,0,NORMAL,0
2517.69,-0.18,1,1.0,0,0,1,26.0,0,75.7,0,1,0.95,15,0,NORMAL,0
3268.52,0.29,0,1.0,0,0,1,6.0,0,79.4,1,1,0.98,13,0,NORMAL,0
2432.45,-0.23,0,1.0,0,0,1,45.7,0,79.0,0,1,0.93,10,0,NORMAL,0
2902.44,0.06,1,1.0,0,0,1,0.0,0,80.5,0,1,0.94,18,0,NORMAL,0
2822.42,0.01,0,1.0,0,0,1,0.0,0,77.5,1,1,0.98,20,0,NORMAL,0
50.0,-1.72,0,1.0,0,0,1,13.4,0,89.4,1,1,0.99,16,0,NORMAL,0
3627.37,0.52,0,1.0,0,0,1,23.9,0,81.4,0,1,0.91,18,0,NORMAL,0
5463.49,1.66,0,1.0,0,0,1,11.4,0,98.2,0,1,0.9,10,0,NORMAL,0
1611.15,-0.74,0,1.0,0,0,1,0.0,0,97.6,0,1,0.95,13,0,NORMAL,0
2223.75,-0.36,0,0.8,1,0,1,41.9,0,86.7,1,1,0.95,13,0,NORMAL,0
4027.8,0.77,0,1.0,0,0,1,31.7,0,75.3,0,1,0.97,16,0,NORMAL,0
2176.47,-0.39,0,1.0,0,0,1,0.0,0,79.5,0,1,0.9,18,0,NORMAL,0
50.0,-1.72,0,1.0,0,0,1,48.9,0,99.5,0,1,0.92,21,0,NORMAL,0
74882.22,45.05,2,0.2,5,1,0,1899.9,1,11.6,1,4,0.21,23,1,FRAUD,2
3409.94,0.38,0,1.0,1,0,1,13.9,0,79.2,0,1,0.95,10,0,NORMAL,0
121.97,-1.67,0,1.0,0,0,1,0.0,0,92.5,0,1,0.94,13,0,NORMAL,0
33694.62,19.31,2,0.8,1,1,0,242.7,0,73.1,1,1,0.87,0,1,SUSPICIOUS,1
2361.62,-0.27,0,1.0,0,0,1,4.2,0,78.1,0,1,0.96,14,0,NORMAL,0
50.0,-1.72,0,1.0,0,0,1,30.3,0,78.1,1,1,0.97,19,0,NORMAL,0
4412.4,1.01,1,1.0,0,0,0,33.2,0,81.5,0,1,0.91,14,0,NORMAL,0
1032.55,-1.1,0,1.0,0,0,1,0.0,0,99.0,0,1,0.95,14,0,NORMAL,0
50.0,-1.72,0,1.0,0,0,1,9.6,0,95.6,1,1,0.97,16,0,NORMAL,0
4378.01,0.99,0,1.0,0,0,1,22.8,0,90.3,0,1,0.91,15,0,NORMAL,0
42128.05,24.58,2,0.8,2,0,1,207.2,0,53.0,0,1,0.72,16,0,SUSPICIOUS,1
50.0,-1.72,0,1.0,0,0,1,53.7,0,95.9,0,1,0.93,11,0,NORMAL,0
3608.83,0.51,0,1.0,0,0,1,46.1,0,87.5,0,1,0.97,15,0,NORMAL,0
1274.5,-0.95,0,1.0,0,0,1,0.0,0,93.4,0,1,0.96,21,0,NORMAL,0
128491.8,78.56,2,0.2,6,1,0,1652.9,1,17.9,1,3,0.18,2,1,FRAUD,2
3210.32,0.26,0,0.8,0,0,0,9.3,0,83.5,0,1,0.94,17,0,NORMAL,0
50.0,-1.72,1,1.0,0,0,1,0.0,0,85.9,0,1,0.98,13,0,NORMAL,0
2221.86,-0.36,0,1.0,1,0,1,14.5,0,87.8,0,1,0.91,16,0,NORMAL,0
2502.67,-0.19,0,1.0,0,0,1,12.4,0,87.9,1,1,0.98,12,0,NORMAL,0
137034.01,83.9,2,0.2,3,1,0,3135.3,1,25.6,1,3,0.29,0,1,FRAUD,2
4511.66,1.07,1,1.0,0,0,1,24.8,0,96.9,0,1,0.9,15,0,NORMAL,0
3987.84,0.74,0,1.0,0,0,1,55.9,0,93.8,0,1,0.96,15,0,NORMAL,0
2476.64,-0.2,0,1.0,0,0,0,1.7,0,79.0,0,1,0.94,12,0,NORMAL,0
25150.19,13.97,1,0.8,2,0,0,119.5,0,49.6,1,1,0.71,0,1,SUSPICIOUS,1
139993.48,85.75,2,0.0,6,1,0,1699.3,1,7.6,1,3,0.42,0,1,FRAUD,2
6114.62,2.07,0,1.0,0,0,1,63.5,0,90.9,1,1,0.94,21,0,NORMAL,0
31607.15,18.0,1,0.8,1,1,0,232.0,0,69.4,1,1,0.85,20,0,SUSPICIOUS,1
4246.89,0.9,0,1.0,0,0,1,5.2,0,84.0,0,1,0.96,13,0,NORMAL,0
3952.73,0.72,0,1.0,0,0,1,9.0,0,96.1,0,1,0.94,22,0,NORMAL,0
2433.15,-0.23,1,1.0,0,0,1,35.7,0,99.8,0,1,0.9,19,0,NORMAL,0
777.84,-1.26,0,1.0,0,0,1,15.8,0,96.4,0,1,0.98,15,0,NORMAL,0
50.0,-1.72,0,1.0,0,0,0,19.5,0,89.6,0,1,0.93,12,0,NORMAL,0
147170.23,90.23,2,0.2,5,1,0,2834.4,1,28.1,1,3,0.39,1,1,FRAUD,2
92139.85,55.84,2,0.0,5,1,0,1380.9,1,12.5,1,2,0.45,1,1,FRAUD,2
5731.05,1.83,0,1.0,0,0,1,43.6,0,87.5,0,1,0.97,10,0,NORMAL,0
765.01,-1.27,0,1.0,0,0,1,26.3,0,79.4,1,1,0.91,13,0,NORMAL,0
2709.77,-0.06,0,1.0,0,0,1,17.6,0,88.4,1,1,0.94,13,0,NORMAL,0
1668.6,-0.71,0,1.0,0,0,1,35.4,0,98.5,0,1,0.92,13,0,NORMAL,0
4482.49,1.05,0,0.8,0,0,1,42.9,0,99.7,0,1,0.94,10,0,NORMAL,0
147188.08,90.24,2,0.2,5,1,0,4197.6,1,26.0,1,3,0.5,4,1,FRAUD,2
50.0,-1.72,0,1.0,0,0,1,20.6,0,92.3,0,1,0.92,14,0,NORMAL,0
83964.8,50.73,2,0.0,6,1,0,1827.0,1,6.2,1,4,0.17,1,1,FRAUD,2
456.69,-1.46,1,1.0,0,0,1,13.2,0,79.0,0,1,0.97,18,0,NORMAL,0
1863.05,-0.59,0,1.0,0,0,1,7.8,0,79.2,0,1,0.99,22,0,NORMAL,0
5006.03,1.38,0,1.0,0,0,0,0.0,0,95.5,0,1,0.98,16,0,NORMAL,0
34795.45,20.0,1,0.8,2,1,0,267.9,0,51.1,1,1,0.77,14,0,SUSPICIOUS,1
80508.75,48.57,2,0.0,4,1,0,3823.6,1,19.2,1,3,0.51,0,1,FRAUD,2
3016.84,0.14,0,0.8,0,0,1,12.4,0,87.6,0,1,0.97,20,0,NORMAL,0
50.0,-1.72,0,1.0,0,0,0,37.2,0,77.1,0,1,0.92,11,0,NORMAL,0
1793.32,-0.63,0,1.0,0,0,1,42.5,0,91.1,0,1,0.95,18,0,NORMAL,0
3790.79,0.62,0,1.0,0,0,0,29.4,0,97.0,0,1,0.91,12,0,NORMAL,0
79959.65,48.22,2,0.0,3,1,0,1659.1,1,28.7,1,4,0.53,0,1,FRAUD,2
44884.14,26.3,1,0.8,2,0,0,283.2,0,70.6,0,1,0.86,14,0,SUSPICIOUS,1
3316.59,0.32,0,1.0,0,0,1,0.0,0,84.4,0,1,0.96,10,0,NORMAL,0
2057.61,-0.46,1,1.0,0,0,1,23.9,0,98.6,0,1,0.96,17,0,NORMAL,0
4721.53,1.2,0,1.0,0,0,1,0.0,0,93.9,0,1,0.96,17,0,NORMAL,0
4830.47,1.27,0,0.8,0,0,1,30.4,0,83.6,0,1,0.91,15,0,NORMAL,0
3400.92,0.38,0,1.0,0,0,1,28.0,0,86.2,0,1,0.99,22,0,NORMAL,0
2818.42,0.01,0,1.0,0,0,1,6.2,0,85.1,0,1,0.95,16,0,NORMAL,0
5194.47,1.5,0,1.0,0,0,1,0.0,0,80.4,0,1,0.93,12,0,NORMAL,0
2301.3,-0.31,0,1.0,0,0,1,10.9,0,81.5,1,1,0.97,16,0,NORMAL,0
1357.93,-0.9,0,1.0,0,0,0,19.2,0,96.8,0,1,0.98,17,0,NORMAL,0
4227.78,0.89,0,1.0,0,0,1,0.0,0,84.5,0,1,0.93,18,0,NORMAL,0
50.0,-1.72,0,1.0,1,0,1,15.6,0,93.6,0,1,0.94,11,0,NORMAL,0
5165.75,1.48,0,1.0,0,0,0,21.2,0,87.2,0,1,0.97,10,0,NORMAL,0
1881.98,-0.57,0,1.0,0,0,1,0.0,0,97.8,0,1,0.94,16,0,NORMAL,0
3589.24,0.49,1,1.0,0,0,1,4.1,0,93.6,0,1,0.96,9,0,NORMAL,0
4402.99,1.0,0,1.0,0,0,1,10.4,0,80.3,0,1,0.91,16,0,NORMAL,0
1288.97,-0.94,0,1.0,1,0,0,19.8,0,90.1,0,1,0.95,16,0,NORMAL,0
3091.71,0.18,0,1.0,0,0,1,33.6,0,83.1,0,1,0.96,22,0,NORMAL,0
1505.48,-0.81,0,1.0,0,0,1,0.0,0,83.2,0,1,0.98,19,0,NORMAL,0
1614.44,-0.74,1,1.0,0,0,1,17.9,0,88.1,1,1,0.91,14,0,NORMAL,0
4922.71,1.33,0,1.0,0,0,1,27.9,0,97.4,0,1,0.95,17,0,NORMAL,0
4959.54,1.35,0,1.0,0,0,0,11.7,0,82.7,0,1,0.96,16,0,NORMAL,0
2788.99,-0.01,1,1.0,0,0,1,55.6,0,80.9,1,1,0.93,9,0,NORMAL,0
50.0,-1.72,1,0.8,0,0,1,18.5,0,82.9,0,1,0.9,19,0,NORMAL,0
2348.68,-0.28,0,1.0,0,0,1,39.5,0,87.7,0,1,0.95,13,0,NORMAL,0
3858.66,0.66,0,1.0,0,0,1,12.7,0,82.6,0,1,0.97,19,0,NORMAL,0
5183.88,1.49,0,1.0,0,0,1,24.7,0,99.2,1,1,0.94,13,0,NORMAL,0
1665.04,-0.71,0,1.0,0,0,1,4.5,0,75.4,0,1,0.98,22,0,NORMAL,0
365.65,-1.52,0,1.0,0,0,1,34.1,0,87.9,0,1,0.95,16,0,NORMAL,0
3821.51,0.64,0,1.0,0,0,0,14.8,0,79.7,1,1,0.92,10,0,NORMAL,0
47168.55,27.73,1,0.8,2,0,0,288.8,0,51.2,1,1,0.81,12,0,SUSPICIOUS,1
83761.06,50.6,2,0.0,5,1,0,1118.2,1,19.5,1,4,0.15,2,1,FRAUD,2
1540.33,-0.79,0,1.0,0,0,1,22.7,0,79.0,0,1,0.94,14,0,NORMAL,0
2401.28,-0.25,0,1.0,0,0,1,43.8,0,92.5,0,1,0.96,13,0,NORMAL,0
50.0,-1.72,1,1.0,0,0,1,17.3,0,95.4,1,1,0.97,18,0,NORMAL,0
2953.82,0.1,0,1.0,0,0,1,36.3,0,91.1,0,1,0.9,21,0,NORMAL,0
7480.45,2.93,0,1.0,0,0,1,8.7,0,89.2,0,1,0.94,22,0,NORMAL,0
6315.53,2.2,1,1.0,0,0,1,51.3,0,93.2,0,1,0.99,22,0,NORMAL,0
5803.04,1.88,0,1.0,0,0,1,0.0,0,80.9,0,1,0.95,17,0,NORMAL,0
708.91,-1.31,0,1.0,0,0,1,11.8,0,89.9,0,1,0.97,21,0,NORMAL,0
5085.82,1.43,0,1.0,0,0,1,9.6,0,79.4,0,1,0.93,16,0,NORMAL,0
2065.36,-0.46,0,1.0,0,0,1,10.2,0,88.1,0,1,0.99,11,0,NORMAL,0
647.34,-1.35,0,1.0,0,0,1,28.2,0,94.7,0,1,0.99,14,0,NORMAL,0
3509.42,0.44,0,1.0,0,0,1,18.1,0,93.3,0,1,0.91,16,0,NORMAL,0
4608.57,1.13,0,1.0,0,0,1,0.0,0,99.7,0,1,0.93,12,0,NORMAL,0
3786.09,0.62,0,1.0,0,0,1,8.2,0,92.9,0,1,0.9,12,0,NORMAL,0
2410.33,-0.24,1,1.0,0,0,0,7.3,0,84.4,0,1,0.96,16,0,NORMAL,0
1047.58,-1.1,0,1.0,0,0,0,40.8,0,86.4,0,1,0.98,20,0,NORMAL,0
2931.38,0.08,0,1.0,0,0,1,35.0,0,82.8,0,1,0.98,9,0,NORMAL,0
65676.22,39.3,2,0.2,5,1,0,3401.3,1,17.2,1,2,0.37,0,1,FRAUD,2
50.0,-1.72,0,1.0,0,0,1,24.2,0,77.2,0,1,0.94,21,0,NORMAL,0
2211.06,-0.37,0,1.0,0,0,1,17.4,0,91.5,1,1,0.91,21,0,NORMAL,0
50.0,-1.72,0,1.0,0,0,1,0.0,0,76.6,0,1,0.93,22,0,NORMAL,0
1990.86,-0.51,0,1.0,0,0,1,25.5,0,99.5,0,1,0.98,21,0,NORMAL,0
2090.06,-0.44,0,1.0,0,0,1,26.6,0,89.9,0,1,0.97,11,0,NORMAL,0
26172.57,14.61,1,0.8,2,0,0,223.5,0,72.5,1,1,0.84,9,0,SUSPICIOUS,1
5391.51,1.62,1,1.0,0,0,0,22.9,0,86.6,0,1,0.97,17,0,NORMAL,0
40929.25,23.83,1,0.5,1,1,0,233.8,0,47.7,1,1,0.83,6,1,SUSPICIOUS,1
1697.29,-0.69,1,1.0,0,0,1,0.0,0,76.9,0,1,0.97,22,0,NORMAL,0
3594.72,0.5,1,1.0,0,0,1,54.0,0,82.5,0,1,0.94,9,0,NORMAL,0
50.0,-1.72,0,1.0,0,0,1,19.0,0,83.7,0,1,0.93,21,0,NORMAL,0
3850.55,0.66,0,1.0,0,0,1,8.3,0,89.2,0,1,0.96,22,0,NORMAL,0
1256.19,-0.96,0,1.0,0,0,1,17.7,0,75.2,0,1,0.99,20,0,NORMAL,0
115741.7,70.59,2,0.2,3,1,0,3688.0,1,21.3,1,2,0.21,4,1,FRAUD,2
620.93,-1.36,0,1.0,0,0,1,23.0,0,89.4,0,1,0.94,16,0,NORMAL,0
5813.66,1.88,0,1.0,0,0,1,17.1,0,88.9,0,1,0.95,18,0,NORMAL,0
67588.58,40.49,2,0.0,7,1,0,929.2,1,26.8,1,4,0.12,0,1,FRAUD,2
1255.48,-0.97,1,1.0,0,0,1,36.1,0,77.6,0,1,0.99,17,0,NORMAL,0
4033.36,0.77,0,0.8,0,0,0,0.0,0,89.4,1,1,0.93,13,0,NORMAL,0
1613.65,-0.74,0,1.0,0,0,0,0.0,0,89.9,0,1,0.97,11,0,NORMAL,0
1341.71,-0.91,0,1.0,1,0,1,31.5,0,79.2,0,1,0.98,15,0,NORMAL,0
4573.92,1.11,0,1.0,0,0,1,43.1,0,98.4,0,1,0.98,22,0,NORMAL,0
2045.38,-0.47,0,0.8,0,0,1,17.2,0,91.9,0,1,0.93,16,0,NORMAL,0
3626.54,0.52,0,1.0,0,0,0,37.6,0,79.4,0,1,0.9,19,0,NORMAL,0
3915.5,0.7,0,1.0,0,0,1,20.1,0,97.7,0,1,0.96,13,0,NORMAL,0
3791.08,0.62,0,1.0,0,0,1,3.9,0,76.3,0,1,0.92,12,0,NORMAL,0
368.49,-1.52,1,1.0,0,0,1,0.0,0,85.4,0,1,0.98,15,0,NORMAL,0
3044.24,0.15,0,1.0,0,0,1,4.9,0,89.1,1,1,0.9,21,0,NORMAL,0
4551.72,1.09,0,1.0,0,0,1,0.0,0,84.0,0,1,0.97,22,0,NORMAL,0
2999.23,0.12,0,1.0,0,0,1,69.1,0,99.8,1,1,0.95,18,0,NORMAL,0
3331.99,0.33,0,1.0,0,0,0,0.0,0,83.8,1,1,0.98,11,0,NORMAL,0
3738.54,0.59,0,1.0,0,0,1,18.2,0,94.0,0,1,0.99,15,0,NORMAL,0
4934.45,1.33,0,1.0,0,0,0,8.6,0,83.7,1,1,0.91,13,0,NORMAL,0
26240.34,14.65,1,0.8,1,0,1,218.0,0,51.3,1,1,0.79,1,1,SUSPICIOUS,1
4820.41,1.26,0,1.0,0,0,1,0.0,0,86.3,1,1,0.92,22,0,NORMAL,0
2338.64,-0.29,0,1.0,0,0,1,0.0,0,76.7,0,1,0.93,15,0,NORMAL,0
2593.83,-0.13,0,1.0,0,0,1,4.1,0,97.5,0,1,0.96,18,0,NORMAL,0
3030.55,0.14,0,1.0,0,0,1,0.0,0,91.7,0,1,0.91,12,0,NORMAL,0
2516.97,-0.18,0,1.0,0,0,1,24.3,0,80.8,0,1,0.99,13,0,NORMAL,0
3491.32,0.43,0,0.8,0,0,1,10.4,0,82.6,0,1,0.95,22,0,NORMAL,0
2026.2,-0.48,1,1.0,0,0,1,70.2,0,88.9,0,1,0.94,18,0,NORMAL,0
4774.59,1.23,0,1.0,0,0,1,12.1,0,91.5,0,1,0.92,16,0,NORMAL,0
34021.9,19.51,1,0.5,1,0,1,306.0,0,74.3,1,1,0.71,23,1,SUSPICIOUS,1
5822.05,1.89,1,1.0,0,0,0,1.3,0,77.1,0,1,0.9,14,0,NORMAL,0
1045.67,-1.1,0,1.0,1,0,1,10.6,0,78.2,0,1,0.96,16,0,NORMAL,0
3344.42,0.34,0,1.0,0,0,1,12.9,0,93.4,0,1,0.91,9,0,NORMAL,0
3781.59,0.61,0,1.0,0,0,1,0.0,0,94.8,0,1,0.98,10,0,NORMAL,0
42715.14,24.95,1,0.8,2,0,0,278.7,0,61.5,1,1,0.72,21,0,SUSPICIOUS,1
3730.76,0.58,0,1.0,1,0,0,19.2,0,88.9,0,1,0.94,16,0,NORMAL,0
6056.66,2.04,0,1.0,0,0,1,0.0,0,77.3,0,1,0.95,16,0,NORMAL,0
2684.32,-0.07,0,1.0,0,0,1,29.0,0,92.3,1,1,0.92,14,0,NORMAL,0
3349.5,0.34,0,1.0,0,0,1,52.6,0,96.0,0,1,0.94,15,0,NORMAL,0
3248.96,0.28,0,1.0,0,0,1,0.0,0,87.7,0,1,0.98,12,0,NORMAL,0
1902.33,-0.56,0,1.0,0,0,1,10.9,0,98.9,0,1,0.93,10,0,NORMAL,0
4489.72,1.06,0,1.0,0,0,1,30.7,0,96.2,0,1,0.94,12,0,NORMAL,0
2800.94,0.0,0,1.0,0,0,1,31.6,0,90.8,0,1,0.91,18,0,NORMAL,0
1302.45,-0.94,0,1.0,0,0,1,0.0,0,96.9,1,1,0.9,17,0,NORMAL,0
1582.42,-0.76,0,1.0,0,0,0,17.4,0,94.0,0,1,0.93,19,0,NORMAL,0
53.12,-1.72,1,1.0,0,0,1,37.2,0,94.2,1,1,0.94,10,0,NORMAL,0
3054.8,0.16,0,1.0,0,0,1,5.7,0,91.7,0,1,0.97,10,0,NORMAL,0
4759.77,1.22,0,1.0,0,0,1,30.4,0,78.4,0,1,0.9,11,0,NORMAL,0
2734.57,-0.04,0,1.0,0,0,1,0.0,0,99.8,0,1,0.94,19,0,NORMAL,0
50.0,-1.72,0,1.0,0,0,1,10.1,0,83.6,0,1,0.93,19,0,NORMAL,0
26714.43,14.95,2,0.8,1,0,1,114.5,0,73.9,1,1,0.88,16,0,SUSPICIOUS,1
3407.88,0.38,0,1.0,0,0,1,0.0,0,77.8,0,1,0.93,10,0,NORMAL,0
4413.34,1.01,0,1.0,0,0,0,6.6,0,94.3,0,1,0.95,11,0,NORMAL,0
4515.54,1.07,0,1.0,0,0,1,35.4,0,76.8,0,1,0.96,19,0,NORMAL,0
4956.46,1.35,0,0.8,0,0,1,69.7,0,81.5,0,1,0.99,21,0,NORMAL,0
50.0,-1.72,1,1.0,0,0,1,15.0,0,82.9,0,1,0.98,13,0,NORMAL,0
1971.56,-0.52,0,1.0,0,0,0,19.6,0,83.4,0,1,0.96,13,0,NORMAL,0
2592.12,-0.13,0,1.0,0,0,1,40.5,0,94.8,0,1,0.93,9,0,NORMAL,0
62303.24,37.19,2,0.0,4,1,0,4487.9,1,13.1,1,3,0.15,3,1,FRAUD,2
803.03,-1.25,0,1.0,0,0,0,0.0,0,89.7,0,1,0.99,21,0,NORMAL,0
947.57,-1.16,0,1.0,0,0,0,6.3,0,80.3,0,1,0.98,21,0,NORMAL,0
3091.32,0.18,0,1.0,0,0,1,0.0,0,89.6,0,1,0.92,12,0,NORMAL,0
106974.21,65.11,2,0.2,3,1,0,1052.9,1,11.8,1,3,0.37,5,1,FRAUD,2
75419.83,45.39,2,0.0,4,1,0,1156.7,1,7.0,1,4,0.38,5,1,FRAUD,2
4741.41,1.21,0,1.0,0,0,1,40.7,0,91.2,0,1,0.99,19,0,NORMAL,0
1276.35,-0.95,0,1.0,0,0,1,0.0,0,95.9,0,1,0.9,16,0,NORMAL,0
46142.88,27.09,2,0.5,2,0,1,337.4,0,49.1,1,1,0.8,17,0,SUSPICIOUS,1
31209.73,17.76,1,0.8,1,0,0,340.9,0,50.6,1,1,0.87,6,1,SUSPICIOUS,1
446.39,-1.47,0,1.0,0,0,1,13.1,0,80.2,1,1,0.9,13,0,NORMAL,0
2387.26,-0.26,0,1.0,0,0,1,33.5,0,88.4,0,1,0.97,20,0,NORMAL,0
977.31,-1.14,1,1.0,0,0,1,0.0,0,93.1,0,1,0.98,18,0,NORMAL,0
3253.98,0.28,1,1.0,0,0,1,10.1,0,77.7,0,1,0.91,20,0,NORMAL,0
334.93,-1.54,0,1.0,0,0,1,0.0,0,91.6,0,1,0.99,15,0,NORMAL,0
2921.38,0.08,0,0.8,0,0,0,1.6,0,94.6,0,1,0.97,11,0,NORMAL,0
2542.75,-0.16,0,1.0,0,0,1,52.7,0,81.4,0,1,0.95,19,0,NORMAL,0
50.0,-1.72,0,1.0,0,0,0,4.1,0,94.3,0,1,0.92,11,0,NORMAL,0
4396.71,1.0,0,0.8,0,0,1,0.0,0,79.8,0,1,0.91,18,0,NORMAL,0
2472.96,-0.2,0,1.0,0,0,1,0.0,0,77.5,0,1,0.96,11,0,NORMAL,0
3700.67,0.56,0,1.0,0,0,1,40.0,0,84.7,0,1,0.93,9,0,NORMAL,0
1979.09,-0.51,1,1.0,0,0,1,15.7,0,76.9,0,1,0.93,11,0,NORMAL,0
1894.08,-0.57,0,1.0,0,0,1,30.2,0,87.1,0,1,0.96,10,0,NORMAL,0
1685.41,-0.7,0,1.0,0,0,1,10.5,0,95.7,1,1,0.95,9,0,NORMAL,0
1234.86,-0.98,0,0.8,0,0,1,1.1,0,98.6,0,1,0.91,18,0,NORMAL,0
2308.05,-0.31,0,1.0,0,0,1,0.0,0,75.3,0,1,0.97,11,0,NORMAL,0
1187.1,-1.01,0,1.0,0,0,0,0.0,0,91.0,0,1,0.94,14,0,NORMAL,0
259.91,-1.59,0,1.0,0,0,1,7.4,0,99.8,0,1,0.94,13,0,NORMAL,0
1855.58,-0.59,0,1.0,0,0,1,20.0,0,98.1,1,1,0.93,22,0,NORMAL,0
4123.52,0.83,0,0.8,0,0,1,24.1,0,83.5,0,1,0.96,17,0,NORMAL,0
2388.73,-0.26,0,1.0,0,0,1,42.8,0,75.0,0,1,0.98,19,0,NORMAL,0
1854.99,-0.59,0,1.0,0,0,1,44.9,0,92.1,0,1,0.91,16,0,NORMAL,0
1934.43,-0.54,0,1.0,0,0,1,17.1,0,77.6,0,1,0.98,16,0,NORMAL,0
4661.21,1.16,1,1.0,0,0,1,0.0,0,89.0,1,1,0.95,10,0,NORMAL,0
42563.65,24.85,2,0.8,1,0,1,189.8,0,49.4,0,2,0.7,10,0,SUSPICIOUS,1
734.49,-1.29,0,1.0,0,0,1,18.4,0,98.5,0,1,0.92,22,0,NORMAL,0
50.0,-1.72,0,1.0,0,0,1,11.1,0,94.1,0,1,0.93,20,0,NORMAL,0
3219.57,0.26,1,1.0,0,0,0,50.0,0,75.9,0,1,0.96,13,0,NORMAL,0
2369.13,-0.27,0,1.0,0,0,1,0.0,0,90.6,0,1,0.92,22,0,NORMAL,0
2718.94,-0.05,0,0.8,0,0,1,49.4,0,88.0,0,1,0.97,14,0,NORMAL,0
26418.73,14.76,1,0.8,1,0,1,314.1,0,73.2,1,1,0.83,5,1,SUSPICIOUS,1
34427.83,19.77,2,0.8,1,0,0,124.2,0,74.8,1,1,0.85,1,1,SUSPICIOUS,1
49890.91,29.43,1,0.5,1,0,0,349.3,0,64.1,1,1,0.73,11,0,SUSPICIOUS,1
5728.17,1.83,0,1.0,0,0,0,12.4,0,82.1,1,1,0.95,10,0,NORMAL,0
35487.84,20.43,1,0.8,1,0,0,225.0,0,57.6,1,2,0.76,22,0,SUSPICIOUS,1
2005.09,-0.5,0,1.0,0,0,1,3.1,0,77.3,0,1,0.93,21,0,NORMAL,0
4197.12,0.87,0,1.0,0,0,1,24.9,0,79.4,0,1,0.9,12,0,NORMAL,0
2261.39,-0.34,0,1.0,0,0,1,46.8,0,95.7,0,1,0.93,14,0,NORMAL,0
50.0,-1.72,0,1.0,0,0,1,10.5,0,80.9,0,1,0.93,11,0,NORMAL,0
5988.77,1.99,0,1.0,0,0,1,22.9,0,75.2,1,1,0.94,20,0,NORMAL,0
4304.37,0.94,1,0.8,0,0,1,21.1,0,96.8,0,1,0.95,22,0,NORMAL,0
2343.95,-0.29,0,1.0,0,0,1,0.0,0,87.8,1,1,0.96,22,0,NORMAL,0
1634.23,-0.73,0,1.0,0,0,1,44.3,0,97.6,0,1,0.98,12,0,NORMAL,0
68.02,-1.71,1,1.0,0,0,1,7.8,0,91.3,0,1,0.95,13,0,NORMAL,0
4108.84,0.82,0,0.8,0,0,1,13.0,0,84.0,0,1,0.95,11,0,NORMAL,0
1762.75,-0.65,0,1.0,0,0,1,10.8,0,83.8,0,1,0.96,20,0,NORMAL,0
2541.74,-0.16,0,1.0,0,0,1,3.1,0,92.4,0,1,0.93,10,0,NORMAL,0
3428.14,0.39,0,1.0,0,0,1,0.0,0,79.6,0,1,0.97,17,0,NORMAL,0
1935.76,-0.54,0,0.8,0,0,1,5.6,0,80.4,0,1,0.93,16,0,NORMAL,0
3357.59,0.35,1,1.0,0,0,1,10.3,0,91.9,1,1,0.94,22,0,NORMAL,0
1559.43,-0.78,0,1.0,0,0,1,15.0,0,78.6,0,1,0.91,17,0,NORMAL,0
610.93,-1.37,0,1.0,1,0,1,41.1,0,88.9,0,1,0.97,22,0,NORMAL,0
6211.17,2.13,1,1.0,0,0,1,55.6,0,79.4,0,1,0.94,11,0,NORMAL,0
33893.54,19.43,1,0.5,2,1,0,324.9,0,58.3,1,1,0.74,15,0,SUSPICIOUS,1
50.0,-1.72,0,1.0,0,0,1,22.2,0,80.4,0,1,0.93,16,0,NORMAL,0
1857.67,-0.59,0,1.0,0,0,1,20.3,0,81.3,1,1,0.96,21,0,NORMAL,0
348.19,-1.53,0,0.8,0,0,1,23.8,0,87.5,0,1,0.91,12,0,NORMAL,0
50.0,-1.72,0,1.0,0,0,1,14.4,0,80.1,0,1,0.98,10,0,NORMAL,0
1371.15,-0.89,0,0.8,0,0,1,33.7,0,78.9,0,1,0.94,12,0,NORMAL,0
26268.81,14.67,1,0.5,1,0,0,275.2,0,69.8,1,1,0.75,0,1,SUSPICIOUS,1
708.1,-1.31,0,1.0,0,0,1,1.0,0,91.7,0,1,0.98,10,0,NORMAL,0
3729.59,0.58,0,1.0,0,0,1,25.4,0,75.1,0,1,0.96,14,0,NORMAL,0
4212.0,0.88,1,1.0,0,0,1,18.6,0,99.7,0,1,0.91,21,0,NORMAL,0
1964.56,-0.52,0,1.0,0,0,1,36.9,0,92.3,0,1,0.97,12,0,NORMAL,0
1791.99,-0.63,0,1.0,0,0,1,16.6,0,87.6,0,1,0.95,12,0,NORMAL,0
3236.31,0.27,0,1.0,0,0,1,0.0,0,85.8,0,1,0.93,10,0,NORMAL,0
2925.94,0.08,0,0.8,0,0,1,20.6,0,98.0,0,1,0.92,19,0,NORMAL,0
2889.99,0.06,0,1.0,0,0,1,40.7,0,80.0,0,1,0.95,17,0,NORMAL,0
3263.06,0.29,0,1.0,0,0,1,2.6,0,75.2,0,1,0.94,10,0,NORMAL,0
3117.31,0.2,0,1.0,0,0,1,0.0,0,97.4,0,1,0.94,18,0,NORMAL,0
2341.51,-0.29,1,1.0,0,0,0,57.2,0,77.3,0,1,0.96,17,0,NORMAL,0
5249.03,1.53,0,1.0,1,0,1,2.0,0,78.5,0,1,0.91,15,0,NORMAL,0
4220.05,0.89,0,1.0,0,0,1,0.0,0,83.4,0,1,0.93,12,0,NORMAL,0
41270.51,24.04,2,0.8,1,1,0,196.4,0,72.8,1,1,0.71,12,0,SUSPICIOUS,1
4280.67,0.93,0,1.0,0,0,1,0.0,0,98.3,0,1,0.94,15,0,NORMAL,0
2068.17,-0.46,0,1.0,0,0,0,0.0,0,93.0,0,1,0.95,22,0,NORMAL,0
1919.07,-0.55,0,0.8,0,0,1,24.1,0,78.5,0,1,0.99,18,0,NORMAL,0
767.86,-1.27,0,1.0,0,0,0,0.0,0,79.7,0,1,0.92,17,0,NORMAL,0
103695.3,63.06,2,0.2,4,1,0,2422.5,1,21.9,1,3,0.48,0,1,FRAUD,2
121109.45,73.94,2,0.0,7,1,0,4346.4,1,6.9,1,3,0.4,2,1,FRAUD,2
2406.47,-0.25,0,1.0,0,0,1,0.0,0,90.6,1,1,0.95,21,0,NORMAL,0
1651.66,-0.72,0,1.0,0,0,1,7.3,0,86.0,0,1,0.98,13,0,NORMAL,0
1362.99,-0.9,0,1.0,0,0,1,35.9,0,98.9,0,1,0.98,12,0,NORMAL,0
111582.44,67.99,2,0.0,3,1,0,2701.0,1,18.4,1,3,0.44,5,1,FRAUD,2
2039.72,-0.48,0,1.0,0,0,1,24.9,0,90.9,0,1,0.92,11,0,NORMAL,0
50.0,-1.72,1,1.0,0,0,1,19.8,0,76.8,0,1,0.93,17,0,NORMAL,0
31995.21,18.25,1,0.8,1,0,1,140.0,0,65.3,1,1,0.88,22,0,SUSPICIOUS,1
149758.94,91.85,2,0.0,7,1,0,4451.5,1,11.3,1,3,0.33,5,1,FRAUD,2
31544.16,17.97,1,0.8,2,0,0,328.0,0,46.2,1,1,0.77,21,0,SUSPICIOUS,1
3131.72,0.21,0,1.0,0,0,1,6.3,0,85.3,0,1,0.99,16,0,NORMAL,0
2533.87,-0.17,0,1.0,0,0,1,28.9,0,85.9,0,1,0.96,16,0,NORMAL,0
4995.68,1.37,1,1.0,0,0,0,0.0,0,77.8,0,1,0.94,13,0,NORMAL,0
116781.02,71.24,2,0.0,3,1,0,2227.6,1,17.3,1,2,0.26,3,1,FRAUD,2
86340.13,52.21,2,0.2,6,1,0,1642.3,1,14.5,1,3,0.54,1,1,FRAUD,2
4776.84,1.24,0,1.0,0,0,1,0.0,0,95.7,0,1,0.96,10,0,NORMAL,0
1882.53,-0.57,0,1.0,0,0,1,22.2,0,86.3,0,1,0.96,11,0,NORMAL,0
3891.81,0.68,1,1.0,0,0,1,15.3,0,94.4,0,1,0.9,14,0,NORMAL,0
2437.56,-0.23,0,1.0,0,0,0,25.5,0,99.9,0,1,0.91,11,0,NORMAL,0
2231.1,-0.36,0,1.0,0,0,0,17.5,0,96.7,0,1,0.97,20,0,NORMAL,0
4125.34,0.83,0,1.0,0,0,0,18.9,0,78.1,0,1,0.95,11,0,NORMAL,0
2842.84,0.03,0,1.0,0,0,1,27.3,0,79.7,0,1,0.94,21,0,NORMAL,0
25062.72,13.91,1,0.5,1,0,0,264.9,0,55.1,1,1,0.79,21,0,SUSPICIOUS,1
37085.88,21.43,1,0.8,1,0,0,232.0,0,53.8,0,1,0.77,19,0,SUSPICIOUS,1
2642.14,-0.1,0,1.0,0,0,1,1.1,0,78.2,1,1,0.93,12,0,NORMAL,0
3161.93,0.23,0,0.8,0,0,0,0.0,0,76.1,0,1,0.97,20,0,NORMAL,0
3360.69,0.35,0,1.0,0,0,0,0.0,0,83.7,0,1,0.93,18,0,NORMAL,0
2847.1,0.03,1,1.0,0,0,1,6.8,0,84.7,0,1,0.93,9,0,NORMAL,0
3010.43,0.13,1,1.0,0,0,0,22.0,0,76.5,0,1,0.9,11,0,NORMAL,0
2416.06,-0.24,0,1.0,0,0,1,24.0,0,81.4,0,1,0.94,18,0,NORMAL,0
1178.78,-1.01,0,1.0,0,0,1,5.1,0,86.3,0,1,0.96,9,0,NORMAL,0
5458.98,1.66,0,1.0,0,0,1,16.6,0,77.4,0,1,0.92,13,0,NORMAL,0
5699.69,1.81,0,0.8,0,0,0,22.6,0,90.4,0,1,0.98,13,0,NORMAL,0
3389.09,0.37,0,1.0,0,0,1,30.2,0,86.7,0,1,0.93,11,0,NORMAL,0
1687.24,-0.7,0,1.0,0,0,1,33.7,0,89.4,0,1,0.91,11,0,NORMAL,0
2181.1,-0.39,0,0.8,1,0,1,0.0,0,95.6,0,1,0.93,12,0,NORMAL,0
28088.98,15.81,2,0.8,1,1,1,145.8,0,69.3,1,1,0.83,14,0,SUSPICIOUS,1
4667.63,1.17,0,1.0,0,0,1,5.0,0,75.1,0,1,0.91,22,0,NORMAL,0
2852.24,0.03,0,1.0,0,0,0,8.8,0,85.1,0,1,0.97,14,0,NORMAL,0
1280.3,-0.95,1,0.8,0,0,1,37.1,0,90.1,0,1,0.93,13,0,NORMAL,0
707.89,-1.31,0,1.0,0,0,1,26.3,0,78.6,0,1,0.97,17,0,NORMAL,0
1333.89,-0.92,0,1.0,0,0,1,2.8,0,97.8,0,1,0.98,15,0,NORMAL,0
5615.82,1.76,0,1.0,0,0,1,18.0,0,78.1,0,1,0.91,20,0,NORMAL,0
2304.79,-0.31,0,1.0,0,0,1,0.0,0,76.5,0,1,0.97,15,0,NORMAL,0
5324.73,1.58,0,1.0,0,0,1,48.3,0,96.8,0,1,0.92,22,0,NORMAL,0
2062.81,-0.46,0,1.0,0,0,0,13.1,0,80.8,1,1,0.98,22,0,NORMAL,0
4937.63,1.34,1,1.0,0,0,1,0.0,0,84.5,0,1,0.95,18,0,NORMAL,0
2723.31,-0.05,1,1.0,0,0,1,36.6,0,84.6,0,1,0.97,19,0,NORMAL,0
3784.41,0.62,0,1.0,0,0,1,2.0,0,86.6,0,1,0.9,16,0,NORMAL,0
138430.46,84.77,2,0.0,6,1,0,3783.8,1,17.0,1,3,0.14,3,1,FRAUD,2
1780.0,-0.64,0,1.0,0,0,1,30.7,0,98.3,0,1,0.97,14,0,NORMAL,0
494.64,-1.44,1,1.0,0,0,1,29.5,0,90.1,0,1,0.96,10,0,NORMAL,0
4434.37,1.02,1,1.0,0,0,1,0.0,0,84.0,0,1,0.92,14,0,NORMAL,0
2079.51,-0.45,0,1.0,0,0,0,24.9,0,87.1,0,1,0.97,13,0,NORMAL,0
2684.88,-0.07,0,1.0,0,0,1,24.9,0,75.8,0,1,0.98,14,0,NORMAL,0
89839.45,54.4,2,0.0,7,1,0,3238.4,1,13.4,1,3,0.23,1,1,FRAUD,2
37084.73,21.43,1,0.5,2,0,1,345.5,0,56.9,1,1,0.84,13,0,SUSPICIOUS,1
42282.68,24.68,1,0.5,1,0,0,295.2,0,51.3,1,1,0.75,19,0,SUSPICIOUS,1
537.59,-1.41,0,1.0,0,0,0,15.1,0,84.0,0,1,0.98,14,0,NORMAL,0
3409.58,0.38,0,1.0,0,0,1,0.0,0,90.3,0,1,0.96,17,0,NORMAL,0
1741.8,-0.66,1,1.0,0,0,1,24.8,0,86.9,0,1,0.94,21,0,NORMAL,0
1977.4,-0.51,0,1.0,0,0,1,14.2,0,99.7,0,1,0.97,20,0,NORMAL,0
5373.56,1.61,0,1.0,0,0,1,10.0,0,77.3,0,1,0.93,19,0,NORMAL,0
2639.97,-0.1,0,1.0,0,0,0,6.9,0,77.1,0,1,0.96,11,0,NORMAL,0
412.66,-1.49,1,1.0,0,0,1,32.2,0,92.5,0,1,0.9,14,0,NORMAL,0
3639.39,0.52,0,1.0,0,0,1,22.5,0,93.6,0,1,0.98,9,0,NORMAL,0
1479.73,-0.83,0,1.0,0,0,1,45.8,0,81.2,0,1,0.96,17,0,NORMAL,0
1293.51,-0.94,0,1.0,0,0,1,0.0,0,96.1,0,1,0.97,10,0,NORMAL,0
4178.03,0.86,0,1.0,0,0,1,39.8,0,92.2,0,1,0.95,14,0,NORMAL,0
4809.34,1.26,0,1.0,0,0,1,28.3,0,84.3,0,1,0.97,15,0,NORMAL,0
3839.54,0.65,0,1.0,0,0,1,10.3,0,81.9,0,1,0.96,21,0,NORMAL,0
90259.21,54.66,2,0.2,6,1,0,1664.5,1,12.1,1,3,0.39,2,1,FRAUD,2
4166.2,0.85,0,1.0,0,0,1,0.0,0,91.5,0,1,0.96,18,0,NORMAL,0
201.14,-1.62,0,1.0,0,0,1,13.2,0,88.9,0,1,0.98,13,0,NORMAL,0
96728.74,58.71,2,0.0,3,1,0,3433.4,1,19.9,1,3,0.37,23,1,FRAUD,2
6194.05,2.12,1,1.0,0,0,1,45.8,0,81.9,0,1,0.92,18,0,NORMAL,0
192.43,-1.63,0,1.0,0,0,1,10.6,0,75.6,0,1,0.92,20,0,NORMAL,0
4574.16,1.11,0,1.0,0,0,1,46.3,0,99.3,0,1,0.92,14,0,NORMAL,0
2831.63,0.02,0,1.0,0,0,1,25.8,0,94.1,0,1,0.93,10,0,NORMAL,0
39226.28,22.77,1,0.8,2,0,1,81.3,0,47.2,1,1,0.77,9,0,SUSPICIOUS,1
3003.41,0.13,0,1.0,0,0,1,40.2,0,99.6,0,1,0.97,11,0,NORMAL,0
98824.76,60.02,2,0.2,3,1,0,2483.1,1,19.3,1,2,0.31,5,1,FRAUD,2
33986.67,19.49,1,0.8,1,1,1,127.1,0,61.6,1,1,0.79,23,1,SUSPICIOUS,1
4562.15,1.1,0,1.0,0,0,1,12.3,0,75.3,1,1,0.9,21,0,NORMAL,0
4356.12,0.97,0,1.0,0,0,1,0.0,0,83.3,0,1,0.96,19,0,NORMAL,0
5445.6,1.65,0,1.0,0,0,0,14.2,0,98.0,0,1,0.96,22,0,NORMAL,0
2968.69,0.11,0,1.0,0,0,1,31.0,0,99.6,0,1,0.94,17,0,NORMAL,0
4415.8,1.01,0,1.0,0,0,1,18.7,0,76.5,0,1,0.92,12,0,NORMAL,0
25354.16,14.1,1,0.5,2,0,0,220.4,0,74.2,1,1,0.77,18,0,SUSPICIOUS,1
2383.48,-0.26,0,0.8,0,0,1,38.5,0,78.4,0,1,0.94,16,0,NORMAL,0
4051.05,0.78,1,1.0,0,0,1,40.1,0,87.4,1,1,0.9,22,0,NORMAL,0
3322.55,0.33,0,1.0,0,0,1,5.9,0,81.8,1,1,0.9,14,0,NORMAL,0
756.81,-1.28,0,1.0,0,0,1,2.4,0,77.9,1,1,0.9,22,0,NORMAL,0
2076.83,-0.45,0,1.0,0,0,0,21.9,0,99.0,0,1,0.95,21,0,NORMAL,0
33975.52,19.48,1,0.5,2,0,1,331.8,0,52.8,1,2,0.79,10,0,SUSPICIOUS,1
83119.44,50.2,2,0.0,6,1,0,3137.0,1,14.3,1,3,0.15,1,1,FRAUD,2
81794.22,49.37,2,0.2,6,1,0,2696.7,1,24.4,1,3,0.2,1,1,FRAUD,2
1819.79,-0.61,0,1.0,0,0,1,0.0,0,84.3,1,1,0.99,13,0,NORMAL,0
3207.41,0.25,0,1.0,1,0,1,18.3,0,84.4,0,1,0.91,17,0,NORMAL,0
147422.75,90.39,2,0.2,5,1,0,1556.0,1,10.7,1,2,0.17,0,1,FRAUD,2
2641.86,-0.1,0,1.0,0,0,1,50.6,0,84.9,0,1,0.93,11,0,NORMAL,0
2810.23,0.01,0,1.0,0,0,1,8.4,0,92.5,0,1,0.95,9,0,NORMAL,0
3333.56,0.33,0,1.0,0,0,1,9.8,0,82.4,0,1,0.98,22,0,NORMAL,0
3480.3,0.43,0,1.0,1,0,1,24.9,0,94.3,0,1,0.97,12,0,NORMAL,0
1596.89,-0.75,0,0.8,0,0,1,4.4,0,77.9,0,1,0.95,13,0,NORMAL,0
40652.88,23.66,1,0.8,1,0,0,221.0,0,60.2,1,1,0.74,3,1,SUSPICIOUS,1
50.0,-1.72,0,1.0,0,0,1,5.7,0,89.3,0,1,0.92,22,0,NORMAL,0
1235.28,-0.98,0,0.8,0,0,0,0.0,0,97.6,0,1,0.94,16,0,NORMAL,0
3476.96,0.42,0,1.0,0,0,1,0.0,0,78.8,0,1,0.94,13,0,NORMAL,0
2255.98,-0.34,0,1.0,0,0,1,0.0,0,87.6,0,1,0.96,12,0,NORMAL,0
5402.27,1.63,1,1.0,0,0,1,28.5,0,96.5,0,1,0.91,21,0,NORMAL,0
1836.51,-0.6,0,1.0,0,0,1,7.5,0,98.9,1,1,0.97,22,0,NORMAL,0
5824.11,1.89,0,1.0,0,0,1,8.5,0,94.6,0,1,0.95,16,0,NORMAL,0
2367.4,-0.27,0,0.8,0,0,0,25.3,0,86.3,0,1,0.92,9,0,NORMAL,0
41594.45,24.25,2,0.5,1,0,0,109.3,0,65.2,1,1,0.74,21,0,SUSPICIOUS,1
4055.83,0.78,0,1.0,0,0,1,0.0,0,95.8,0,1,0.94,19,0,NORMAL,0
133487.03,81.68,2,0.0,7,1,0,3639.3,1,9.5,1,4,0.17,4,1,FRAUD,2
2430.27,-0.23,0,1.0,0,0,1,33.7,0,96.5,0,1,0.95,14,0,NORMAL,0
72958.7,43.85,2,0.0,4,1,0,4116.7,1,19.4,1,3,0.26,5,1,FRAUD,2
4471.37,1.04,0,1.0,0,0,1,30.0,0,84.6,1,1,0.99,14,0,NORMAL,0
1763.49,-0.65,0,1.0,0,0,1,37.2,0,84.7,0,1,0.93,17,0,NORMAL,0
173.33,-1.64,0,1.0,0,0,1,39.9,0,75.2,0,1,0.91,21,0,NORMAL,0
2930.33,0.08,0,1.0,0,0,1,16.5,0,87.5,1,1,0.91,21,0,NORMAL,0
2670.43,-0.08,1,1.0,0,0,1,33.9,0,78.4,0,1,0.99,21,0,NORMAL,0
50.0,-1.72,0,1.0,0,0,1,28.3,0,88.0,0,1,0.99,12,0,NORMAL,0
935.08,-1.17,0,1.0,0,0,1,15.8,0,83.4,0,1,0.94,11,0,NORMAL,0
5210.97,1.51,0,1.0,0,0,0,20.8,0,87.4,0,1,0.95,17,0,NORMAL,0
2457.65,-0.21,1,0.8,0,0,1,5.7,0,89.0,0,1,0.98,12,0,NORMAL,0
4481.99,1.05,0,1.0,0,0,1,0.0,0,77.2,0,1,0.98,14,0,NORMAL,0
50.0,-1.72,1,1.0,0,0,0,17.0,0,79.1,0,1,0.94,21,0,NORMAL,0
2303.36,-0.31,0,1.0,0,0,1,0.0,0,78.1,0,1,0.99,11,0,NORMAL,0
3770.38,0.61,1,1.0,0,0,1,24.1,0,85.0,0,1,0.97,11,0,NORMAL,0
5674.25,1.8,0,1.0,0,0,0,15.3,0,81.5,0,1,0.97,9,0,NORMAL,0
3155.8,0.22,0,1.0,0,0,1,44.9,0,93.4,1,1,0.93,18,0,NORMAL,0
3992.24,0.75,1,1.0,0,0,1,27.0,0,99.2,0,1,0.94,19,0,NORMAL,0
3537.78,0.46,0,1.0,0,0,0,17.5,0,90.9,0,1,0.97,19,0,NORMAL,0
2440.7,-0.22,0,1.0,0,0,1,32.8,0,82.5,0,1,0.92,11,0,NORMAL,0
3990.9,0.74,1,1.0,0,0,1,12.4,0,76.7,0,1,0.97,11,0,NORMAL,0
3374.84,0.36,1,1.0,0,0,1,10.4,0,91.8,0,1,0.97,17,0,NORMAL,0
2651.59,-0.09,0,1.0,0,0,1,12.4,0,98.0,0,1,0.93,13,0,NORMAL,0
80512.33,48.57,2,0.2,6,1,0,2099.4,1,28.8,1,2,0.18,3,1,FRAUD,2
3419.43,0.39,1,0.8,0,0,1,39.2,0,87.1,0,1,0.97,15,0,NORMAL,0
47789.25,28.12,2,0.8,1,0,0,115.9,0,63.3,1,1,0.73,4,1,SUSPICIOUS,1
4900.79,1.31,0,1.0,0,0,0,54.7,0,76.2,0,1,0.9,12,0,NORMAL,0
5864.14,1.92,1,1.0,0,0,1,12.0,0,81.4,0,1,0.95,22,0,NORMAL,0
4456.86,1.04,0,1.0,0,0,1,19.7,0,94.0,0,1,0.99,18,0,NORMAL,0
147263.26,90.29,2,0.0,4,1,0,1312.3,1,24.7,1,3,0.53,1,1,FRAUD,2
2461.47,-0.21,0,1.0,0,0,1,25.9,0,89.0,1,1,0.95,13,0,NORMAL,0
1674.43,-0.7,0,1.0,0,0,1,19.2,0,76.5,0,1,0.91,9,0,NORMAL,0
1242.17,-0.97,0,1.0,0,0,1,21.1,0,92.6,1,1,0.98,20,0,NORMAL,0
2513.83,-0.18,0,1.0,0,0,1,35.5,0,90.4,0,1,0.92,13,0,NORMAL,0
3261.09,0.29,1,1.0,0,0,1,0.0,0,88.4,0,1,0.91,22,0,NORMAL,0
46136.2,27.09,1,0.8,1,0,0,263.8,0,65.3,1,2,0.77,17,0,SUSPICIOUS,1
2397.48,-0.25,0,1.0,0,0,1,17.8,0,98.7,0,1,0.96,17,0,NORMAL,0
1202.25,-1.0,0,1.0,0,0,1,0.0,0,94.5,0,1,0.91,15,0,NORMAL,0
489.89,-1.44,0,1.0,0,0,0,31.1,0,99.7,0,1,0.99,20,0,NORMAL,0
108735.66,66.21,2,0.2,7,1,0,2890.1,1,20.1,1,3,0.5,1,1,FRAUD,2
3998.9,0.75,0,1.0,0,0,1,50.6,0,87.7,0,1,0.93,12,0,NORMAL,0
2432.97,-0.23,0,1.0,0,0,1,43.9,0,76.3,1,1,0.94,16,0,NORMAL,0
141452.44,86.66,2,0.0,3,1,0,2839.2,1,7.6,1,4,0.16,23,1,FRAUD,2
3959.68,0.72,0,1.0,0,0,1,0.0,0,97.3,0,1,0.93,16,0,NORMAL,0
32715.74,18.7,1,0.5,2,0,1,98.8,0,60.8,1,1,0.85,19,0,SUSPICIOUS,1
3520.93,0.45,0,1.0,0,0,1,0.5,0,84.5,0,1,0.93,9,0,NORMAL,0
2558.02,-0.15,0,1.0,0,0,1,34.7,0,92.3,0,1,0.95,17,0,NORMAL,0
4190.34,0.87,0,0.8,0,0,1,20.5,0,92.3,0,1,0.99,18,0,NORMAL,0
50.0,-1.72,0,1.0,0,0,1,12.1,0,81.9,0,1,0.98,10,0,NORMAL,0
1861.55,-0.59,0,1.0,0,0,1,41.3,0,78.0,0,1,0.95,17,0,NORMAL,0
3527.82,0.45,0,1.0,0,0,1,0.0,0,92.0,0,1,0.98,18,0,NORMAL,0
4446.01,1.03,0,1.0,0,0,1,22.7,0,76.8,1,1,0.94,18,0,NORMAL,0
112359.7,68.47,2,0.2,7,1,0,3350.3,1,14.6,1,3,0.13,23,1,FRAUD,2
32548.69,18.59,1,0.8,1,0,1,313.7,0,50.7,1,1,0.76,1,1,SUSPICIOUS,1
132964.0,81.35,2,0.2,3,1,0,3823.3,1,26.9,1,4,0.33,2,1,FRAUD,2
1290.5,-0.94,1,0.8,0,0,1,66.2,0,85.1,0,1,0.9,19,0,NORMAL,0
4954.62,1.35,0,1.0,0,0,1,31.9,0,97.5,0,1,0.93,12,0,NORMAL,0
1680.03,-0.7,0,0.8,0,0,1,0.0,0,97.5,0,1,0.97,22,0,NORMAL,0
595.01,-1.38,0,1.0,0,0,1,45.8,0,93.9,0,1,0.97,11,0,NORMAL,0
2692.39,-0.07,1,1.0,0,0,1,8.8,0,80.2,0,1,0.92,16,0,NORMAL,0
1115.07,-1.05,0,1.0,0,0,1,21.4,0,88.5,0,1,0.93,21,0,NORMAL,0
3246.86,0.28,0,1.0,0,0,1,0.0,0,81.2,0,1,0.94,22,0,NORMAL,0
2135.8,-0.42,0,0.8,0,0,1,9.2,0,85.9,0,1,0.98,12,0,NORMAL,0
1591.17,-0.76,0,1.0,0,0,1,1.7,0,82.7,0,1,0.97,14,0,NORMAL,0
3516.46,0.45,0,1.0,0,0,1,17.9,0,90.5,0,1,0.91,19,0,NORMAL,0
3755.98,0.6,0,1.0,0,0,1,6.0,0,89.9,0,1,0.91,14,0,NORMAL,0
1746.87,-0.66,0,1.0,1,0,1,16.7,0,98.5,1,1,0.94,9,0,NORMAL,0
459.34,-1.46,0,1.0,0,0,1,7.7,0,87.0,0,1,0.9,13,0,NORMAL,0
1166.65,-1.02,0,0.8,0,0,0,26.5,0,77.4,0,1,0.91,12,0,NORMAL,0
4339.56,0.96,0,1.0,0,0,1,5.0,0,84.0,0,1,0.98,11,0,NORMAL,0
4691.19,1.18,1,1.0,0,0,1,0.0,0,84.8,0,1,0.91,20,0,NORMAL,0
36799.69,21.25,2,0.8,2,0,0,245.0,0,48.1,1,2,0.75,22,0,SUSPICIOUS,1
3816.28,0.64,1,1.0,0,0,1,13.3,0,95.7,0,1,0.91,12,0,NORMAL,0
96947.45,58.84,2,0.2,3,1,0,1396.2,1,12.6,1,2,0.18,2,1,FRAUD,2
3293.33,0.31,1,1.0,0,0,1,12.1,0,75.3,0,1,0.99,18,0,NORMAL,0
38821.73,22.51,2,0.5,1,0,0,347.4,0,53.3,1,1,0.76,20,0,SUSPICIOUS,1
1141.14,-1.04,0,1.0,0,0,1,23.8,0,78.7,0,1,0.95,10,0,NORMAL,0
2837.73,0.02,0,1.0,0,0,1,41.6,0,90.8,0,1,0.95,11,0,NORMAL,0
1739.04,-0.66,0,1.0,0,0,1,1.9,0,81.7,0,1,0.99,15,0,NORMAL,0
1483.39,-0.82,0,1.0,0,0,1,0.0,0,97.3,0,1,0.92,18,0,NORMAL,0
2954.65,0.1,0,1.0,0,0,1,34.8,0,83.7,0,1,0.96,10,0,NORMAL,0
1008.91,-1.12,0,0.8,0,0,1,0.0,0,96.8,0,1,0.97,10,0,NORMAL,0
89596.18,54.25,2,0.0,7,1,0,2391.6,1,18.6,1,3,0.17,4,1,FRAUD,2
50.0,-1.72,0,1.0,0,0,1,56.2,0,98.8,0,1,0.98,17,0,NORMAL,0
1233.75,-0.98,0,1.0,0,0,0,6.9,0,94.9,0,1,0.98,16,0,NORMAL,0
44566.46,26.1,1,0.8,1,0,1,195.7,0,53.3,1,1,0.86,18,0,SUSPICIOUS,1
5261.24,1.54,0,1.0,0,0,1,7.9,0,79.5,0,1,0.93,14,0,NORMAL,0
1972.01,-0.52,0,0.8,0,0,1,0.6,0,91.3,1,1,0.93,20,0,NORMAL,0
1433.26,-0.85,0,1.0,0,0,1,4.1,0,77.6,0,1,0.95,17,0,NORMAL,0
2722.95,-0.05,1,1.0,0,0,1,13.1,0,89.2,0,1,0.91,13,0,NORMAL,0
2765.44,-0.02,0,1.0,0,0,0,29.0,0,87.4,0,1,0.91,11,0,NORMAL,0
4914.73,1.32,1,1.0,0,0,1,12.3,0,79.3,0,1,0.95,20,0,NORMAL,0
5221.49,1.51,0,1.0,0,0,0,14.4,0,81.8,0,1,0.96,10,0,NORMAL,0
147224.78,90.27,2,0.0,4,1,0,4433.5,1,6.5,1,4,0.54,3,1,FRAUD,2
2631.88,-0.11,0,1.0,0,0,1,0.0,0,98.4,0,1,0.92,22,0,NORMAL,0
78235.56,47.15,2,0.0,6,1,0,4057.4,1,18.2,1,2,0.39,0,1,FRAUD,2
4941.46,1.34,0,1.0,0,0,1,5.5,0,81.3,0,1,0.98,13,0,NORMAL,0
924.14,-1.17,0,1.0,0,0,0,9.3,0,87.3,0,1,0.98,17,0,NORMAL,0
3882.62,0.68,0,1.0,0,0,1,22.2,0,99.9,0,1,0.96,12,0,NORMAL,0
3576.34,0.49,0,1.0,0,0,1,35.8,0,98.8,0,1,0.93,9,0,NORMAL,0
588.29,-1.38,0,1.0,0,0,1,12.3,0,95.3,0,1,0.9,21,0,NORMAL,0
178.43,-1.64,1,0.8,0,0,1,21.6,0,80.9,0,1,0.92,20,0,NORMAL,0
98405.15,59.75,2,0.0,3,1,0,2631.4,1,9.6,1,3,0.25,23,1,FRAUD,2
131262.97,80.29,2,0.2,3,1,0,2723.0,1,25.5,1,3,0.31,3,1,FRAUD,2
3596.29,0.5,1,1.0,0,0,1,9.9,0,95.6,0,1,0.92,21,0,NORMAL,0
3695.28,0.56,0,1.0,1,0,1,18.0,0,85.9,0,1,0.99,20,0,NORMAL,0
4130.8,0.83,0,1.0,0,0,0,25.8,0,75.2,0,1,0.92,20,0,NORMAL,0
5920.97,1.95,0,1.0,0,0,0,1.9,0,98.7,0,1,0.91,13,0,NORMAL,0
1820.21,-0.61,1,1.0,0,0,1,67.0,0,99.6,0,1,0.93,13,0,NORMAL,0
4776.37,1.24,0,0.8,1,0,1,0.6,0,87.7,0,1,0.95,15,0,NORMAL,0
122610.99,74.88,2,0.0,3,1,0,4139.7,1,12.0,1,2,0.38,2,1,FRAUD,2
1515.27,-0.8,0,1.0,0,0,1,11.2,0,97.8,0,1,0.98,22,0,NORMAL,0
6448.48,2.28,0,1.0,0,0,1,0.0,0,79.1,0,1,0.93,16,0,NORMAL,0
1533.63,-0.79,0,1.0,0,0,1,8.1,0,80.3,0,1,0.96,17,0,NORMAL,0
4564.2,1.1,0,1.0,0,0,1,9.2,0,78.9,0,1,0.92,17,0,NORMAL,0
2964.12,0.1,0,1.0,0,0,1,0.0,0,91.3,0,1,0.92,11,0,NORMAL,0
122536.06,74.84,2,0.0,3,1,0,3003.1,1,23.7,1,3,0.29,23,1,FRAUD,2
5370.34,1.61,0,0.8,0,0,1,31.4,0,88.1,0,1,0.92,18,0,NORMAL,0
5079.48,1.42,0,0.8,0,0,1,0.0,0,80.5,0,1,0.94,18,0,NORMAL,0
2552.36,-0.15,0,0.8,0,0,0,12.8,0,88.7,0,1,0.91,11,0,NORMAL,0
5202.64,1.5,0,1.0,0,0,1,16.2,0,88.9,0,1,0.9,11,0,NORMAL,0
50.0,-1.72,0,1.0,0,0,1,0.0,0,86.9,0,1,0.9,19,0,NORMAL,0
1141.97,-1.04,0,1.0,0,0,1,12.5,0,88.2,0,1,0.92,18,0,NORMAL,0
2204.32,-0.37,1,1.0,0,0,1,10.7,0,91.8,0,1,0.97,21,0,NORMAL,0
1947.69,-0.53,1,1.0,0,0,1,14.1,0,97.3,0,1,0.92,14,0,NORMAL,0
3470.75,0.42,0,1.0,0,0,0,0.0,0,94.3,0,1,0.92,22,0,NORMAL,0
987.82,-1.13,0,1.0,0,0,0,6.9,0,77.7,0,1,0.95,19,0,NORMAL,0
5507.03,1.69,0,1.0,0,0,1,0.0,0,88.8,0,1,0.97,18,0,NORMAL,0
4073.54,0.8,0,1.0,0,0,0,46.6,0,93.8,0,1,0.94,13,0,NORMAL,0
3068.73,0.17,0,1.0,0,0,0,28.7,0,93.2,0,1,0.93,13,0,NORMAL,0
49253.51,29.03,2,0.8,1,0,0,191.7,0,74.4,1,1,0.85,22,0,SUSPICIOUS,1
36490.6,21.06,2,0.8,1,0,0,177.6,0,65.2,1,2,0.86,9,0,SUSPICIOUS,1
1610.35,-0.74,1,1.0,0,0,0,21.7,0,89.5,0,1,0.95,10,0,NORMAL,0
3829.48,0.64,0,1.0,0,0,1,40.1,0,95.1,0,1,0.94,9,0,NORMAL,0
122594.71,74.87,2,0.2,7,1,0,2594.5,1,14.2,1,2,0.52,3,1,FRAUD,2
3804.36,0.63,0,0.8,0,0,1,2.5,0,81.0,0,1,0.91,15,0,NORMAL,0
26226.9,14.64,2,0.5,1,0,1,229.6,0,55.3,0,1,0.81,1,1,SUSPICIOUS,1
50.0,-1.72,0,0.8,0,0,1,25.0,0,79.5,0,1,0.9,16,0,NORMAL,0
5766.95,1.85,0,1.0,0,0,1,17.1,0,78.6,0,1,0.96,17,0,NORMAL,0
1414.82,-0.87,0,1.0,0,0,1,31.1,0,80.0,0,1,0.96,15,0,NORMAL,0
46559.06,27.35,1,0.5,1,1,1,218.9,0,46.5,1,1,0.74,20,0,SUSPICIOUS,1
3001.6,0.13,0,1.0,0,0,1,3.1,0,91.8,0,1,0.91,21,0,NORMAL,0
2711.62,-0.06,0,1.0,0,0,1,46.2,0,92.7,0,1,0.98,13,0,NORMAL,0
1517.69,-0.8,0,1.0,0,0,1,0.0,0,89.6,0,1,0.92,11,0,NORMAL,0
49911.19,29.44,2,0.8,1,1,1,297.2,0,73.3,0,1,0.75,4,1,SUSPICIOUS,1
2334.78,-0.29,0,1.0,0,0,1,35.1,0,86.5,0,1,0.94,13,0,NORMAL,0
25572.17,14.23,1,0.5,1,0,0,254.5,0,49.9,1,2,0.75,14,0,SUSPICIOUS,1
2438.45,-0.23,0,1.0,0,0,1,1.1,0,97.0,0,1,0.92,16,0,NORMAL,0
3045.74,0.15,0,1.0,0,0,0,0.0,0,76.0,0,1,0.96,15,0,NORMAL,0
5673.08,1.8,0,1.0,0,0,0,16.9,0,80.8,0,1,0.92,12,0,NORMAL,0
3079.77,0.17,0,1.0,0,0,1,21.1,0,79.4,0,1,0.96,20,0,NORMAL,0
3349.26,0.34,0,1.0,0,0,0,0.0,0,96.7,0,1,0.94,19,0,NORMAL,0
3778.07,0.61,0,1.0,0,0,1,27.8,0,76.2,0,1,0.93,17,0,NORMAL,0
640.96,-1.35,0,1.0,0,0,1,1.9,0,85.3,0,1,0.97,12,0,NORMAL,0
33180.4,18.99,2,0.5,2,0,1,328.6,0,69.4,1,1,0.73,5,1,SUSPICIOUS,1
1225.2,-0.98,0,0.8,0,0,1,10.0,0,92.2,0,1,0.92,10,0,NORMAL,0
3483.62,0.43,0,1.0,0,0,1,0.0,0,81.6,0,1,0.97,16,0,NORMAL,0
4734.35,1.21,0,1.0,0,0,1,8.4,0,91.3,0,1,0.99,9,0,NORMAL,0
2154.54,-0.4,0,1.0,0,0,1,39.6,0,88.6,0,1,0.93,14,0,NORMAL,0
144628.48,88.64,2,0.2,3,1,0,2347.1,1,29.9,1,2,0.24,2,1,FRAUD,2
1902.43,-0.56,0,1.0,0,0,1,58.6,0,96.1,1,1,0.93,20,0,NORMAL,0
2361.92,-0.27,0,1.0,0,0,1,9.3,0,86.5,0,1,0.98,13,0,NORMAL,0
190.46,-1.63,1,1.0,0,0,1,17.8,0,78.8,1,1,0.93,15,0,NORMAL,0
3292.5,0.31,0,1.0,0,0,1,27.7,0,91.0,0,1,0.93,14,0,NORMAL,0
819.06,-1.24,0,1.0,0,0,1,33.4,0,79.8,0,1,0.96,13,0,NORMAL,0
47122.35,27.7,1,0.8,1,1,0,125.0,0,50.5,1,2,0.77,20,0,SUSPICIOUS,1
1772.06,-0.64,0,1.0,0,0,1,23.2,0,81.6,0,1,0.93,12,0,NORMAL,0
1767.17,-0.65,0,1.0,0,0,1,23.1,0,79.9,0,1,0.95,20,0,NORMAL,0
50.0,-1.72,0,1.0,0,0,1,8.2,0,85.6,0,1,0.92,19,0,NORMAL,0
50.0,-1.72,0,1.0,0,0,0,45.4,0,75.6,0,1,0.93,19,0,NORMAL,0
3224.02,0.27,1,1.0,0,0,1,0.0,0,75.7,0,1,0.95,21,0,NORMAL,0
2824.21,0.02,0,1.0,0,0,1,26.4,0,86.4,0,1,0.9,21,0,NORMAL,0
4394.85,1.0,0,1.0,0,0,1,22.5,0,87.9,1,1,0.9,20,0,NORMAL,0
2266.03,-0.33,0,1.0,0,0,0,0.0,0,77.2,0,1,0.91,15,0,NORMAL,0
2925.67,0.08,0,1.0,0,0,1,29.5,0,86.6,0,1,0.92,20,0,NORMAL,0
4378.35,0.99,0,1.0,0,0,1,23.1,0,86.8,0,1,0.92,16,0,NORMAL,0
33237.86,19.02,2,0.8,2,0,0,193.4,0,47.7,1,2,0.79,7,1,SUSPICIOUS,1
2547.81,-0.16,0,1.0,0,0,1,26.0,0,88.9,0,1,0.93,10,0,NORMAL,0
3112.31,0.2,0,1.0,0,0,1,20.6,0,79.5,0,1,0.98,11,0,NORMAL,0
984.69,-1.13,0,1.0,0,0,1,0.0,0,76.3,0,1,0.93,19,0,NORMAL,0
1168.27,-1.02,0,1.0,0,0,0,0.0,0,78.9,0,1,0.93,13,0,NORMAL,0
2304.43,-0.31,0,1.0,0,0,1,29.3,0,90.8,0,1,0.93,10,0,NORMAL,0
2974.51,0.11,0,1.0,0,0,0,0.0,0,95.1,0,1,0.95,22,0,NORMAL,0
2536.94,-0.16,0,1.0,0,0,0,21.6,0,82.4,0,1,0.95,18,0,NORMAL,0
32713.59,18.7,1,0.8,2,0,0,256.2,0,74.4,1,1,0.73,18,0,SUSPICIOUS,1
3378.71,0.36,0,1.0,0,0,1,3.3,0,79.8,0,1,0.92,18,0,NORMAL,0
39412.1,22.88,2,0.8,1,1,0,144.6,0,68.9,1,1,0.79,15,0,SUSPICIOUS,1
4010.11,0.76,0,1.0,0,0,1,26.3,0,89.5,0,1,0.99,11,0,NORMAL,0
50.0,-1.72,0,1.0,0,0,1,17.1,0,92.7,0,1,0.93,17,0,NORMAL,0
43769.7,25.61,2,0.8,1,0,1,158.6,0,68.0,1,2,0.84,4,1,SUSPICIOUS,1
3443.79,0.4,0,1.0,0,0,1,7.2,0,94.7,0,1,0.95,20,0,NORMAL,0
65.07,-1.71,0,1.0,0,0,1,0.0,0,80.5,0,1,0.97,9,0,NORMAL,0
524.18,-1.42,0,1.0,0,0,1,15.8,0,99.6,0,1,0.93,10,0,NORMAL,0
110743.43,67.46,2,0.2,5,1,0,1713.4,1,28.8,1,3,0.12,4,1,FRAUD,2
123908.72,75.69,2,0.2,4,1,0,2380.9,1,24.7,1,2,0.27,0,1,FRAUD,2
2454.78,-0.22,0,1.0,0,0,1,0.0,0,88.7,0,1,0.91,20,0,NORMAL,0
50.0,-1.72,0,1.0,0,0,1,35.2,0,80.1,0,1,0.97,22,0,NORMAL,0
4286.13,0.93,0,1.0,0,0,0,17.3,0,87.2,1,1,0.97,16,0,NORMAL,0
1963.46,-0.52,0,0.8,0,0,1,0.0,0,87.8,0,1,0.98,11,0,NORMAL,0
111991.77,68.24,2,0.0,7,1,0,2739.7,1,5.7,1,3,0.42,2,1,FRAUD,2
2342.35,-0.29,0,1.0,0,0,1,17.7,0,80.9,0,1,0.92,14,0,NORMAL,0
3494.07,0.43,0,1.0,0,0,1,5.5,0,84.1,0,1,0.91,14,0,NORMAL,0
136611.48,83.63,2,0.0,7,1,0,1729.4,1,6.5,1,2,0.18,2,1,FRAUD,2
4171.18,0.86,0,1.0,0,0,1,29.0,0,75.3,0,1,0.96,16,0,NORMAL,0
116525.08,71.08,2,0.0,4,1,0,3464.9,1,20.2,1,2,0.44,3,1,FRAUD,2
3845.0,0.65,0,1.0,0,0,0,31.9,0,75.0,0,1,0.96,13,0,NORMAL,0
4380.98,0.99,0,1.0,0,0,1,41.0,0,77.8,0,1,0.92,16,0,NORMAL,0
4409.61,1.01,0,1.0,0,0,1,55.3,0,99.8,0,1,0.9,11,0,NORMAL,0
67663.61,40.54,2,0.0,4,1,0,2394.5,1,28.0,1,4,0.45,3,1,FRAUD,2
343.78,-1.54,0,1.0,0,0,1,7.8,0,99.7,0,1,0.91,14,0,NORMAL,0
2608.22,-0.12,1,1.0,0,0,1,11.8,0,96.2,0,1,0.97,11,0,NORMAL,0
3049.22,0.16,0,1.0,0,0,1,34.9,0,80.1,0,1,0.98,22,0,NORMAL,0
1660.18,-0.71,0,1.0,0,0,0,0.0,0,75.2,0,1,0.93,22,0,NORMAL,0
651.77,-1.34,0,1.0,0,0,1,6.9,0,92.1,0,1,0.95,10,0,NORMAL,0
3684.22,0.55,0,0.8,0,0,0,0.0,0,85.5,0,1,0.93,15,0,NORMAL,0
3023.33,0.14,0,1.0,0,0,0,46.4,0,84.1,0,1,0.94,14,0,NORMAL,0
30441.1,17.28,1,0.5,1,0,0,244.5,0,63.4,1,2,0.82,10,0,SUSPICIOUS,1
860.32,-1.21,0,1.0,0,0,1,20.7,0,89.4,0,1,0.92,18,0,NORMAL,0
41208.72,24.01,1,0.8,2,1,0,263.4,0,74.4,1,1,0.81,8,0,SUSPICIOUS,1
1609.92,-0.74,1,1.0,0,0,1,63.4,0,90.9,0,1,0.93,14,0,NORMAL,0
1062.63,-1.09,0,1.0,0,0,1,52.1,0,87.6,0,1,0.95,21,0,NORMAL,0
6482.43,2.3,0,1.0,0,0,1,36.5,0,90.1,0,1,0.97,21,0,NORMAL,0
4466.46,1.04,0,1.0,0,0,1,0.0,0,93.2,0,1,0.98,20,0,NORMAL,0
1113.66,-1.05,0,1.0,0,0,1,6.8,0,87.5,0,1,0.91,11,0,NORMAL,0
690.85,-1.32,0,1.0,0,0,1,31.7,0,97.4,0,1,0.99,21,0,NORMAL,0
48491.89,28.56,1,0.5,1,0,1,203.0,0,47.1,0,1,0.75,1,1,SUSPICIOUS,1
1821.96,-0.61,1,1.0,0,0,1,9.6,0,84.9,0,1,0.98,15,0,NORMAL,0
4648.24,1.16,0,1.0,0,0,1,23.9,0,89.5,0,1,0.95,18,0,NORMAL,0
5931.05,1.96,0,1.0,0,0,1,0.0,0,87.6,0,1,0.91,14,0,NORMAL,0
25267.51,14.04,1,0.5,2,0,1,310.9,0,59.4,1,1,0.8,20,0,SUSPICIOUS,1
3675.03,0.55,0,1.0,1,0,1,3.4,0,84.9,0,1,0.98,17,0,NORMAL,0
1657.44,-0.71,0,1.0,0,0,1,24.4,0,99.3,1,1,0.95,12,0,NORMAL,0
4707.08,1.19,0,0.8,0,0,1,29.6,0,81.7,0,1,0.92,13,0,NORMAL,0
2001.36,-0.5,0,1.0,0,0,1,0.0,0,85.8,0,1,0.95,9,0,NORMAL,0
590.31,-1.38,0,1.0,1,0,1,28.1,0,81.0,0,1,0.97,21,0,NORMAL,0
911.9,-1.18,1,1.0,0,0,1,23.7,0,87.1,0,1,0.96,9,0,NORMAL,0
46586.15,27.37,1,0.8,1,1,0,179.1,0,53.2,0,1,0.72,8,0,SUSPICIOUS,1
1098.42,-1.06,1,1.0,0,0,1,17.2,0,79.4,0,1,0.93,13,0,NORMAL,0
4893.48,1.31,0,1.0,0,0,1,0.0,0,75.1,0,1,0.95,21,0,NORMAL,0
2607.44,-0.12,0,1.0,0,0,1,0.0,0,81.9,0,1,0.93,19,0,NORMAL,0
5302.62,1.56,1,1.0,0,0,0,3.1,0,78.6,0,1,0.93,18,0,NORMAL,0
50.0,-1.72,0,0.8,0,0,1,11.1,0,81.9,0,1,0.99,9,0,NORMAL,0
100213.99,60.88,2,0.2,7,1,0,1593.9,1,28.4,1,3,0.14,3,1,FRAUD,2
2383.21,-0.26,0,1.0,0,0,1,19.8,0,88.3,1,1,0.96,13,0,NORMAL,0
141658.0,86.79,2,0.2,3,1,0,2953.7,1,16.3,1,2,0.26,23,1,FRAUD,2
1142.54,-1.04,0,1.0,1,0,1,0.0,0,98.5,0,1,0.94,19,0,NORMAL,0
3033.11,0.15,1,1.0,0,0,1,5.0,0,93.7,0,1,0.94,9,0,NORMAL,0
44184.84,25.87,1,0.5,1,0,0,173.3,0,54.3,1,1,0.8,21,0,SUSPICIOUS,1
4907.26,1.32,0,1.0,0,0,0,32.3,0,95.1,0,1,0.98,20,0,NORMAL,0
4537.41,1.09,1,0.8,0,0,1,3.7,0,79.1,0,1,0.95,10,0,NORMAL,0
3663.38,0.54,1,1.0,0,0,1,0.0,0,91.5,1,1,0.9,18,0,NORMAL,0
4533.26,1.08,0,1.0,0,0,0,18.4,0,90.6,0,1,0.92,18,0,NORMAL,0
762.12,-1.27,0,1.0,0,0,1,0.0,0,91.9,0,1,0.98,10,0,NORMAL,0
1598.65,-0.75,0,1.0,0,0,1,34.6,0,88.7,0,1,0.98,13,0,NORMAL,0
3736.57,0.59,1,1.0,0,0,0,8.0,0,80.9,1,1,0.92,19,0,NORMAL,0
1302.77,-0.94,0,1.0,0,0,1,30.0,0,89.8,1,1,0.97,12,0,NORMAL,0
5831.25,1.89,1,1.0,0,0,1,7.4,0,77.0,0,1,0.92,16,0,NORMAL,0
2772.77,-0.02,0,1.0,0,0,1,5.7,0,77.3,0,1,0.99,22,0,NORMAL,0
26475.42,14.8,1,0.5,1,1,1,95.5,0,55.8,1,2,0.85,23,1,SUSPICIOUS,1
2743.46,-0.04,0,1.0,0,0,1,39.8,0,84.5,0,1,0.93,13,0,NORMAL,0
2586.18,-0.13,0,0.8,0,0,1,12.9,0,86.6,0,1,0.91,19,0,NORMAL,0
4644.7,1.15,0,1.0,0,0,1,7.3,0,92.8,0,1,0.97,22,0,NORMAL,0
2818.53,0.01,0,1.0,1,0,1,0.0,0,97.2,0,1,0.92,12,0,NORMAL,0
115919.47,70.7,2,0.2,5,1,0,1662.7,1,25.2,1,2,0.39,0,1,FRAUD,2
2954.54,0.1,0,1.0,0,0,1,37.8,0,94.0,0,1,0.96,14,0,NORMAL,0
3244.34,0.28,0,1.0,0,0,1,0.0,0,77.6,0,1,0.95,17,0,NORMAL,0
41406.93,24.13,2,0.8,2,0,0,332.1,0,47.5,0,2,0.88,3,1,SUSPICIOUS,1
787.31,-1.26,0,1.0,0,0,1,0.0,0,77.7,0,1,0.99,10,0,NORMAL,0
34189.05,19.62,1,0.8,1,0,1,191.2,0,72.2,1,1,0.79,2,1,SUSPICIOUS,1
4384.08,0.99,0,1.0,0,0,1,0.0,0,88.2,0,1,0.93,16,0,NORMAL,0
45785.06,26.87,1,0.8,1,1,1,181.7,0,66.9,1,1,0.86,20,0,SUSPICIOUS,1
6156.62,2.1,0,1.0,0,0,1,24.6,0,93.5,0,1,0.97,21,0,NORMAL,0
32984.03,18.87,1,0.8,1,0,0,148.6,0,49.6,1,1,0.73,16,0,SUSPICIOUS,1
4331.89,0.96,0,0.8,0,0,1,38.5,0,78.2,0,1,0.96,13,0,NORMAL,0
3548.15,0.47,0,0.8,0,0,1,2.0,0,76.7,0,1,0.98,18,0,NORMAL,0
3912.54,0.7,0,1.0,0,0,1,33.1,0,92.8,0,1,0.93,21,0,NORMAL,0
113247.9,69.03,2,0.2,6,1,0,2194.6,1,7.7,1,2,0.34,0,1,FRAUD,2
1915.11,-0.55,0,1.0,0,0,1,41.8,0,90.7,0,1,0.91,14,0,NORMAL,0
1003.86,-1.12,0,1.0,0,0,1,0.0,0,95.6,0,1,0.94,17,0,NORMAL,0
1369.22,-0.89,0,1.0,0,0,1,14.1,0,82.1,0,1,0.93,16,0,NORMAL,0
148023.7,90.76,2,0.0,5,1,0,2519.3,1,12.5,1,3,0.2,0,1,FRAUD,2
484.26,-1.45,1,1.0,0,0,1,0.0,0,82.6,0,1,0.91,10,0,NORMAL,0
29820.57,16.89,2,0.5,2,0,0,233.2,0,47.0,1,1,0.75,10,0,SUSPICIOUS,1
1600.59,-0.75,0,1.0,0,0,1,38.1,0,93.6,0,1,0.95,12,0,NORMAL,0
4825.92,1.27,0,1.0,0,0,1,30.6,0,95.2,0,1,0.98,10,0,NORMAL,0
1756.73,-0.65,0,1.0,0,0,1,0.0,0,75.9,0,1,0.92,22,0,NORMAL,0
2618.96,-0.11,0,1.0,0,0,1,21.5,0,89.4,0,1,0.97,19,0,NORMAL,0
36003.35,20.75,1,0.8,1,0,1,272.6,0,69.2,1,1,0.8,21,0,SUSPICIOUS,1
3600.79,0.5,0,0.8,0,0,1,26.7,0,88.6,0,1,0.91,15,0,NORMAL,0
781.52,-1.26,0,1.0,0,0,1,12.5,0,77.5,0,1,0.98,17,0,NORMAL,0
823.31,-1.24,0,1.0,0,0,1,0.0,0,94.7,0,1,0.98,15,0,NORMAL,0
83617.58,50.51,2,0.0,7,1,0,1202.6,1,24.2,1,2,0.23,1,1,FRAUD,2
2693.84,-0.07,0,1.0,0,0,1,9.6,0,97.6,1,1,0.9,11,0,NORMAL,0
2242.76,-0.35,0,1.0,0,0,1,38.5,0,85.6,1,1,0.91,19,0,NORMAL,0
3268.71,0.29,0,1.0,0,0,0,26.5,0,97.2,0,1,0.94,9,0,NORMAL,0
4705.27,1.19,1,1.0,0,0,1,20.6,0,95.6,0,1,0.99,18,0,NORMAL,0
1886.84,-0.57,0,1.0,0,0,1,0.0,0,84.7,0,1,0.95,11,0,NORMAL,0
98260.99,59.66,2,0.0,4,1,0,3806.7,1,9.3,1,3,0.4,2,1,FRAUD,2
50.0,-1.72,0,1.0,0,0,1,0.0,0,82.3,0,1,0.93,9,0,NORMAL,0
1058.52,-1.09,1,1.0,0,0,1,0.0,0,86.7,0,1,0.92,20,0,NORMAL,0
4700.18,1.19,0,1.0,0,0,1,0.0,0,92.8,0,1,0.95,15,0,NORMAL,0
2653.46,-0.09,0,1.0,0,0,1,0.0,0,87.2,0,1,0.94,18,0,NORMAL,0
5305.68,1.57,0,1.0,0,0,1,23.7,0,96.8,0,1,0.92,17,0,NORMAL,0
712.96,-1.3,0,1.0,0,0,1,14.5,0,92.9,0,1,0.99,9,0,NORMAL,0
50.0,-1.72,0,1.0,0,0,0,17.3,0,85.3,0,1,0.96,20,0,NORMAL,0
3274.2,0.3,0,1.0,1,0,1,32.6,0,99.9,1,1,0.96,17,0,NORMAL,0
26626.93,14.89,1,0.5,1,1,1,99.8,0,71.8,1,1,0.87,4,1,SUSPICIOUS,1
47985.99,28.24,2,0.5,1,0,1,289.9,0,52.3,0,1,0.86,16,0,SUSPICIOUS,1
147937.18,90.71,2,0.2,4,1,0,1480.8,1,28.4,1,2,0.23,4,1,FRAUD,2
3179.87,0.24,0,1.0,0,0,1,35.3,0,87.1,0,1,0.96,20,0,NORMAL,0
3111.79,0.19,0,0.8,0,0,1,35.9,0,99.2,1,1,0.91,20,0,NORMAL,0
4651.71,1.16,0,1.0,0,0,1,25.3,0,77.5,0,1,0.97,11,0,NORMAL,0
2012.92,-0.49,0,1.0,0,0,1,12.3,0,97.6,1,1,0.95,22,0,NORMAL,0
2925.26,0.08,0,1.0,0,0,1,0.0,0,86.5,0,1,0.97,19,0,NORMAL,0
2456.35,-0.21,0,1.0,0,0,1,0.0,0,94.4,0,1,0.95,10,0,NORMAL,0
3488.42,0.43,0,1.0,0,0,1,0.0,0,77.1,0,1,0.91,17,0,NORMAL,0
139980.85,85.74,2,0.0,4,1,0,2731.1,1,18.4,1,2,0.42,2,1,FRAUD,2
120146.77,73.34,2,0.2,6,1,0,4105.3,1,25.2,1,3,0.17,5,1,FRAUD,2
4116.88,0.82,0,1.0,0,0,1,11.4,0,81.7,1,1,0.95,18,0,NORMAL,0
2982.45,0.11,0,1.0,0,0,1,43.5,0,79.8,0,1,0.9,11,0,NORMAL,0
1647.35,-0.72,0,1.0,0,0,0,0.0,0,98.3,0,1,0.93,17,0,NORMAL,0
31097.88,17.69,2,0.8,1,0,1,201.5,0,59.0,0,2,0.86,10,0,SUSPICIOUS,1
1129.5,-1.04,0,1.0,0,0,1,3.5,0,97.7,0,1,0.98,15,0,NORMAL,0
4640.7,1.15,1,1.0,0,0,1,19.9,0,80.7,0,1,0.92,16,0,NORMAL,0
50.0,-1.72,0,1.0,0,0,1,16.5,0,77.2,0,1,0.94,17,0,NORMAL,0
47579.8,27.99,1,0.5,1,0,1,207.1,0,53.3,1,1,0.88,1,1,SUSPICIOUS,1
2377.66,-0.26,0,1.0,1,0,1,25.1,0,83.7,0,1,0.97,13,0,NORMAL,0
4035.89,0.77,0,1.0,0,0,0,14.5,0,76.2,0,1,0.91,13,0,NORMAL,0
3237.98,0.27,0,1.0,0,0,1,0.0,0,84.7,0,1,0.95,20,0,NORMAL,0
3301.36,0.31,0,0.8,0,0,1,0.0,0,79.1,0,1,0.98,19,0,NORMAL,0
29990.3,16.99,2,0.8,1,0,1,118.5,0,67.9,0,1,0.76,18,0,SUSPICIOUS,1
1050.28,-1.09,0,1.0,0,0,1,36.2,0,95.7,0,1,0.98,10,0,NORMAL,0
50.0,-1.72,0,1.0,0,0,1,0.0,0,81.4,0,1,0.97,21,0,NORMAL,0
27897.11,15.69,2,0.8,1,0,0,311.2,0,68.6,1,1,0.88,9,0,SUSPICIOUS,1
199.6,-1.63,1,1.0,0,0,1,8.7,0,89.4,0,1,0.97,15,0,NORMAL,0
2454.97,-0.22,0,1.0,0,0,0,17.6,0,79.7,0,1,0.91,10,0,NORMAL,0
3717.21,0.57,1,1.0,0,0,0,3.2,0,82.5,0,1,0.98,20,0,NORMAL,0
357.98,-1.53,0,1.0,0,0,1,43.8,0,98.9,0,1,0.93,22,0,NORMAL,0
47532.0,27.96,1,0.5,1,0,0,334.1,0,65.6,0,1,0.87,18,0,SUSPICIOUS,1
3146.31,0.22,0,1.0,0,0,1,20.4,0,97.3,0,1,0.9,19,0,NORMAL,0
1054.05,-1.09,0,1.0,0,0,1,0.2,0,89.6,1,1,0.95,15,0,NORMAL,0
322.83,-1.55,0,1.0,0,0,1,23.7,0,96.7,0,1,0.92,12,0,NORMAL,0
1635.47,-0.73,0,1.0,1,0,1,0.0,0,81.2,0,1,0.95,17,0,NORMAL,0
2369.65,-0.27,0,1.0,0,0,1,13.1,0,94.1,0,1,0.94,15,0,NORMAL,0
3177.86,0.24,0,1.0,0,0,1,9.3,0,75.1,0,1,0.96,13,0,NORMAL,0
4244.83,0.9,0,1.0,0,0,1,24.2,0,93.3,0,1,0.94,13,0,NORMAL,0
6183.68,2.11,0,1.0,0,0,1,0.0,0,88.2,0,1,0.92,15,0,NORMAL,0
3393.32,0.37,0,1.0,0,0,0,39.3,0,97.6,0,1,0.93,16,0,NORMAL,0
145330.31,89.08,2,0.2,7,1,0,4334.7,1,28.8,1,3,0.39,1,1,FRAUD,2
30589.57,17.37,2,0.5,1,0,0,107.8,0,71.2,0,1,0.88,0,1,SUSPICIOUS,1
3152.61,0.22,0,1.0,0,0,1,7.5,0,90.7,0,1,0.92,18,0,NORMAL,0
2851.93,0.03,0,1.0,0,0,1,41.8,0,93.8,0,1,0.92,16,0,NORMAL,0
3281.19,0.3,0,1.0,0,0,1,0.0,0,87.4,0,1,0.93,15,0,NORMAL,0
47113.74,27.7,2,0.8,1,0,0,349.6,0,55.7,1,1,0.78,9,0,SUSPICIOUS,1
4155.14,0.85,0,1.0,0,0,1,23.8,0,78.5,0,1,0.92,22,0,NORMAL,0
50.0,-1.72,0,1.0,0,0,1,3.2,0,82.0,0,1,0.99,22,0,NORMAL,0
4257.64,0.91,0,1.0,0,0,1,0.0,0,95.5,0,1,0.93,16,0,NORMAL,0
50.0,-1.72,0,1.0,0,0,1,0.0,0,84.0,0,1,0.95,20,0,NORMAL,0
27113.68,15.2,2,0.5,1,0,1,224.0,0,66.2,1,2,0.73,7,1,SUSPICIOUS,1
3649.22,0.53,0,1.0,1,0,1,17.2,0,76.8,0,1,0.99,10,0,NORMAL,0
31043.37,17.65,1,0.5,1,0,0,229.7,0,58.9,1,1,0.72,7,1,SUSPICIOUS,1
4882.89,1.3,0,1.0,0,0,1,56.6,0,99.2,0,1,0.94,10,0,NORMAL,0
5401.15,1.63,0,1.0,0,0,1,0.0,0,99.7,0,1,0.97,11,0,NORMAL,0
2286.77,-0.32,0,1.0,0,0,1,22.4,0,76.9,0,1,0.93,9,0,NORMAL,0
2160.81,-0.4,0,1.0,0,0,0,9.9,0,78.9,0,1,0.93,15,0,NORMAL,0
31020.09,17.64,2,0.8,1,1,1,297.7,0,72.8,1,1,0.89,5,1,SUSPICIOUS,1
2183.6,-0.39,0,1.0,0,0,0,13.3,0,85.6,0,1,0.91,15,0,NORMAL,0
26784.93,14.99,1,0.8,2,0,0,260.3,0,61.0,0,1,0.79,1,1,SUSPICIOUS,1
1194.94,-1.0,0,1.0,0,0,1,23.2,0,89.6,0,1,0.93,17,0,NORMAL,0
3454.74,0.41,0,0.8,0,0,0,28.4,0,86.8,0,1,0.95,11,0,NORMAL,0
4367.77,0.98,0,0.8,0,0,1,0.0,0,89.8,0,1,0.92,12,0,NORMAL,0
42418.75,24.76,1,0.5,1,0,0,137.3,0,60.0,1,1,0.85,18,0,SUSPICIOUS,1
5315.21,1.57,0,1.0,0,0,0,45.0,0,83.6,0,1,0.92,10,0,NORMAL,0
6902.04,2.56,0,0.8,0,0,1,1.1,0,76.2,0,1,0.95,16,0,NORMAL,0
41529.46,24.21,1,0.8,1,1,1,308.8,0,62.5,1,1,0.8,0,1,SUSPICIOUS,1
1849.67,-0.59,0,1.0,0,0,1,2.3,0,84.3,1,1,0.95,13,0,NORMAL,0
2272.13,-0.33,0,1.0,0,0,1,8.1,0,85.8,0,1,0.94,21,0,NORMAL,0
1035.5,-1.1,0,1.0,0,0,1,0.0,0,81.5,0,1,0.93,21,0,NORMAL,0
133182.34,81.49,2,0.0,7,1,0,2557.0,1,9.6,1,2,0.23,23,1,FRAUD,2
3180.7,0.24,0,1.0,0,0,1,47.8,0,95.7,0,1,0.96,22,0,NORMAL,0
2902.25,0.06,0,1.0,0,0,1,40.2,0,84.8,0,1,0.97,14,0,NORMAL,0
747.81,-1.28,0,1.0,1,0,0,0.1,0,79.2,0,1,0.94,19,0,NORMAL,0
3396.09,0.37,0,1.0,0,0,1,9.4,0,86.8,0,1,0.94,20,0,NORMAL,0
48774.62,28.73,1,0.8,1,1,0,326.9,0,51.6,1,1,0.8,23,1,SUSPICIOUS,1
149741.78,91.84,2,0.0,7,1,0,2598.4,1,23.5,1,3,0.28,5,1,FRAUD,2
50.0,-1.72,1,1.0,0,0,1,0.0,0,97.1,0,1,0.97,19,0,NORMAL,0
1811.55,-0.62,0,1.0,0,0,0,0.0,0,82.4,1,1,0.94,13,0,NORMAL,0
34422.02,19.76,2,0.8,2,0,1,281.4,0,57.4,1,2,0.81,19,0,SUSPICIOUS,1
117595.91,71.75,2,0.0,6,1,0,2005.4,1,23.4,1,2,0.37,3,1,FRAUD,2
79.19,-1.7,0,1.0,0,0,1,0.0,0,87.6,0,1,0.9,15,0,NORMAL,0
1764.88,-0.65,1,0.8,0,0,1,15.1,0,80.5,1,1,0.97,17,0,NORMAL,0
1779.21,-0.64,0,1.0,0,0,1,0.0,0,85.9,0,1,0.93,22,0,NORMAL,0
6965.4,2.6,0,1.0,0,0,1,30.7,0,90.6,0,1,0.96,11,0,NORMAL,0
4526.02,1.08,0,1.0,1,0,1,0.0,0,78.4,0,1,0.91,15,0,NORMAL,0
1402.66,-0.87,0,1.0,0,0,1,21.8,0,82.5,1,1,0.95,22,0,NORMAL,0
26298.05,14.69,2,0.5,1,1,0,188.7,0,71.5,1,1,0.84,4,1,SUSPICIOUS,1
4844.59,1.28,0,0.8,0,0,1,10.0,0,79.0,0,1,0.92,10,0,NORMAL,0
2687.45,-0.07,0,1.0,0,0,1,0.0,0,86.3,0,1,0.95,12,0,NORMAL,0
2588.83,-0.13,0,1.0,0,0,1,37.5,0,80.3,0,1,0.94,19,0,NORMAL,0
795.02,-1.25,0,1.0,0,0,1,0.0,0,90.7,0,1,0.98,21,0,NORMAL,0
25186.09,13.99,1,0.8,2,0,0,115.1,0,59.8,1,1,0.78,5,1,SUSPICIOUS,1
3295.08,0.31,0,1.0,0,0,1,8.2,0,80.9,0,1,0.93,16,0,NORMAL,0
3609.46,0.51,0,0.8,0,0,1,3.9,0,93.0,0,1,0.95,19,0,NORMAL,0
1117.02,-1.05,0,1.0,0,0,1,11.6,0,88.9,0,1,0.97,14,0,NORMAL,0
2138.86,-0.41,0,1.0,0,0,1,25.3,0,88.9,0,1,0.91,10,0,NORMAL,0
1115.22,-1.05,0,1.0,0,0,1,25.0,0,99.7,0,1,0.94,20,0,NORMAL,0
115298.53,70.31,2,0.2,4,1,0,1200.1,1,28.2,1,4,0.24,4,1,FRAUD,2
4660.88,1.16,1,1.0,0,0,1,41.3,0,84.7,0,1,0.95,17,0,NORMAL,0
3858.52,0.66,0,1.0,0,0,1,0.0,0,78.6,0,1,0.96,11,0,NORMAL,0
2770.81,-0.02,0,1.0,0,0,0,37.4,0,99.4,1,1,0.99,22,0,NORMAL,0
75887.61,45.68,2,0.2,4,1,0,3532.3,1,26.1,1,3,0.5,1,1,FRAUD,2
2153.1,-0.4,1,1.0,0,0,1,9.1,0,95.2,0,1,0.97,19,0,NORMAL,0
1321.26,-0.92,0,1.0,0,0,0,22.0,0,87.7,0,1,0.91,9,0,NORMAL,0
3975.86,0.73,0,1.0,0,0,1,30.9,0,79.3,0,1,0.92,16,0,NORMAL,0
3544.57,0.47,0,1.0,0,0,1,0.3,0,79.5,0,1,0.92,13,0,NORMAL,0
39764.67,23.1,1,0.8,1,0,0,207.5,0,58.4,0,2,0.87,16,0,SUSPICIOUS,1
2196.56,-0.38,0,1.0,0,0,1,52.5,0,81.3,0,1,0.96,18,0,NORMAL,0
1859.5,-0.59,1,1.0,0,0,1,20.3,0,78.8,0,1,0.98,18,0,NORMAL,0
33904.95,19.44,2,0.5,1,0,0,269.4,0,61.4,0,1,0.73,13,0,SUSPICIOUS,1
1949.42,-0.53,0,1.0,0,0,1,8.1,0,81.9,0,1,0.92,16,0,NORMAL,0
4064.99,0.79,0,1.0,0,0,1,0.0,0,95.9,0,1,0.93,11,0,NORMAL,0
34657.85,19.91,1,0.5,1,0,0,170.0,0,63.8,1,1,0.82,23,1,SUSPICIOUS,1
4191.34,0.87,0,1.0,0,0,1,29.5,0,93.8,0,1,0.99,16,0,NORMAL,0
4274.36,0.92,0,0.8,0,0,1,6.5,0,97.1,0,1,0.91,15,0,NORMAL,0
117011.57,71.38,2,0.0,3,1,0,3522.7,1,17.4,1,4,0.55,1,1,FRAUD,2
5358.39,1.6,0,1.0,0,0,1,33.7,0,99.0,0,1,0.96,16,0,NORMAL,0
2927.87,0.08,0,1.0,0,0,1,0.0,0,96.0,0,1,0.95,9,0,NORMAL,0
50.0,-1.72,0,0.8,0,0,1,0.0,0,79.5,0,1,0.95,20,0,NORMAL,0
1807.43,-0.62,1,1.0,1,0,1,9.9,0,95.2,0,1,0.94,17,0,NORMAL,0
2597.22,-0.13,0,1.0,0,0,1,11.6,0,91.6,0,1,0.96,20,0,NORMAL,0
1480.32,-0.82,1,0.8,0,0,1,38.0,0,81.5,0,1,0.92,17,0,NORMAL,0
3260.03,0.29,0,1.0,0,0,1,16.3,0,80.1,0,1,0.92,19,0,NORMAL,0
86363.42,52.23,2,0.0,4,1,0,3261.1,1,23.3,1,3,0.45,2,1,FRAUD,2
2049.14,-0.47,0,1.0,0,0,1,25.2,0,77.3,0,1,0.91,15,0,NORMAL,0
122603.64,74.88,2,0.2,5,1,0,1417.8,1,17.3,1,2,0.49,5,1,FRAUD,2
3493.11,0.43,0,1.0,0,0,1,0.0,0,96.4,1,1,0.97,12,0,NORMAL,0
3712.94,0.57,0,1.0,0,0,1,9.8,0,84.9,0,1,0.93,10,0,NORMAL,0
2003.95,-0.5,1,1.0,0,0,1,9.0,0,85.4,0,1,0.98,13,0,NORMAL,0
30353.8,17.22,1,0.8,1,0,0,273.6,0,48.1,0,1,0.84,15,0,SUSPICIOUS,1
1051.6,-1.09,0,0.8,0,0,1,12.3,0,94.8,0,1,0.9,10,0,NORMAL,0
608.75,-1.37,0,1.0,0,0,1,53.5,0,80.6,0,1,0.94,11,0,NORMAL,0
87802.87,53.13,2,0.0,5,1,0,1522.8,1,22.6,1,4,0.25,3,1,FRAUD,2
32326.75,18.45,2,0.5,1,1,0,165.8,0,53.4,1,1,0.77,5,1,SUSPICIOUS,1
1539.63,-0.79,0,1.0,0,0,1,56.9,0,79.7,0,1,0.98,22,0,NORMAL,0
1023.16,-1.11,1,1.0,0,0,0,29.4,0,96.5,0,1,0.93,11,0,NORMAL,0
4023.23,0.76,0,1.0,0,0,1,27.5,0,93.9,0,1,0.99,10,0,NORMAL,0
1887.41,-0.57,1,1.0,0,0,1,51.1,0,86.6,0,1,0.97,13,0,NORMAL,0
2961.52,0.1,0,1.0,0,0,1,27.7,0,82.3,0,1,0.96,14,0,NORMAL,0
1788.81,-0.63,0,1.0,0,0,0,35.4,0,95.0,1,1,0.97,19,0,NORMAL,0
44679.0,26.17,2,0.5,1,0,0,203.2,0,60.2,1,1,0.71,13,0,SUSPICIOUS,1
101651.03,61.78,2,0.2,3,1,0,2039.3,1,6.1,1,2,0.41,5,1,FRAUD,2
3355.6,0.35,0,0.8,0,0,0,20.7,0,88.5,0,1,0.99,17,0,NORMAL,0
1338.97,-0.91,0,1.0,0,0,1,28.9,0,80.7,0,1,0.91,11,0,NORMAL,0
168.84,-1.64,0,1.0,0,0,1,9.9,0,81.0,0,1,0.97,15,0,NORMAL,0
3057.07,0.16,0,1.0,0,0,1,5.8,0,90.9,0,1,0.99,19,0,NORMAL,0
3144.35,0.22,0,1.0,0,0,1,0.0,0,83.8,0,1,0.98,21,0,NORMAL,0
332.82,-1.54,1,1.0,0,0,1,13.0,0,78.2,0,1,0.92,15,0,NORMAL,0
1348.57,-0.91,0,1.0,0,0,1,43.5,0,97.9,0,1,0.91,10,0,NORMAL,0
2599.96,-0.13,0,1.0,0,0,1,17.3,0,95.9,0,1,0.98,21,0,NORMAL,0
1935.83,-0.54,0,1.0,0,0,0,56.1,0,97.0,0,1,0.93,20,0,NORMAL,0
46960.26,27.6,1,0.8,1,0,1,169.4,0,45.2,1,2,0.77,17,0,SUSPICIOUS,1
2859.33,0.04,0,1.0,0,0,1,15.7,0,80.9,0,1,0.94,21,0,NORMAL,0
37119.99,21.45,1,0.8,1,0,0,90.8,0,56.3,1,2,0.81,5,1,SUSPICIOUS,1
44328.25,25.96,1,0.8,1,0,0,180.7,0,50.5,1,1,0.81,18,0,SUSPICIOUS,1
1035.31,-1.1,0,1.0,0,0,1,0.0,0,99.9,0,1,0.93,16,0,NORMAL,0
656.18,-1.34,0,1.0,0,0,1,12.6,0,82.7,0,1,0.99,14,0,NORMAL,0
2882.67,0.05,0,1.0,0,0,1,0.0,0,99.3,0,1,0.99,21,0,NORMAL,0
5215.18,1.51,0,0.8,0,0,0,13.7,0,99.0,0,1,0.95,13,0,NORMAL,0
2977.48,0.11,0,0.8,0,0,0,25.0,0,79.0,0,1,0.92,19,0,NORMAL,0
3424.52,0.39,0,0.8,0,0,1,2.1,0,77.1,0,1,0.94,13,0,NORMAL,0
46023.06,27.01,1,0.8,1,0,1,323.0,0,53.7,1,1,0.85,3,1,SUSPICIOUS,1
43326.22,25.33,2,0.8,1,0,1,222.2,0,69.7,0,1,0.83,11,0,SUSPICIOUS,1
1633.03,-0.73,1,1.0,0,0,1,5.6,0,94.3,0,1,0.97,20,0,NORMAL,0
25859.21,14.41,1,0.5,2,0,1,311.7,0,61.4,1,1,0.79,8,0,SUSPICIOUS,1
48032.37,28.27,2,0.5,2,1,1,169.2,0,49.7,0,2,0.83,18,0,SUSPICIOUS,1
41270.63,24.04,2,0.8,1,1,0,174.8,0,68.9,0,2,0.76,12,0,SUSPICIOUS,1
3161.69,0.23,0,1.0,0,0,1,9.9,0,94.6,1,1,0.91,22,0,NORMAL,0
97378.35,59.11,2,0.0,5,1,0,3185.6,1,6.7,1,2,0.32,0,1,FRAUD,2
1697.47,-0.69,1,1.0,0,0,1,11.6,0,93.1,0,1,0.93,19,0,NORMAL,0
27548.86,15.47,2,0.8,1,1,0,347.5,0,70.6,1,1,0.7,14,0,SUSPICIOUS,1
99952.77,60.72,2,0.0,4,1,0,2932.8,1,23.5,1,3,0.17,0,1,FRAUD,2
40629.38,23.64,1,0.8,2,1,0,185.1,0,52.4,1,1,0.74,18,0,SUSPICIOUS,1
50.0,-1.72,0,1.0,0,0,0,32.0,0,79.6,0,1,0.92,10,0,NORMAL,0
2704.43,-0.06,0,1.0,1,0,1,58.9,0,90.1,0,1,0.91,17,0,NORMAL,0
3896.37,0.69,0,1.0,0,0,1,4.3,0,88.2,0,1,0.94,10,0,NORMAL,0
1334.34,-0.92,0,1.0,0,0,1,60.2,0,93.8,0,1,0.97,22,0,NORMAL,0
5216.14,1.51,0,1.0,0,0,1,11.3,0,87.7,0,1,0.91,10,0,NORMAL,0
48742.09,28.71,2,0.5,2,0,1,253.3,0,69.3,0,1,0.88,9,0,SUSPICIOUS,1
104608.41,63.63,2,0.0,3,1,0,2271.2,1,28.1,1,3,0.44,3,1,FRAUD,2
1951.75,-0.53,0,1.0,0,0,1,36.7,0,75.2,0,1,0.98,15,0,NORMAL,0
2791.01,-0.01,1,0.8,0,0,1,0.0,0,83.8,0,1,0.97,12,0,NORMAL,0
3110.15,0.19,0,1.0,0,0,1,41.4,0,89.7,1,1,0.98,21,0,NORMAL,0
3449.15,0.41,0,1.0,0,0,1,29.2,0,90.7,0,1,0.97,20,0,NORMAL,0
4012.22,0.76,0,1.0,0,0,0,13.8,0,89.1,0,1,0.9,13,0,NORMAL,0
1734.48,-0.67,0,1.0,0,0,1,6.8,0,75.6,0,1,0.94,20,0,NORMAL,0
1003.72,-1.12,0,1.0,0,0,0,38.1,0,79.0,0,1,0.92,10,0,NORMAL,0
43427.68,25.39,2,0.8,1,0,0,110.5,0,58.8,0,1,0.84,16,0,SUSPICIOUS,1
859.92,-1.21,0,1.0,0,0,1,10.8,0,78.5,0,1,0.93,12,0,NORMAL,0
3836.05,0.65,0,1.0,0,0,1,5.4,0,88.7,0,1,0.94,21,0,NORMAL,0
2452.74,-0.22,0,1.0,0,0,1,15.2,0,84.5,0,1,0.92,16,0,NORMAL,0
2537.87,-0.16,1,1.0,0,0,1,33.0,0,81.8,0,1,0.94,13,0,NORMAL,0
68405.44,41.0,2,0.2,3,1,0,1502.7,1,22.0,1,2,0.15,0,1,FRAUD,2
544.57,-1.41,0,1.0,0,0,1,0.0,0,90.3,0,1,0.94,10,0,NORMAL,0
1464.83,-0.83,1,1.0,1,0,1,24.3,0,79.0,0,1,0.9,11,0,NORMAL,0
3757.14,0.6,0,1.0,0,0,1,11.0,0,89.6,0,1,0.96,21,0,NORMAL,0
4534.17,1.08,0,1.0,0,0,1,0.0,0,98.0,1,1,0.91,13,0,NORMAL,0
34721.97,19.95,1,0.5,1,1,0,249.2,0,71.0,1,2,0.71,6,1,SUSPICIOUS,1
5198.7,1.5,0,0.8,0,0,0,0.0,0,99.0,0,1,0.98,16,0,NORMAL,0
1863.11,-0.59,0,1.0,0,0,1,26.1,0,92.6,0,1,0.93,21,0,NORMAL,0
4329.97,0.96,0,1.0,0,0,1,19.1,0,88.5,0,1,0.96,20,0,NORMAL,0
1037.25,-1.1,0,1.0,0,0,1,10.6,0,85.6,0,1,0.97,9,0,NORMAL,0
26035.6,14.52,2,0.5,1,0,1,165.2,0,59.3,1,1,0.82,16,0,SUSPICIOUS,1
6137.08,2.09,1,1.0,0,0,1,7.9,0,75.4,0,1,0.97,19,0,NORMAL,0
1946.77,-0.53,0,1.0,0,0,1,27.6,0,77.7,0,1,0.91,12,0,NORMAL,0
4287.41,0.93,0,1.0,1,0,1,4.9,0,95.0,0,1,0.98,11,0,NORMAL,0
50.0,-1.72,0,0.8,0,0,1,43.5,0,98.4,0,1,0.98,16,0,NORMAL,0
30239.25,17.15,2,0.8,1,0,1,114.7,0,67.2,0,1,0.74,22,0,SUSPICIOUS,1
646.25,-1.35,0,1.0,0,0,1,0.0,0,81.8,0,1,0.9,18,0,NORMAL,0
3236.84,0.27,0,1.0,0,0,1,0.0,0,81.2,1,1,0.97,21,0,NORMAL,0
2491.04,-0.19,0,1.0,0,0,1,35.3,0,82.4,0,1,0.94,13,0,NORMAL,0
2493.33,-0.19,0,1.0,0,0,1,20.7,0,87.6,1,1,0.91,14,0,NORMAL,0
2131.72,-0.42,0,1.0,0,0,0,40.6,0,91.4,0,1,0.99,12,0,NORMAL,0
3562.68,0.48,0,1.0,0,0,1,51.9,0,88.4,0,1,0.96,12,0,NORMAL,0
50.0,-1.72,1,1.0,0,0,1,45.2,0,93.6,0,1,0.91,18,0,NORMAL,0
83373.82,50.36,2,0.0,6,1,0,3515.6,1,27.2,1,3,0.16,2,1,FRAUD,2
1982.46,-0.51,0,1.0,0,0,0,22.6,0,96.2,1,1,0.96,22,0,NORMAL,0
78807.16,47.5,2,0.2,5,1,0,4000.4,1,20.8,1,3,0.41,4,1,FRAUD,2
2381.03,-0.26,0,0.8,0,0,1,24.3,0,76.7,1,1,0.97,14,0,NORMAL,0
1026.19,-1.11,0,1.0,0,0,1,25.4,0,92.9,0,1,0.91,12,0,NORMAL,0
2852.11,0.03,0,1.0,0,0,0,0.0,0,75.7,0,1,0.93,11,0,NORMAL,0
33315.18,19.07,2,0.5,1,0,0,267.1,0,61.9,0,1,0.79,21,0,SUSPICIOUS,1
135128.02,82.71,2,0.2,5,1,0,3702.9,1,13.4,1,3,0.26,23,1,FRAUD,2
134080.32,82.05,2,0.2,3,1,0,2576.0,1,7.3,1,2,0.39,1,1,FRAUD,2
3354.95,0.35,0,1.0,0,0,1,43.7,0,96.2,0,1,0.95,10,0,NORMAL,0
2590.21,-0.13,1,1.0,0,0,1,0.0,0,78.1,0,1,0.91,21,0,NORMAL,0
4103.34,0.81,0,1.0,0,0,0,11.5,0,84.8,1,1,0.96,13,0,NORMAL,0
4303.73,0.94,0,1.0,0,0,1,14.1,0,85.0,0,1,0.91,17,0,NORMAL,0
67334.38,40.33,2,0.0,4,1,0,2218.7,1,28.5,1,4,0.48,23,1,FRAUD,2
60346.18,35.97,2,0.0,7,1,0,2905.7,1,13.2,1,3,0.13,5,1,FRAUD,2
115612.16,70.51,2,0.2,5,1,0,4310.3,1,21.5,1,3,0.1,4,1,FRAUD,2
1382.1,-0.89,0,1.0,0,0,1,33.8,0,77.2,0,1,0.93,17,0,NORMAL,0
116997.27,71.37,2,0.0,6,1,0,1968.6,1,25.9,1,2,0.32,1,1,FRAUD,2
5111.41,1.44,0,1.0,0,0,1,3.2,0,81.4,0,1,0.91,22,0,NORMAL,0
3024.61,0.14,0,1.0,0,0,1,0.0,0,87.3,0,1,0.93,13,0,NORMAL,0
1512.59,-0.8,0,1.0,0,0,1,40.0,0,77.8,0,1,0.96,11,0,NORMAL,0
1233.96,-0.98,0,1.0,0,0,1,1.7,0,93.0,1,1,0.93,18,0,NORMAL,0
3505.62,0.44,0,1.0,0,0,1,31.3,0,75.1,0,1,0.91,13,0,NORMAL,0
4126.13,0.83,0,1.0,0,0,1,0.0,0,78.1,0,1,0.93,20,0,NORMAL,0
2038.19,-0.48,0,1.0,0,0,1,42.5,0,81.3,0,1,0.99,14,0,NORMAL,0
46132.24,27.08,2,0.5,1,0,0,183.9,0,74.1,1,1,0.81,8,0,SUSPICIOUS,1
30653.93,17.41,2,0.8,1,0,1,257.0,0,50.0,1,1,0.75,15,0,SUSPICIOUS,1
5106.85,1.44,0,1.0,0,0,0,39.8,0,93.1,0,1,0.95,17,0,NORMAL,0
6027.87,2.02,0,0.8,0,0,1,20.8,0,85.6,0,1,0.98,21,0,NORMAL,0
3900.83,0.69,1,1.0,0,0,1,74.1,0,93.0,0,1,0.91,14,0,NORMAL,0
3546.29,0.47,1,0.8,0,0,1,24.0,0,96.3,1,1,0.9,14,0,NORMAL,0
1162.29,-1.02,0,1.0,1,0,1,44.2,0,76.2,0,1,0.95,17,0,NORMAL,0
2575.61,-0.14,0,1.0,0,0,1,22.5,0,82.0,0,1,0.94,11,0,NORMAL,0
99672.77,60.55,2,0.0,6,1,0,3546.1,1,27.9,1,3,0.13,0,1,FRAUD,2
3347.76,0.34,0,1.0,1,0,1,0.0,0,80.1,0,1,0.97,14,0,NORMAL,0
29151.42,16.47,2,0.5,1,0,0,118.7,0,67.0,0,1,0.84,6,1,SUSPICIOUS,1
2088.14,-0.44,0,1.0,0,0,1,5.2,0,93.2,0,1,0.98,12,0,NORMAL,0
3741.19,0.59,0,1.0,0,0,1,34.8,0,87.7,0,1,0.96,20,0,NORMAL,0
3091.1,0.18,0,1.0,0,0,1,35.3,0,78.6,0,1,0.93,11,0,NORMAL,0
5627.01,1.77,0,1.0,0,0,1,55.2,0,78.9,0,1,0.96,10,0,NORMAL,0
3500.26,0.44,0,1.0,0,0,1,21.7,0,98.1,0,1,0.95,17,0,NORMAL,0
903.16,-1.19,0,0.8,0,0,1,17.7,0,85.2,0,1,0.96,18,0,NORMAL,0
2387.1,-0.26,0,1.0,0,0,1,27.5,0,96.1,0,1,0.94,11,0,NORMAL,0
3211.82,0.26,0,0.8,1,0,1,8.0,0,92.9,0,1,0.92,13,0,NORMAL,0
660.09,-1.34,0,1.0,0,0,1,0.0,0,79.8,0,1,0.91,17,0,NORMAL,0
2927.21,0.08,0,1.0,0,0,0,19.2,0,79.1,1,1,0.94,15,0,NORMAL,0
34927.1,20.08,1,0.8,2,1,1,232.8,0,65.1,1,1,0.77,6,1,SUSPICIOUS,1
5752.74,1.85,1,1.0,0,0,1,17.8,0,89.7,0,1,0.94,22,0,NORMAL,0
99765.65,60.6,2,0.2,5,1,0,3865.7,1,23.4,1,3,0.37,5,1,FRAUD,2
3426.29,0.39,0,1.0,0,0,1,0.0,0,95.1,0,1,0.93,16,0,NORMAL,0
1120.8,-1.05,0,1.0,0,0,1,0.0,0,85.3,0,1,0.9,14,0,NORMAL,0
39297.85,22.81,2,0.5,1,0,0,228.9,0,52.9,0,1,0.77,9,0,SUSPICIOUS,1
3209.37,0.26,0,1.0,0,0,1,1.1,0,99.1,0,1,0.98,14,0,NORMAL,0
2419.93,-0.24,0,1.0,0,0,1,8.5,0,93.7,0,1,0.93,15,0,NORMAL,0
3495.46,0.43,0,1.0,0,0,0,39.5,0,89.1,0,1,0.94,12,0,NORMAL,0
4714.22,1.2,0,1.0,0,0,1,15.1,0,99.4,0,1,0.91,10,0,NORMAL,0
1606.45,-0.75,0,1.0,0,0,1,11.8,0,90.2,0,1,0.94,14,0,NORMAL,0
235.04,-1.6,0,1.0,0,0,1,23.0,0,90.9,0,1,0.9,10,0,NORMAL,0
1067.34,-1.08,0,1.0,0,0,1,0.0,0,80.0,0,1,0.95,18,0,NORMAL,0
1000.73,-1.12,0,1.0,0,0,0,0.0,0,87.3,0,1,0.93,11,0,NORMAL,0
3912.21,0.7,1,1.0,0,0,0,2.3,0,79.2,0,1,0.94,13,0,NORMAL,0
43258.18,25.29,2,0.8,1,0,0,214.6,0,68.2,0,1,0.77,2,1,SUSPICIOUS,1
39068.34,22.67,1,0.5,2,1,1,218.9,0,63.6,1,1,0.75,1,1,SUSPICIOUS,1
230.45,-1.61,1,1.0,0,0,1,58.8,0,85.6,0,1,0.96,16,0,NORMAL,0
1979.5,-0.51,0,1.0,0,0,1,19.4,0,83.5,0,1,0.98,13,0,NORMAL,0
37503.37,21.69,1,0.8,1,0,0,184.0,0,72.6,1,1,0.85,11,0,SUSPICIOUS,1
1140.31,-1.04,0,1.0,0,0,1,13.0,0,84.6,0,1,0.97,19,0,NORMAL,0
4894.51,1.31,0,1.0,0,0,1,0.0,0,88.0,0,1,0.96,19,0,NORMAL,0
4770.76,1.23,1,1.0,0,0,0,25.2,0,96.1,0,1,0.92,9,0,NORMAL,0
2971.52,0.11,0,1.0,0,0,1,0.0,0,96.2,0,1,0.98,13,0,NORMAL,0
2218.53,-0.36,0,1.0,0,0,0,23.9,0,78.4,0,1,0.93,11,0,NORMAL,0
71620.84,43.01,2,0.0,5,1,0,3622.7,1,13.5,1,3,0.22,2,1,FRAUD,2
2150.81,-0.41,0,1.0,0,0,1,23.0,0,76.6,0,1,0.95,18,0,NORMAL,0
3630.03,0.52,0,0.8,0,0,1,0.0,0,82.7,0,1,0.95,9,0,NORMAL,0
50.0,-1.72,0,1.0,0,0,1,27.6,0,84.8,0,1,0.92,9,0,NORMAL,0
2466.55,-0.21,0,1.0,0,0,0,0.0,0,77.0,0,1,0.94,11,0,NORMAL,0
2403.62,-0.25,0,1.0,0,0,0,42.8,0,89.4,1,1,0.9,16,0,NORMAL,0
123188.33,75.24,2,0.0,4,1,0,4007.5,1,24.8,1,2,0.23,2,1,FRAUD,2
3915.43,0.7,0,1.0,0,0,1,55.9,0,87.7,0,1,0.93,21,0,NORMAL,0
3574.93,0.48,1,1.0,0,0,1,38.3,0,98.0,0,1,0.92,16,0,NORMAL,0
136971.85,83.86,2,0.2,3,1,0,3990.0,1,28.7,1,2,0.11,23,1,FRAUD,2
1961.87,-0.52,0,1.0,0,0,1,28.8,0,94.1,0,1,0.95,22,0,NORMAL,0
3882.81,0.68,0,1.0,0,0,1,14.1,0,94.7,1,1,0.98,20,0,NORMAL,0
142630.48,87.39,2,0.0,4,1,0,3661.3,1,29.7,1,3,0.32,5,1,FRAUD,2
1752.29,-0.65,0,1.0,0,0,1,58.7,0,92.6,0,1,0.91,21,0,NORMAL,0
3970.88,0.73,0,1.0,0,0,1,0.0,0,75.3,0,1,0.96,15,0,NORMAL,0
50.0,-1.72,0,1.0,0,0,1,0.0,0,96.2,0,1,0.98,20,0,NORMAL,0
763.54,-1.27,0,1.0,0,0,1,11.3,0,95.2,0,1,0.98,17,0,NORMAL,0
1885.26,-0.57,0,1.0,0,0,1,33.1,0,96.3,0,1,0.92,16,0,NORMAL,0
4028.97,0.77,0,1.0,0,0,1,25.4,0,81.6,0,1,0.96,22,0,NORMAL,0
29302.94,16.56,1,0.5,1,0,0,88.7,0,45.9,1,2,0.74,19,0,SUSPICIOUS,1
4101.33,0.81,0,1.0,0,0,0,5.0,0,85.9,1,1,0.9,22,0,NORMAL,0
1605.72,-0.75,0,1.0,0,0,1,48.3,0,89.0,0,1,0.96,15,0,NORMAL,0
2069.86,-0.46,0,1.0,0,0,0,12.4,0,95.5,0,1,0.96,11,0,NORMAL,0
3144.87,0.22,0,1.0,0,0,1,14.8,0,97.3,0,1,0.97,22,0,NORMAL,0
792.06,-1.25,0,1.0,0,0,1,14.1,0,80.6,0,1,0.95,17,0,NORMAL,0
2652.61,-0.09,0,1.0,0,0,1,29.0,0,85.5,0,1,0.91,19,0,NORMAL,0
3225.94,0.27,0,1.0,0,0,1,12.4,0,82.2,0,1,0.98,16,0,NORMAL,0
76718.44,46.2,2,0.0,4,1,0,1226.8,1,25.9,1,4,0.17,5,1,FRAUD,2
26717.22,14.95,2,0.8,1,0,0,274.0,0,49.4,1,1,0.85,12,0,SUSPICIOUS,1
2647.9,-0.1,0,1.0,0,0,1,23.1,0,96.9,0,1,0.95,9,0,NORMAL,0
4553.56,1.1,0,1.0,0,0,1,27.6,0,88.9,0,1,0.94,20,0,NORMAL,0
2878.72,0.05,0,1.0,1,0,1,0.0,0,84.7,0,1,0.96,19,0,NORMAL,0
3374.44,0.36,0,1.0,0,0,1,17.4,0,91.2,0,1,0.98,14,0,NORMAL,0
76.68,-1.7,0,1.0,0,0,0,37.2,0,90.9,1,1,0.96,21,0,NORMAL,0
462.66,-1.46,0,0.8,0,0,1,12.7,0,90.6,1,1,0.96,12,0,NORMAL,0
1734.63,-0.67,0,1.0,0,0,1,25.6,0,99.3,0,1,0.96,20,0,NORMAL,0
122208.48,74.63,2,0.0,4,1,0,1956.7,1,8.3,1,3,0.31,2,1,FRAUD,2
4858.01,1.29,0,1.0,0,0,1,1.5,0,84.9,1,1,0.92,16,0,NORMAL,0
149355.43,91.6,2,0.0,5,1,0,3964.4,1,5.7,1,3,0.5,0,1,FRAUD,2
2637.26,-0.1,0,1.0,0,0,1,0.0,0,76.3,0,1,0.94,21,0,NORMAL,0
139866.06,85.67,2,0.2,4,1,0,2902.1,1,28.7,1,2,0.22,2,1,FRAUD,2
963.01,-1.15,0,1.0,1,0,1,0.0,0,80.3,0,1,0.95,9,0,NORMAL,0
1531.86,-0.79,0,1.0,0,0,1,2.9,0,87.1,0,1,0.91,12,0,NORMAL,0
3118.33,0.2,0,1.0,0,0,1,9.9,0,81.3,0,1,0.93,13,0,NORMAL,0
2399.84,-0.25,1,1.0,0,0,1,14.6,0,95.5,0,1,0.95,22,0,NORMAL,0
1986.82,-0.51,0,1.0,0,0,0,59.3,0,83.4,0,1,0.98,15,0,NORMAL,0
2754.66,-0.03,0,1.0,0,0,1,38.9,0,99.0,0,1,0.9,9,0,NORMAL,0
2952.69,0.1,0,0.8,0,0,1,59.5,0,99.1,0,1,0.91,11,0,NORMAL,0
4608.77,1.13,1,0.8,0,0,0,0.0,0,77.5,0,1,0.94,20,0,NORMAL,0
2013.38,-0.49,0,1.0,0,0,1,49.5,0,92.3,0,1,0.96,14,0,NORMAL,0
3888.67,0.68,0,0.8,0,0,1,29.8,0,93.6,1,1,0.98,19,0,NORMAL,0
2748.94,-0.03,0,1.0,0,0,1,0.0,0,97.7,0,1,0.91,12,0,NORMAL,0
50.0,-1.72,0,1.0,0,0,1,0.0,0,77.6,0,1,0.96,12,0,NORMAL,0
4680.9,1.18,0,1.0,0,0,1,38.6,0,90.3,0,1,0.92,22,0,NORMAL,0
694.98,-1.32,0,1.0,0,0,1,0.0,0,85.4,0,1,0.96,16,0,NORMAL,0
3600.32,0.5,0,1.0,0,0,1,57.3,0,87.7,0,1,0.95,20,0,NORMAL,0
46335.86,27.21,2,0.8,2,0,0,144.1,0,46.1,1,1,0.72,22,0,SUSPICIOUS,1
63531.48,37.96,2,0.2,6,1,0,2921.9,1,8.8,1,2,0.16,1,1,FRAUD,2
3667.77,0.54,0,1.0,1,0,0,34.2,0,79.8,0,1,0.97,16,0,NORMAL,0
891.3,-1.19,0,1.0,0,0,1,23.2,0,95.5,0,1,0.93,18,0,NORMAL,0
2474.42,-0.2,0,1.0,0,0,1,4.5,0,94.4,0,1,0.98,14,0,NORMAL,0
2022.3,-0.49,1,1.0,0,0,1,16.3,0,93.5,1,1,0.98,11,0,NORMAL,0
3100.9,0.19,0,1.0,0,0,1,7.6,0,83.4,0,1,0.96,20,0,NORMAL,0
3106.81,0.19,0,1.0,0,0,1,23.4,0,97.4,0,1,0.9,16,0,NORMAL,0
129644.74,79.28,2,0.2,7,1,0,1361.4,1,23.3,1,3,0.47,1,1,FRAUD,2
1615.13,-0.74,1,1.0,0,0,1,2.4,0,76.3,0,1,0.93,19,0,NORMAL,0
2117.76,-0.43,0,1.0,0,0,1,41.2,0,88.5,0,1,0.92,16,0,NORMAL,0
5555.98,1.72,0,1.0,0,0,1,18.9,0,76.0,0,1,0.95,22,0,NORMAL,0
2692.45,-0.07,1,1.0,0,0,1,0.0,0,83.8,0,1,0.94,22,0,NORMAL,0
5584.72,1.74,0,1.0,0,0,0,0.0,0,87.6,0,1,0.95,19,0,NORMAL,0
4773.1,1.23,0,1.0,0,0,0,28.8,0,81.0,0,1,0.97,10,0,NORMAL,0
5054.93,1.41,0,1.0,0,0,1,6.1,0,98.3,0,1,0.94,17,0,NORMAL,0
3858.16,0.66,1,1.0,0,0,0,7.1,0,93.4,0,1,0.91,15,0,NORMAL,0
3007.42,0.13,0,1.0,0,0,1,2.2,0,85.8,0,1,0.95,12,0,NORMAL,0
5146.15,1.47,0,1.0,0,0,1,0.0,0,99.2,0,1,0.98,16,0,NORMAL,0
3959.6,0.72,0,1.0,0,0,1,18.3,0,80.5,0,1,0.98,20,0,NORMAL,0
2853.65,0.03,0,1.0,0,0,1,20.6,0,95.3,0,1,0.98,14,0,NORMAL,0
5745.47,1.84,1,1.0,0,0,0,2.0,0,86.9,1,1,0.95,9,0,NORMAL,0
136618.67,83.64,2,0.0,5,1,0,2359.1,1,8.9,1,3,0.53,1,1,FRAUD,2
49724.13,29.33,1,0.5,1,1,0,178.5,0,53.1,0,1,0.89,17,0,SUSPICIOUS,1
94218.53,57.14,2,0.0,4,1,0,1051.3,1,28.9,1,3,0.43,1,1,FRAUD,2
2642.87,-0.1,0,1.0,0,0,1,41.9,0,82.5,0,1,0.98,13,0,NORMAL,0
2196.28,-0.38,0,1.0,0,0,1,21.2,0,89.1,1,1,0.93,20,0,NORMAL,0
6330.94,2.21,0,1.0,0,0,1,0.0,0,99.1,0,1,0.92,10,0,NORMAL,0
827.97,-1.23,0,1.0,0,0,0,27.5,0,94.0,0,1,0.9,11,0,NORMAL,0
28616.69,16.14,2,0.8,2,0,0,158.8,0,65.2,1,1,0.77,10,0,SUSPICIOUS,1
2573.89,-0.14,0,1.0,0,0,1,10.7,0,92.4,0,1,0.94,16,0,NORMAL,0
2726.01,-0.05,0,1.0,0,0,1,29.9,0,84.0,0,1,0.98,9,0,NORMAL,0
476.29,-1.45,0,1.0,0,0,1,13.5,0,90.0,0,1,0.95,22,0,NORMAL,0
6500.02,2.31,1,1.0,0,0,0,28.2,0,77.2,0,1,0.92,22,0,NORMAL,0
95298.31,57.81,2,0.0,6,1,0,1628.1,1,21.7,1,2,0.19,5,1,FRAUD,2
103438.97,62.9,2,0.2,5,1,0,3300.4,1,18.5,1,4,0.51,4,1,FRAUD,2
2757.17,-0.03,0,1.0,0,0,1,35.7,0,89.5,0,1,0.95,13,0,NORMAL,0
2737.83,-0.04,0,1.0,0,0,1,48.2,0,82.0,0,1,0.9,9,0,NORMAL,0
3864.04,0.67,0,1.0,0,0,1,0.0,0,93.3,0,1,0.91,14,0,NORMAL,0
2360.2,-0.27,0,1.0,0,0,0,4.8,0,95.6,0,1,0.9,11,0,NORMAL,0
50.0,-1.72,0,1.0,0,0,1,4.7,0,83.8,0,1,0.92,12,0,NORMAL,0
39185.35,22.74,2,0.8,2,1,0,145.0,0,64.4,1,1,0.88,15,0,SUSPICIOUS,1
134079.93,82.05,2,0.0,7,1,0,2654.8,1,21.3,1,2,0.52,1,1,FRAUD,2
2347.16,-0.28,0,1.0,0,0,1,5.0,0,86.7,0,1,0.94,19,0,NORMAL,0
2092.81,-0.44,1,1.0,1,0,1,4.5,0,87.4,0,1,0.99,14,0,NORMAL,0
2211.24,-0.37,1,1.0,0,0,1,7.1,0,89.1,0,1,0.99,14,0,NORMAL,0
1542.76,-0.79,0,1.0,1,0,1,0.0,0,94.0,0,1,0.95,13,0,NORMAL,0
1462.06,-0.84,0,1.0,0,0,1,40.9,0,77.0,1,1,0.98,9,0,NORMAL,0
4159.14,0.85,0,1.0,0,0,0,18.8,0,95.0,0,1,0.96,16,0,NORMAL,0
5558.16,1.72,0,1.0,0,0,1,29.7,0,77.9,0,1,0.97,21,0,NORMAL,0
2231.47,-0.36,1,1.0,0,0,1,12.5,0,92.6,0,1,0.93,13,0,NORMAL,0
5515.65,1.7,0,1.0,0,0,1,0.0,0,86.2,0,1,0.92,22,0,NORMAL,0
1308.72,-0.93,0,1.0,0,0,1,0.0,0,79.7,0,1,0.99,9,0,NORMAL,0
31183.82,17.74,1,0.8,1,0,0,292.9,0,50.8,1,1,0.88,21,0,SUSPICIOUS,1
4498.92,1.06,0,1.0,0,0,1,31.1,0,93.2,1,1,0.91,21,0,NORMAL,0
1390.15,-0.88,0,1.0,0,0,1,2.7,0,94.2,0,1,0.93,11,0,NORMAL,0
3025.67,0.14,0,1.0,0,0,1,6.2,0,98.6,0,1,0.94,9,0,NORMAL,0
3473.75,0.42,1,1.0,0,0,0,54.8,0,88.9,0,1,0.91,9,0,NORMAL,0
4211.91,0.88,0,0.8,0,0,0,17.1,0,80.3,0,1,0.91,9,0,NORMAL,0
2153.79,-0.4,0,1.0,0,0,1,18.1,0,87.5,0,1,0.91,16,0,NORMAL,0
89258.18,54.04,2,0.0,7,1,0,3073.0,1,14.4,1,2,0.11,1,1,FRAUD,2
388.24,-1.51,0,1.0,0,0,1,20.0,0,99.6,0,1,0.94,19,0,NORMAL,0
801.3,-1.25,0,1.0,0,0,1,56.2,0,97.2,0,1,0.95,14,0,NORMAL,0
5984.24,1.99,0,1.0,0,0,1,37.5,0,95.7,0,1,0.99,14,0,NORMAL,0
34858.81,20.04,2,0.5,2,0,0,240.6,0,71.6,1,1,0.89,18,0,SUSPICIOUS,1
45460.51,26.66,2,0.5,1,0,0,310.5,0,70.1,1,1,0.8,19,0,SUSPICIOUS,1
3657.36,0.54,0,1.0,0,0,1,7.5,0,79.5,0,1,0.95,9,0,NORMAL,0
41308.68,24.07,2,0.8,1,0,0,184.0,0,51.3,1,1,0.88,1,1,SUSPICIOUS,1
1123.43,-1.05,0,0.8,0,0,0,0.0,0,96.9,0,1,0.96,22,0,NORMAL,0
3941.89,0.71,0,1.0,0,0,1,40.0,0,86.7,0,1,0.95,16,0,NORMAL,0
4386.87,0.99,0,1.0,0,0,1,21.8,0,93.2,0,1,0.91,21,0,NORMAL,0
2743.29,-0.04,0,1.0,0,0,1,43.1,0,75.2,0,1,0.91,20,0,NORMAL,0
60402.2,36.0,2,0.0,4,1,0,3264.8,1,24.9,1,4,0.37,1,1,FRAUD,2
1745.57,-0.66,0,1.0,0,0,1,29.1,0,93.3,0,1,0.93,22,0,NORMAL,0
3285.72,0.3,1,1.0,1,0,1,40.4,0,95.8,0,1,0.95,18,0,NORMAL,0
4578.53,1.11,0,1.0,0,0,1,31.6,0,91.6,0,1,0.95,18,0,NORMAL,0
3079.34,0.17,0,1.0,0,0,1,1.6,0,81.9,0,1,0.94,13,0,NORMAL,0
3428.42,0.39,0,1.0,0,0,1,8.6,0,78.2,0,1,0.99,9,0,NORMAL,0
40380.91,23.49,1,0.5,1,0,0,196.5,0,55.6,0,1,0.86,5,1,SUSPICIOUS,1
138510.57,84.82,2,0.0,6,1,0,3041.0,1,11.2,1,3,0.38,1,1,FRAUD,2
3002.24,0.13,1,1.0,0,0,1,0.0,0,89.4,0,1,0.99,9,0,NORMAL,0
50.0,-1.72,0,1.0,0,0,1,26.9,0,81.7,0,1,0.9,21,0,NORMAL,0
4656.91,1.16,1,1.0,1,0,1,16.7,0,88.2,0,1,0.94,10,0,NORMAL,0
1453.99,-0.84,0,1.0,0,0,1,30.7,0,91.8,0,1,0.93,18,0,NORMAL,0
2639.4,-0.1,0,1.0,0,0,1,0.0,0,98.0,0,1,0.95,12,0,NORMAL,0
3917.77,0.7,0,1.0,0,0,1,20.3,0,84.0,0,1,0.92,22,0,NORMAL,0
125794.1,76.87,2,0.0,5,1,0,1029.2,1,23.0,1,3,0.43,5,1,FRAUD,2
30359.23,17.22,1,0.8,1,0,0,145.0,0,73.6,1,1,0.81,23,1,SUSPICIOUS,1
3000.31,0.13,0,1.0,0,0,0,12.4,0,91.9,0,1,0.95,17,0,NORMAL,0
4372.58,0.98,0,1.0,0,0,1,21.9,0,96.1,0,1,0.92,9,0,NORMAL,0
1418.61,-0.86,0,1.0,0,0,1,0.0,0,84.0,0,1,0.95,12,0,NORMAL,0
50.0,-1.72,0,1.0,0,0,1,14.0,0,86.4,0,1,0.91,18,0,NORMAL,0
1293.8,-0.94,0,1.0,0,0,0,39.4,0,84.0,0,1,0.99,10,0,NORMAL,0
1969.94,-0.52,0,1.0,0,0,0,11.0,0,79.4,0,1,0.99,17,0,NORMAL,0
3533.67,0.46,0,1.0,0,0,1,22.7,0,93.6,0,1,0.99,21,0,NORMAL,0
3729.32,0.58,0,1.0,0,0,1,25.2,0,88.4,1,1,0.97,19,0,NORMAL,0
1981.06,-0.51,0,0.8,0,0,1,6.7,0,88.7,0,1,0.96,10,0,NORMAL,0
1745.16,-0.66,0,1.0,0,0,1,0.0,0,86.8,0,1,0.96,9,0,NORMAL,0
41839.97,24.4,2,0.5,2,1,0,180.5,0,71.0,1,1,0.77,2,1,SUSPICIOUS,1
5252.43,1.53,1,1.0,0,0,1,7.4,0,92.7,1,1,0.91,9,0,NORMAL,0
2943.2,0.09,0,1.0,0,0,1,0.6,0,77.7,0,1,0.93,22,0,NORMAL,0
1383.61,-0.89,0,1.0,0,0,0,48.0,0,82.0,0,1,0.95,17,0,NORMAL,0
2665.28,-0.08,0,1.0,0,0,1,4.4,0,88.2,0,1,0.93,21,0,NORMAL,0
4176.05,0.86,0,1.0,0,0,1,0.0,0,95.3,0,1,0.96,22,0,NORMAL,0
4941.63,1.34,0,1.0,0,0,1,34.8,0,95.9,0,1,0.94,15,0,NORMAL,0
4178.45,0.86,0,1.0,0,0,1,6.0,0,99.1,0,1,0.91,11,0,NORMAL,0
2200.81,-0.37,0,1.0,0,0,1,30.7,0,99.1,0,1,0.97,12,0,NORMAL,0
3286.27,0.3,0,1.0,0,0,1,0.0,0,79.7,0,1,0.96,16,0,NORMAL,0
3960.26,0.73,1,1.0,1,0,0,24.0,0,77.7,0,1,0.91,15,0,NORMAL,0
4142.58,0.84,0,1.0,0,0,1,0.0,0,76.2,1,1,0.93,13,0,NORMAL,0
30136.66,17.09,1,0.8,1,0,0,86.1,0,62.1,1,1,0.73,8,0,SUSPICIOUS,1
50.0,-1.72,0,1.0,0,0,1,0.0,0,89.5,1,1,0.92,17,0,NORMAL,0
1775.82,-0.64,0,1.0,0,0,1,4.6,0,89.1,0,1,0.94,10,0,NORMAL,0
1495.73,-0.82,0,1.0,0,0,1,36.9,0,88.0,0,1,0.9,19,0,NORMAL,0
3951.88,0.72,0,1.0,0,0,1,60.6,0,83.4,1,1,0.95,17,0,NORMAL,0
1426.88,-0.86,0,1.0,0,0,1,30.5,0,84.1,0,1,0.93,14,0,NORMAL,0
3534.0,0.46,0,1.0,0,0,1,0.0,0,85.6,1,1,0.9,20,0,NORMAL,0
1784.26,-0.63,0,1.0,0,0,1,27.7,0,78.6,0,1,0.95,13,0,NORMAL,0
4064.89,0.79,1,1.0,0,0,0,23.4,0,94.7,0,1,0.97,9,0,NORMAL,0
288.35,-1.57,1,1.0,0,0,1,13.1,0,86.7,0,1,0.99,17,0,NORMAL,0
3235.95,0.27,0,1.0,0,0,1,37.1,0,94.9,0,1,0.94,21,0,NORMAL,0
3439.77,0.4,1,1.0,0,0,1,36.2,0,87.6,0,1,0.9,21,0,NORMAL,0
29244.49,16.53,2,0.8,1,0,1,325.8,0,57.6,1,1,0.75,22,0,SUSPICIOUS,1
1159.61,-1.03,0,0.8,0,0,1,41.7,0,97.9,0,1,0.97,19,0,NORMAL,0
1336.83,-0.91,0,1.0,0,0,1,0.0,0,97.7,0,1,0.91,10,0,NORMAL,0
44147.52,25.84,1,0.5,1,0,1,302.0,0,65.4,1,1,0.71,20,0,SUSPICIOUS,1
4607.87,1.13,1,1.0,0,0,1,0.0,0,79.3,0,1,0.94,16,0,NORMAL,0
2179.07,-0.39,0,1.0,0,0,0,8.5,0,78.5,0,1,0.94,10,0,NORMAL,0
4289.3,0.93,1,1.0,0,0,1,0.0,0,76.7,0,1,0.93,16,0,NORMAL,0
3403.65,0.38,0,1.0,0,0,1,3.2,0,80.0,0,1,0.98,10,0,NORMAL,0
635.74,-1.35,0,1.0,0,0,0,54.5,0,96.6,0,1,0.96,21,0,NORMAL,0
2126.18,-0.42,0,1.0,0,0,1,25.9,0,84.1,0,1,0.95,19,0,NORMAL,0
1773.22,-0.64,0,1.0,0,0,0,20.6,0,95.6,1,1,0.95,11,0,NORMAL,0
360.15,-1.52,0,1.0,0,0,1,48.5,0,81.4,0,1,0.98,9,0,NORMAL,0
1099.08,-1.06,0,1.0,0,0,1,17.5,0,89.9,0,1,0.93,15,0,NORMAL,0
3423.79,0.39,0,1.0,0,0,1,0.0,0,98.3,0,1,0.91,15,0,NORMAL,0
40983.73,23.86,2,0.8,1,0,1,120.9,0,52.2,1,1,0.88,23,1,SUSPICIOUS,1
4142.92,0.84,0,1.0,0,0,1,0.0,0,86.8,0,1,0.98,10,0,NORMAL,0
3193.79,0.25,0,1.0,0,0,1,11.0,0,97.8,0,1,0.98,18,0,NORMAL,0
3378.86,0.36,0,0.8,0,0,1,6.9,0,86.6,1,1,0.96,20,0,NORMAL,0
2744.31,-0.03,0,1.0,0,0,0,0.0,0,93.4,0,1,0.98,12,0,NORMAL,0
3175.98,0.23,1,1.0,0,0,0,21.3,0,91.7,0,1,0.9,14,0,NORMAL,0
50.0,-1.72,0,1.0,0,0,0,0.0,0,81.6,0,1,0.95,12,0,NORMAL,0
1043.77,-1.1,1,1.0,0,0,1,15.1,0,79.8,0,1,0.92,14,0,NORMAL,0
1884.64,-0.57,0,1.0,0,0,1,13.2,0,99.5,1,1,0.97,12,0,NORMAL,0
1114.7,-1.05,0,1.0,0,0,0,22.6,0,93.5,0,1,0.94,16,0,NORMAL,0
1745.86,-0.66,0,0.8,0,0,0,0.0,0,88.0,0,1,0.95,20,0,NORMAL,0
3976.5,0.74,0,1.0,0,0,0,8.6,0,76.9,0,1,0.92,9,0,NORMAL,0
50.0,-1.72,0,1.0,0,0,0,42.1,0,98.4,0,1,0.96,13,0,NORMAL,0
29054.17,16.41,1,0.8,1,0,1,326.0,0,48.6,0,2,0.85,22,0,SUSPICIOUS,1
2197.66,-0.38,0,1.0,0,0,1,0.0,0,96.2,1,1,0.97,12,0,NORMAL,0
3081.03,0.18,0,1.0,0,0,1,14.3,0,87.5,0,1,0.94,21,0,NORMAL,0
89638.16,54.27,2,0.2,5,1,0,1351.4,1,21.9,1,4,0.39,1,1,FRAUD,2
4673.66,1.17,1,1.0,0,0,1,28.6,0,97.0,0,1,0.98,22,0,NORMAL,0
5007.2,1.38,0,1.0,0,0,1,30.8,0,98.3,0,1,0.93,12,0,NORMAL,0
3098.17,0.19,0,0.8,0,0,1,1.2,0,94.8,0,1,0.95,14,0,NORMAL,0
1302.39,-0.94,0,1.0,0,0,1,36.0,0,84.5,0,1,0.9,14,0,NORMAL,0
420.97,-1.49,0,1.0,0,0,0,0.0,0,77.4,0,1,0.91,14,0,NORMAL,0
1556.74,-0.78,0,1.0,0,0,1,30.1,0,83.1,1,1,0.95,9,0,NORMAL,0
142139.36,87.09,2,0.2,4,1,0,3417.7,1,12.8,1,3,0.18,0,1,FRAUD,2
109953.12,66.97,2,0.2,6,1,0,3355.1,1,19.5,1,3,0.36,3,1,FRAUD,2
1338.79,-0.91,0,1.0,0,0,1,52.3,0,85.1,0,1,0.95,12,0,NORMAL,0
4093.45,0.81,0,1.0,0,0,0,15.0,0,77.2,0,1,0.93,15,0,NORMAL,0
4082.76,0.8,0,1.0,0,0,1,19.1,0,99.7,0,1,0.92,16,0,NORMAL,0
26955.09,15.1,2,0.8,1,0,0,328.0,0,58.2,0,1,0.85,21,0,SUSPICIOUS,1
5264.54,1.54,0,1.0,0,0,1,28.8,0,93.8,0,1,0.93,16,0,NORMAL,0
26135.6,14.58,1,0.8,2,0,1,113.5,0,47.7,1,2,0.82,7,1,SUSPICIOUS,1
1657.97,-0.71,1,1.0,0,0,1,25.5,0,87.6,0,1,0.92,13,0,NORMAL,0
1972.19,-0.52,0,1.0,0,0,1,0.5,0,93.7,0,1,0.95,18,0,NORMAL,0
83563.38,50.48,2,0.0,3,1,0,3645.2,1,19.0,1,3,0.4,3,1,FRAUD,2
50.0,-1.72,0,1.0,0,0,1,17.7,0,84.5,0,1,0.94,10,0,NORMAL,0
2184.33,-0.38,1,1.0,0,0,1,36.2,0,86.3,0,1,0.92,21,0,NORMAL,0
1912.16,-0.55,0,1.0,0,0,1,0.0,0,76.3,0,1,0.92,17,0,NORMAL,0
4244.12,0.9,0,1.0,0,0,1,4.5,0,97.1,0,1,0.91,18,0,NORMAL,0
4491.34,1.06,0,1.0,0,0,1,0.0,0,89.0,1,1,0.93,10,0,NORMAL,0
4562.38,1.1,0,1.0,0,0,1,5.7,0,86.2,0,1,0.97,20,0,NORMAL,0
1678.45,-0.7,0,1.0,1,0,1,35.0,0,87.2,1,1,0.98,22,0,NORMAL,0
3607.85,0.5,1,1.0,0,0,1,9.0,0,86.8,0,1,0.95,19,0,NORMAL,0
2956.6,0.1,0,1.0,1,0,1,14.0,0,98.0,0,1,0.95,11,0,NORMAL,0
2962.73,0.1,0,1.0,0,0,1,0.0,0,85.6,0,1,0.97,21,0,NORMAL,0
39288.25,22.81,1,0.5,2,0,1,274.4,0,57.4,1,1,0.85,7,1,SUSPICIOUS,1
2307.66,-0.31,0,1.0,0,0,1,0.0,0,93.9,0,1,0.94,21,0,NORMAL,0
3435.26,0.4,0,1.0,0,0,1,26.6,0,77.0,0,1,0.98,21,0,NORMAL,0
5372.47,1.61,0,1.0,0,0,1,0.0,0,91.7,0,1,0.95,16,0,NORMAL,0
5892.13,1.93,0,1.0,0,0,0,0.0,0,87.9,0,1,0.97,13,0,NORMAL,0
69415.14,41.63,2,0.0,4,1,0,1175.0,1,22.0,1,2,0.44,5,1,FRAUD,2
564.74,-1.4,0,1.0,0,0,1,20.4,0,77.1,0,1,0.98,12,0,NORMAL,0
36905.25,21.32,1,0.8,2,0,0,309.2,0,72.5,0,1,0.7,16,0,SUSPICIOUS,1
4517.07,1.07,0,1.0,0,0,1,14.9,0,89.9,0,1,0.96,16,0,NORMAL,0
1668.58,-0.71,0,1.0,0,0,0,12.5,0,91.4,1,1,0.98,15,0,NORMAL,0
3275.88,0.3,0,1.0,0,0,1,0.0,0,98.7,0,1,0.92,14,0,NORMAL,0
40783.05,23.74,2,0.5,1,0,0,311.0,0,60.0,1,1,0.75,10,0,SUSPICIOUS,1
657.75,-1.34,1,1.0,0,0,1,34.6,0,91.6,0,1,0.95,19,0,NORMAL,0
50.0,-1.72,0,1.0,0,0,1,0.0,0,94.6,0,1,0.94,21,0,NORMAL,0
2793.21,-0.0,1,1.0,0,0,0,67.9,0,76.8,0,1,0.91,20,0,NORMAL,0
50.0,-1.72,1,1.0,0,0,0,0.0,0,97.8,0,1,0.92,21,0,NORMAL,0
3960.72,0.73,0,1.0,0,0,1,6.9,0,87.3,0,1,0.98,9,0,NORMAL,0
42171.85,24.61,1,0.5,1,0,0,225.1,0,54.0,1,2,0.83,16,0,SUSPICIOUS,1
2279.27,-0.33,0,1.0,0,0,1,26.0,0,91.4,0,1,0.97,19,0,NORMAL,0
979.56,-1.14,0,1.0,0,0,1,30.8,0,85.7,1,1,0.94,17,0,NORMAL,0
105515.03,64.2,2,0.2,4,1,0,2090.1,1,22.4,1,4,0.19,3,1,FRAUD,2
5503.53,1.69,0,1.0,0,0,1,17.1,0,89.9,0,1,0.93,22,0,NORMAL,0
4851.71,1.28,0,1.0,0,0,1,3.4,0,88.2,0,1,0.92,20,0,NORMAL,0
3873.08,0.67,0,1.0,0,0,1,10.0,0,78.0,0,1,0.91,21,0,NORMAL,0
1967.69,-0.52,1,1.0,0,0,0,46.4,0,97.8,0,1,0.92,16,0,NORMAL,0
535.33,-1.42,0,1.0,0,0,1,5.2,0,99.3,0,1,0.93,15,0,NORMAL,0
50.0,-1.72,0,1.0,0,0,0,31.5,0,84.1,1,1,0.91,20,0,NORMAL,0
3714.07,0.57,0,1.0,0,0,1,0.0,0,75.4,0,1,0.96,13,0,NORMAL,0
4144.62,0.84,0,1.0,0,0,1,0.0,0,94.8,0,1,0.99,15,0,NORMAL,0
3254.61,0.28,0,0.8,0,0,1,25.5,0,97.4,0,1,0.93,14,0,NORMAL,0
2858.04,0.04,0,0.8,0,0,0,25.4,0,96.4,0,1,0.96,16,0,NORMAL,0
3172.91,0.23,0,0.8,0,0,1,6.7,0,92.1,0,1,0.93,15,0,NORMAL,0
945.58,-1.16,0,1.0,0,0,1,8.1,0,88.1,0,1,0.94,17,0,NORMAL,0
4374.53,0.98,0,1.0,0,0,1,21.1,0,81.3,0,1,0.95,12,0,NORMAL,0
4690.1,1.18,1,1.0,0,0,1,8.6,0,75.9,0,1,0.99,19,0,NORMAL,0
135030.49,82.64,2,0.0,6,1,0,1054.9,1,21.2,1,3,0.38,23,1,FRAUD,2
1709.0,-0.68,0,1.0,0,0,1,4.0,0,92.4,0,1,0.91,21,0,NORMAL,0
976.31,-1.14,0,0.8,0,0,0,38.1,0,78.1,0,1,0.93,11,0,NORMAL,0
56.25,-1.71,0,1.0,0,0,1,12.2,0,99.9,0,1,0.95,10,0,NORMAL,0
4275.49,0.92,0,1.0,0,0,1,0.0,0,80.4,0,1,0.96,14,0,NORMAL,0
2281.89,-0.32,0,1.0,0,0,1,6.9,0,99.3,0,1,0.96,19,0,NORMAL,0
4322.1,0.95,0,1.0,0,0,1,49.2,0,89.1,0,1,0.94,22,0,NORMAL,0
4814.69,1.26,0,1.0,0,0,1,0.0,0,86.5,0,1,0.98,21,0,NORMAL,0
932.55,-1.17,0,1.0,0,0,0,19.4,0,83.5,0,1,0.95,12,0,NORMAL,0
1552.01,-0.78,0,1.0,0,0,1,34.6,0,77.7,0,1,0.92,10,0,NORMAL,0
46676.19,27.42,2,0.5,2,0,1,217.7,0,45.9,1,1,0.8,9,0,SUSPICIOUS,1
139931.25,85.71,2,0.0,4,1,0,1871.7,1,16.9,1,3,0.51,4,1,FRAUD,2
2761.55,-0.02,0,1.0,0,0,1,21.7,0,79.2,0,1,0.93,22,0,NORMAL,0
2656.24,-0.09,0,1.0,0,0,1,46.8,0,90.3,0,1,0.91,18,0,NORMAL,0
731.3,-1.29,0,1.0,0,0,1,12.0,0,78.8,0,1,0.96,20,0,NORMAL,0
1585.25,-0.76,0,1.0,0,0,0,9.4,0,98.0,0,1,0.98,13,0,NORMAL,0
3532.93,0.46,0,1.0,0,0,1,34.4,0,99.3,0,1,0.96,21,0,NORMAL,0
1563.6,-0.77,0,1.0,0,0,1,26.5,0,88.3,0,1,0.93,10,0,NORMAL,0
876.67,-1.2,0,1.0,0,0,1,31.8,0,92.3,1,1,0.92,18,0,NORMAL,0
4002.71,0.75,1,1.0,0,0,1,0.0,0,85.3,0,1,0.92,15,0,NORMAL,0
2576.43,-0.14,0,1.0,0,0,1,29.6,0,96.4,0,1,0.93,14,0,NORMAL,0
1457.0,-0.84,0,1.0,0,0,1,20.6,0,81.3,0,1,0.93,10,0,NORMAL,0
96351.88,58.47,2,0.0,7,1,0,1755.8,1,8.1,1,3,0.52,23,1,FRAUD,2
4555.01,1.1,0,1.0,0,0,1,0.0,0,96.6,0,1,0.91,13,0,NORMAL,0
3979.16,0.74,0,1.0,0,0,1,0.0,0,80.4,0,1,0.94,14,0,NORMAL,0
25101.57,13.94,1,0.5,1,0,1,177.7,0,47.0,1,1,0.77,5,1,SUSPICIOUS,1
3113.37,0.2,0,0.8,0,0,1,0.0,0,98.4,0,1,0.97,12,0,NORMAL,0
2684.3,-0.07,0,1.0,0,0,0,11.7,0,97.1,0,1,0.98,17,0,NORMAL,0
1704.77,-0.68,0,1.0,0,0,1,22.2,0,98.2,0,1,0.96,14,0,NORMAL,0
2749.67,-0.03,0,1.0,0,0,1,58.3,0,93.4,0,1,0.95,12,0,NORMAL,0
1990.32,-0.51,0,1.0,0,0,1,40.6,0,96.3,0,1,0.94,19,0,NORMAL,0
2346.31,-0.28,0,1.0,0,0,1,53.8,0,91.7,0,1,0.98,11,0,NORMAL,0
2890.56,0.06,0,1.0,0,0,1,2.0,0,82.3,0,1,0.91,10,0,NORMAL,0
1712.97,-0.68,0,1.0,0,0,1,16.6,0,86.3,0,1,0.93,12,0,NORMAL,0
5468.2,1.67,0,1.0,0,0,1,19.6,0,77.0,1,1,0.95,14,0,NORMAL,0
1931.51,-0.54,0,1.0,0,0,1,18.8,0,87.6,0,1,0.97,9,0,NORMAL,0
3762.72,0.6,0,1.0,0,0,1,1.1,0,93.3,0,1,0.99,11,0,NORMAL,0
75724.14,45.58,2,0.2,3,1,0,3023.5,1,18.5,1,2,0.41,2,1,FRAUD,2
2024.66,-0.48,0,0.8,1,0,0,37.6,0,91.1,0,1,0.95,18,0,NORMAL,0
4254.55,0.91,0,1.0,0,0,1,43.8,0,85.8,0,1,0.97,10,0,NORMAL,0
85250.15,51.53,2,0.0,5,1,0,2448.0,1,16.5,1,4,0.49,4,1,FRAUD,2
2553.97,-0.15,0,1.0,0,0,0,0.0,0,87.9,0,1,0.9,18,0,NORMAL,0
28147.23,15.84,2,0.5,2,0,0,184.9,0,54.7,1,1,0.83,7,1,SUSPICIOUS,1
4785.9,1.24,0,0.8,0,0,1,0.0,0,95.9,0,1,0.97,10,0,NORMAL,0
2464.22,-0.21,1,1.0,0,0,1,40.6,0,87.8,0,1,0.97,22,0,NORMAL,0
4897.37,1.31,0,0.8,0,0,1,16.7,0,91.4,0,1,0.99,14,0,NORMAL,0
3163.78,0.23,0,1.0,0,0,1,23.4,0,86.3,0,1,0.94,20,0,NORMAL,0
1122.84,-1.05,0,1.0,0,0,1,0.0,0,85.5,0,1,0.9,22,0,NORMAL,0
2925.16,0.08,0,1.0,0,0,1,0.0,0,81.2,0,1,0.95,13,0,NORMAL,0
3009.15,0.13,0,0.8,0,0,1,0.0,0,80.3,0,1,0.95,11,0,NORMAL,0
2926.37,0.08,0,1.0,0,0,1,0.0,0,80.9,0,1,0.92,15,0,NORMAL,0
711.73,-1.31,0,1.0,0,0,1,26.7,0,87.4,0,1,0.97,9,0,NORMAL,0
3039.74,0.15,0,0.8,0,0,1,39.9,0,84.7,0,1,0.96,14,0,NORMAL,0
4462.43,1.04,0,1.0,0,0,1,2.7,0,88.8,0,1,0.91,13,0,NORMAL,0
140612.94,86.13,2,0.0,4,1,0,3948.5,1,7.0,1,4,0.31,23,1,FRAUD,2
2923.43,0.08,0,1.0,0,0,1,5.6,0,75.7,0,1,0.94,17,0,NORMAL,0
6586.12,2.37,0,0.8,0,0,1,12.5,0,88.0,0,1,0.96,15,0,NORMAL,0
2184.07,-0.38,0,1.0,0,0,1,0.0,0,77.2,0,1,0.92,15,0,NORMAL,0
4052.32,0.78,0,1.0,0,0,1,59.9,0,82.1,0,1,0.93,20,0,NORMAL,0
2917.09,0.07,1,1.0,0,0,1,43.7,0,96.5,0,1,0.99,19,0,NORMAL,0
40793.86,23.75,2,0.5,1,0,0,314.8,0,47.0,1,1,0.73,2,1,SUSPICIOUS,1
1145.44,-1.03,0,1.0,0,0,1,25.7,0,83.4,1,1,0.99,17,0,NORMAL,0
158.43,-1.65,0,1.0,0,0,1,0.5,0,91.8,0,1,0.96,11,0,NORMAL,0
4037.83,0.77,0,1.0,0,0,1,57.9,0,77.1,0,1,0.92,15,0,NORMAL,0
3028.61,0.14,0,1.0,0,0,1,0.7,0,96.5,0,1,0.96,21,0,NORMAL,0
2715.56,-0.05,0,1.0,0,0,0,33.0,0,97.5,0,1,0.95,12,0,NORMAL,0
3397.44,0.37,0,0.8,1,0,1,0.0,0,92.7,0,1,0.99,17,0,NORMAL,0
4748.51,1.22,1,1.0,0,0,1,17.9,0,98.4,0,1,0.93,11,0,NORMAL,0
3091.01,0.18,0,1.0,0,0,1,7.2,0,80.9,1,1,0.93,13,0,NORMAL,0
2113.65,-0.43,0,1.0,0,0,1,2.7,0,96.8,0,1,0.94,17,0,NORMAL,0
3424.26,0.39,0,1.0,0,0,0,0.9,0,77.2,0,1,0.98,17,0,NORMAL,0
5269.22,1.54,0,1.0,0,0,1,5.2,0,83.9,0,1,0.99,13,0,NORMAL,0
1574.74,-0.77,1,1.0,0,0,1,24.3,0,96.6,0,1,0.98,17,0,NORMAL,0
3574.35,0.48,0,1.0,0,0,1,45.1,0,83.7,0,1,0.97,13,0,NORMAL,0
1420.21,-0.86,1,1.0,0,0,1,24.2,0,84.4,0,1,0.99,21,0,NORMAL,0
1114.2,-1.05,0,1.0,0,0,1,18.0,0,98.9,0,1,0.97,10,0,NORMAL,0
2733.4,-0.04,0,0.8,0,0,1,33.7,0,94.6,0,1,0.96,13,0,NORMAL,0
2350.68,-0.28,0,1.0,0,0,1,18.1,0,80.6,0,1,0.96,22,0,NORMAL,0
46810.43,27.51,2,0.5,1,0,1,198.7,0,60.0,0,2,0.74,11,0,SUSPICIOUS,1
50.0,-1.72,0,1.0,0,0,1,7.9,0,80.7,0,1,0.93,15,0,NORMAL,0
687.68,-1.32,0,1.0,0,0,1,7.0,0,94.0,0,1,0.97,13,0,NORMAL,0
3237.84,0.27,0,1.0,0,0,0,0.0,0,83.2,0,1,0.91,16,0,NORMAL,0
103420.52,62.89,2,0.2,3,1,0,4198.9,1,19.6,1,2,0.35,4,1,FRAUD,2
1712.79,-0.68,0,1.0,0,0,1,17.2,0,79.9,0,1,0.91,14,0,NORMAL,0
3411.62,0.38,0,1.0,0,0,1,0.0,0,85.1,0,1,0.95,20,0,NORMAL,0
3423.46,0.39,1,1.0,0,0,1,37.9,0,76.1,0,1,0.95,21,0,NORMAL,0
2712.67,-0.05,0,1.0,0,0,1,16.0,0,77.9,0,1,0.9,17,0,NORMAL,0
32657.2,18.66,1,0.5,1,1,1,121.1,0,66.6,1,1,0.79,8,0,SUSPICIOUS,1
4179.02,0.86,0,1.0,0,0,1,41.6,0,90.1,0,1,0.91,10,0,NORMAL,0
50.0,-1.72,0,1.0,0,0,1,11.8,0,90.3,0,1,0.92,10,0,NORMAL,0
2253.87,-0.34,0,1.0,0,0,1,49.7,0,98.1,0,1,0.92,22,0,NORMAL,0
5275.6,1.55,0,1.0,0,0,1,39.0,0,76.7,0,1,0.94,12,0,NORMAL,0
3671.44,0.54,0,0.8,1,0,1,0.0,0,91.4,1,1,0.91,14,0,NORMAL,0
1660.11,-0.71,0,1.0,0,0,1,23.6,0,75.5,0,1,0.94,19,0,NORMAL,0
2910.67,0.07,0,1.0,0,0,1,15.0,0,89.6,0,1,0.95,15,0,NORMAL,0
1750.51,-0.66,0,1.0,0,0,1,14.8,0,83.7,0,1,0.91,21,0,NORMAL,0
2074.68,-0.45,0,1.0,0,0,1,4.3,0,79.2,0,1,0.91,18,0,NORMAL,0
4807.17,1.25,0,1.0,0,0,1,45.7,0,86.6,0,1,0.9,14,0,NORMAL,0
3757.46,0.6,0,1.0,0,0,1,8.4,0,85.2,0,1,0.98,16,0,NORMAL,0
34806.02,20.0,1,0.8,1,1,0,232.3,0,64.4,0,1,0.89,23,1,SUSPICIOUS,1
2375.65,-0.27,0,1.0,1,0,0,0.0,0,90.6,1,1,0.94,22,0,NORMAL,0
2414.81,-0.24,1,1.0,0,0,1,22.7,0,94.1,0,1,0.97,20,0,NORMAL,0
2220.17,-0.36,0,1.0,0,0,0,13.6,0,97.7,0,1,0.96,11,0,NORMAL,0
3193.32,0.25,0,1.0,0,0,1,0.1,0,88.9,0,1,0.96,14,0,NORMAL,0
699.55,-1.31,0,0.8,0,0,1,38.6,0,83.9,0,1,0.9,16,0,NORMAL,0
3855.08,0.66,0,1.0,0,0,1,0.0,0,97.7,1,1,0.97,12,0,NORMAL,0
3405.52,0.38,0,1.0,0,0,1,44.0,0,93.6,0,1,0.97,21,0,NORMAL,0
32531.03,18.58,2,0.8,2,0,0,346.0,0,63.3,1,1,0.75,12,0,SUSPICIOUS,1
2312.04,-0.3,0,1.0,0,0,1,0.0,0,94.2,1,1,0.94,16,0,NORMAL,0
199.57,-1.63,0,1.0,0,0,0,24.1,0,97.7,0,1,0.96,20,0,NORMAL,0
1343.13,-0.91,0,0.8,0,0,1,31.8,0,96.8,0,1,0.95,21,0,NORMAL,0
1733.74,-0.67,0,1.0,0,0,1,26.0,0,93.9,0,1,0.94,9,0,NORMAL,0
35882.49,20.68,1,0.8,1,0,1,267.4,0,54.9,1,1,0.71,19,0,SUSPICIOUS,1
5962.65,1.98,1,1.0,0,0,1,0.0,0,97.1,0,1,0.95,12,0,NORMAL,0
2941.09,0.09,0,1.0,0,0,1,2.1,0,97.5,0,1,0.95,22,0,NORMAL,0
4444.7,1.03,0,0.8,0,0,1,14.1,0,75.4,0,1,0.93,13,0,NORMAL,0
2669.6,-0.08,0,1.0,0,0,1,34.5,0,81.0,0,1,0.98,9,0,NORMAL,0
68708.23,41.19,2,0.2,4,1,0,4270.6,1,22.9,1,3,0.37,2,1,FRAUD,2
5241.35,1.53,1,1.0,0,0,1,7.0,0,96.5,0,1,0.98,13,0,NORMAL,0
27786.39,15.62,1,0.8,1,0,0,323.2,0,54.1,1,1,0.78,16,0,SUSPICIOUS,1
48996.93,28.87,1,0.8,2,0,1,188.2,0,74.8,1,1,0.74,2,1,SUSPICIOUS,1
3275.34,0.3,0,1.0,0,0,1,15.4,0,87.8,0,1,0.98,20,0,NORMAL,0
1624.61,-0.73,0,1.0,0,0,0,2.2,0,81.3,0,1,0.96,9,0,NORMAL,0
5097.46,1.44,0,1.0,0,0,1,25.4,0,91.2,1,1,0.92,13,0,NORMAL,0
2219.19,-0.36,1,1.0,0,0,1,15.6,0,98.4,0,1,0.93,12,0,NORMAL,0
2957.68,0.1,0,1.0,0,0,1,27.4,0,85.2,0,1,0.95,13,0,NORMAL,0
4877.23,1.3,0,0.8,0,0,1,0.0,0,84.4,0,1,0.97,20,0,NORMAL,0
50.0,-1.72,0,1.0,0,0,1,0.6,0,83.4,1,1,0.97,22,0,NORMAL,0
5818.97,1.89,0,1.0,0,0,1,0.0,0,90.2,0,1,0.93,9,0,NORMAL,0
1869.18,-0.58,0,1.0,0,0,1,8.4,0,81.6,0,1,0.95,9,0,NORMAL,0
35357.29,20.35,2,0.5,2,0,0,264.8,0,69.6,1,1,0.86,12,0,SUSPICIOUS,1
3053.63,0.16,0,1.0,1,0,1,3.0,0,97.8,0,1,0.96,17,0,NORMAL,0
3028.04,0.14,0,1.0,0,0,1,7.8,0,98.8,0,1,0.93,10,0,NORMAL,0
5731.0,1.83,0,1.0,1,0,0,39.8,0,92.7,0,1,0.93,9,0,NORMAL,0
2471.74,-0.21,1,1.0,0,0,1,24.0,0,90.3,0,1,0.97,9,0,NORMAL,0
39370.33,22.86,1,0.8,1,0,1,194.4,0,62.5,0,1,0.74,8,0,SUSPICIOUS,1
1250.7,-0.97,0,0.8,0,0,1,0.0,0,96.6,0,1,0.96,12,0,NORMAL,0
365.4,-1.52,0,1.0,0,0,0,50.7,0,78.0,0,1,0.9,19,0,NORMAL,0
122473.54,74.8,2,0.2,5,1,0,4367.0,1,28.6,1,3,0.2,3,1,FRAUD,2
4489.4,1.06,0,1.0,0,0,0,2.2,0,98.4,0,1,0.93,22,0,NORMAL,0
45386.09,26.62,1,0.8,2,0,1,175.4,0,70.2,0,1,0.83,21,0,SUSPICIOUS,1
115501.49,70.44,2,0.0,7,1,0,1831.7,1,9.1,1,3,0.17,1,1,FRAUD,2
5857.92,1.91,0,0.8,0,0,1,25.7,0,96.6,1,1,0.97,21,0,NORMAL,0
4175.8,0.86,1,1.0,0,0,1,0.0,0,77.3,0,1,0.92,10,0,NORMAL,0
2984.47,0.12,0,1.0,0,0,1,7.3,0,98.5,0,1,0.91,12,0,NORMAL,0
4272.02,0.92,0,1.0,0,0,1,36.4,0,78.7,0,1,0.96,13,0,NORMAL,0
1220.45,-0.99,0,0.8,0,0,1,41.4,0,96.6,0,1,0.93,14,0,NORMAL,0
116192.67,70.87,2,0.0,4,1,0,1722.8,1,21.3,1,3,0.26,5,1,FRAUD,2
2767.94,-0.02,0,1.0,0,0,1,11.0,0,83.1,0,1,0.98,15,0,NORMAL,0
2842.25,0.03,0,1.0,0,0,1,6.4,0,84.4,0,1,0.97,22,0,NORMAL,0
1951.61,-0.53,0,1.0,0,0,0,55.0,0,86.5,0,1,0.92,11,0,NORMAL,0
4924.37,1.33,0,0.8,0,0,1,0.0,0,97.3,0,1,0.96,11,0,NORMAL,0
78.15,-1.7,0,1.0,0,0,1,61.0,0,96.1,0,1,0.96,12,0,NORMAL,0
150.71,-1.66,0,1.0,0,0,1,13.7,0,88.8,0,1,0.95,10,0,NORMAL,0
173.85,-1.64,0,1.0,0,0,0,6.1,0,88.4,0,1,0.97,14,0,NORMAL,0
645.64,-1.35,0,1.0,0,0,1,0.0,0,89.7,0,1,0.91,14,0,NORMAL,0
5086.48,1.43,0,0.8,0,0,1,30.4,0,98.8,1,1,0.96,19,0,NORMAL,0
2277.24,-0.33,0,1.0,0,0,1,0.0,0,96.6,1,1,0.95,20,0,NORMAL,0
47465.2,27.92,2,0.8,1,0,1,220.8,0,47.4,0,1,0.88,19,0,SUSPICIOUS,1
4102.75,0.81,0,1.0,0,0,1,16.5,0,81.8,0,1,0.94,21,0,NORMAL,0
2229.89,-0.36,0,1.0,0,0,1,0.0,0,89.3,0,1,0.97,19,0,NORMAL,0
4304.48,0.94,0,1.0,0,0,1,0.0,0,80.4,0,1,0.98,14,0,NORMAL,0
3519.37,0.45,0,1.0,0,0,1,30.0,0,80.8,0,1,0.95,16,0,NORMAL,0
1654.21,-0.72,0,1.0,0,0,1,26.3,0,77.6,0,1,0.93,21,0,NORMAL,0
138121.79,84.58,2,0.0,7,1,0,1597.9,1,25.1,1,4,0.54,5,1,FRAUD,2
2306.65,-0.31,0,1.0,0,0,1,17.8,0,90.9,0,1,0.96,9,0,NORMAL,0
1539.46,-0.79,0,1.0,1,0,1,0.8,0,95.9,1,1,0.95,13,0,NORMAL,0
122908.56,75.07,2,0.0,6,1,0,1275.8,1,18.4,1,3,0.18,5,1,FRAUD,2
44299.65,25.94,1,0.8,1,0,0,147.6,0,71.5,1,1,0.86,9,0,SUSPICIOUS,1
3330.72,0.33,0,1.0,0,0,1,45.9,0,80.2,0,1,0.95,10,0,NORMAL,0
90.29,-1.69,0,1.0,0,0,1,41.4,0,92.8,0,1,0.96,15,0,NORMAL,0
3336.74,0.34,0,1.0,0,0,1,15.8,0,77.0,0,1,0.93,10,0,NORMAL,0
1796.39,-0.63,0,0.8,0,0,0,0.5,0,79.4,0,1,0.98,11,0,NORMAL,0
2912.09,0.07,0,1.0,0,0,1,0.0,0,78.0,0,1,0.92,14,0,NORMAL,0
3807.48,0.63,0,1.0,0,0,1,16.7,0,84.8,1,1,0.91,15,0,NORMAL,0
2099.9,-0.44,0,1.0,0,0,1,25.9,0,80.8,0,1,0.94,10,0,NORMAL,0
1147.1,-1.03,0,1.0,0,0,1,39.1,0,88.4,0,1,0.99,14,0,NORMAL,0
1323.18,-0.92,0,1.0,0,0,1,16.3,0,91.4,0,1,0.97,10,0,NORMAL,0
6096.99,2.06,0,1.0,0,0,1,19.9,0,76.7,1,1,0.96,20,0,NORMAL,0
43566.16,25.48,1,0.8,1,1,1,305.5,0,51.4,1,1,0.83,10,0,SUSPICIOUS,1
2647.69,-0.1,0,1.0,0,0,1,30.9,0,93.5,0,1,0.92,16,0,NORMAL,0
1844.2,-0.6,1,1.0,0,0,0,21.3,0,87.0,0,1,0.97,15,0,NORMAL,0
4572.21,1.11,0,1.0,0,0,1,19.2,0,84.0,0,1,0.98,14,0,NORMAL,0
1175.88,-1.02,1,1.0,0,0,1,17.1,0,80.5,0,1,0.93,22,0,NORMAL,0
3139.54,0.21,0,1.0,0,0,1,35.5,0,82.8,0,1,0.99,13,0,NORMAL,0
42996.03,25.12,2,0.5,1,1,0,347.6,0,66.0,1,1,0.73,4,1,SUSPICIOUS,1
1384.2,-0.88,0,1.0,0,0,1,14.6,0,85.9,1,1,0.9,9,0,NORMAL,0
2831.22,0.02,0,0.8,0,0,1,35.6,0,97.1,0,1,0.95,21,0,NORMAL,0
3578.15,0.49,0,1.0,0,0,1,0.0,0,92.3,1,1,0.97,15,0,NORMAL,0
4184.48,0.87,0,1.0,0,0,1,14.6,0,98.6,1,1,0.94,9,0,NORMAL,0
659.59,-1.34,0,1.0,0,0,0,18.9,0,94.6,1,1,0.9,17,0,NORMAL,0
1368.23,-0.89,1,0.8,0,0,1,27.6,0,96.5,0,1,0.95,20,0,NORMAL,0
4185.27,0.87,0,1.0,0,0,1,6.4,0,96.9,0,1,0.96,9,0,NORMAL,0
4959.72,1.35,0,1.0,0,0,1,15.4,0,76.6,0,1,0.94,16,0,NORMAL,0
3237.1,0.27,0,1.0,0,0,1,3.6,0,88.6,0,1,0.99,11,0,NORMAL,0
30821.85,17.51,2,0.5,1,0,1,86.9,0,72.9,1,1,0.72,13,0,SUSPICIOUS,1
4888.18,1.31,0,1.0,0,0,1,22.7,0,84.0,0,1,0.91,21,0,NORMAL,0
2288.46,-0.32,0,1.0,0,0,1,16.0,0,79.8,0,1,0.97,19,0,NORMAL,0
385.66,-1.51,0,1.0,0,0,1,15.2,0,92.3,0,1,0.95,14,0,NORMAL,0
4058.6,0.79,0,1.0,0,0,1,0.0,0,87.7,0,1,0.9,17,0,NORMAL,0
4175.78,0.86,0,1.0,0,0,1,39.1,0,98.5,0,1,0.94,19,0,NORMAL,0
111688.13,68.06,2,0.2,3,1,0,2635.3,1,15.9,1,4,0.42,4,1,FRAUD,2
41565.54,24.23,1,0.8,2,0,1,141.5,0,74.3,0,1,0.79,17,0,SUSPICIOUS,1
6027.37,2.02,0,1.0,0,0,1,41.8,0,88.7,0,1,0.92,15,0,NORMAL,0
4559.04,1.1,0,1.0,0,0,1,11.3,0,98.9,0,1,0.96,15,0,NORMAL,0
1991.07,-0.51,0,1.0,0,0,1,20.8,0,75.9,0,1,0.94,21,0,NORMAL,0
272.39,-1.58,0,1.0,0,0,1,18.7,0,84.8,0,1,0.92,15,0,NORMAL,0
2276.95,-0.33,0,0.8,1,0,1,14.8,0,79.1,1,1,0.95,10,0,NORMAL,0
2451.82,-0.22,0,1.0,0,0,0,0.0,0,97.8,0,1,0.92,11,0,NORMAL,0
4383.79,0.99,0,1.0,0,0,1,10.6,0,77.5,1,1,0.98,21,0,NORMAL,0
122008.16,74.51,2,0.0,3,1,0,2642.9,1,12.8,1,4,0.12,3,1,FRAUD,2
2747.48,-0.03,0,1.0,0,0,1,0.0,0,75.0,0,1,0.91,20,0,NORMAL,0
1298.51,-0.94,0,1.0,0,0,1,38.5,0,94.2,0,1,0.91,10,0,NORMAL,0
3016.23,0.14,0,1.0,0,0,1,0.0,0,76.7,0,1,0.91,22,0,NORMAL,0
891.58,-1.19,0,1.0,0,0,1,1.1,0,95.3,0,1,0.93,11,0,NORMAL,0
3879.2,0.67,0,1.0,0,0,0,35.7,0,81.9,0,1,0.91,9,0,NORMAL,0
234.17,-1.6,1,0.8,0,0,0,39.3,0,93.5,1,1,0.97,18,0,NORMAL,0
45551.29,26.72,2,0.8,2,1,0,164.7,0,60.7,1,1,0.83,0,1,SUSPICIOUS,1
3163.86,0.23,0,1.0,0,0,1,0.0,0,100.0,0,1,0.96,18,0,NORMAL,0
2371.62,-0.27,0,1.0,0,0,1,10.9,0,76.3,0,1,0.91,11,0,NORMAL,0
3215.43,0.26,0,1.0,0,0,1,42.3,0,82.9,0,1,0.96,10,0,NORMAL,0
3156.17,0.22,0,1.0,0,0,1,10.4,0,99.5,0,1,0.94,13,0,NORMAL,0
3476.06,0.42,0,1.0,0,0,0,1.6,0,93.0,0,1,0.94,14,0,NORMAL,0
2532.49,-0.17,0,1.0,0,0,1,19.9,0,80.2,0,1,0.95,20,0,NORMAL,0
1614.44,-0.74,0,1.0,0,0,1,36.4,0,96.5,0,1,0.93,22,0,NORMAL,0
35422.94,20.39,2,0.8,2,0,0,320.7,0,69.2,1,1,0.73,13,0,SUSPICIOUS,1
1511.86,-0.81,0,1.0,0,0,0,0.0,0,84.0,0,1,0.91,12,0,NORMAL,0
4418.73,1.01,0,1.0,0,0,1,34.8,0,84.6,0,1,0.98,22,0,NORMAL,0
27188.61,15.24,1,0.8,2,1,1,112.2,0,68.5,0,1,0.71,8,0,SUSPICIOUS,1
385.66,-1.51,0,1.0,0,0,1,36.1,0,77.7,0,1,0.96,18,0,NORMAL,0
6381.42,2.24,0,1.0,0,0,1,0.0,0,76.9,0,1,0.92,17,0,NORMAL,0
3597.57,0.5,0,1.0,0,0,0,10.1,0,91.5,0,1,0.95,18,0,NORMAL,0
2449.89,-0.22,1,0.8,0,0,1,28.5,0,79.2,0,1,0.96,18,0,NORMAL,0
2619.7,-0.11,1,1.0,0,0,0,15.3,0,93.3,0,1,0.98,11,0,NORMAL,0
175.44,-1.64,0,1.0,0,0,0,7.8,0,75.1,0,1,0.97,21,0,NORMAL,0
5503.18,1.69,0,1.0,0,0,1,17.5,0,80.9,0,1,0.93,12,0,NORMAL,0
4901.83,1.31,1,1.0,0,0,1,0.0,0,93.3,0,1,0.97,20,0,NORMAL,0
3443.56,0.4,0,1.0,0,0,1,2.8,0,95.8,0,1,0.91,13,0,NORMAL,0
50.0,-1.72,0,1.0,0,0,1,19.7,0,96.8,0,1,0.95,19,0,NORMAL,0
5449.68,1.66,0,1.0,0,0,0,0.0,0,98.0,0,1,0.91,15,0,NORMAL,0
2801.54,0.0,0,1.0,0,0,1,23.0,0,83.7,0,1,0.99,18,0,NORMAL,0
2517.36,-0.18,0,1.0,0,0,1,16.4,0,78.3,0,1,0.94,20,0,NORMAL,0
50.0,-1.72,1,1.0,0,0,1,15.0,0,96.1,0,1,0.97,22,0,NORMAL,0
50.0,-1.72,0,1.0,0,0,0,0.0,0,88.9,0,1,0.92,12,0,NORMAL,0
1566.6,-0.77,0,1.0,0,0,0,10.3,0,80.3,0,1,0.92,20,0,NORMAL,0
1996.7,-0.5,0,1.0,0,0,1,31.3,0,82.3,0,1,0.92,19,0,NORMAL,0
1045.36,-1.1,1,1.0,0,0,1,1.5,0,86.8,0,1,0.9,22,0,NORMAL,0
2111.99,-0.43,0,1.0,0,0,1,0.0,0,91.6,0,1,0.92,21,0,NORMAL,0
2506.04,-0.18,0,1.0,0,0,1,11.9,0,82.2,0,1,0.96,12,0,NORMAL,0
576.15,-1.39,0,1.0,0,0,1,6.2,0,89.9,0,1,0.96,21,0,NORMAL,0
2809.72,0.01,0,1.0,0,0,1,3.5,0,82.7,0,1,0.93,16,0,NORMAL,0
3150.21,0.22,1,1.0,0,0,1,9.4,0,78.5,0,1,0.97,20,0,NORMAL,0
885.57,-1.2,0,1.0,0,0,1,26.9,0,82.8,0,1,0.96,12,0,NORMAL,0
44979.08,26.36,1,0.8,2,1,0,166.6,0,60.4,1,1,0.84,2,1,SUSPICIOUS,1
5579.25,1.74,0,1.0,0,0,1,15.4,0,91.6,0,1,0.94,9,0,NORMAL,0
4156.06,0.85,0,1.0,0,0,1,0.0,0,99.9,0,1,0.93,18,0,NORMAL,0
7615.78,3.01,1,0.8,0,0,1,46.7,0,88.7,0,1,0.97,22,0,NORMAL,0
2336.98,-0.29,0,1.0,0,0,1,0.0,0,99.0,0,1,0.96,10,0,NORMAL,0
50.0,-1.72,0,0.8,0,0,0,12.1,0,89.4,1,1,0.98,9,0,NORMAL,0
3231.57,0.27,0,1.0,0,0,1,6.6,0,83.2,0,1,0.92,9,0,NORMAL,0
6053.11,2.03,1,1.0,0,0,1,0.0,0,97.8,0,1,0.92,12,0,NORMAL,0
1298.7,-0.94,0,1.0,0,0,0,12.6,0,81.8,0,1,0.95,18,0,NORMAL,0
4261.23,0.91,0,1.0,0,0,1,5.9,0,75.2,0,1,0.97,10,0,NORMAL,0
1639.31,-0.73,0,1.0,0,0,1,35.2,0,92.9,1,1,0.92,19,0,NORMAL,0
983.13,-1.14,0,0.8,0,0,1,0.7,0,77.3,0,1,0.95,11,0,NORMAL,0
2718.51,-0.05,1,1.0,0,0,0,0.0,0,77.2,0,1,0.93,18,0,NORMAL,0
1975.38,-0.52,0,1.0,0,0,1,14.1,0,88.9,0,1,0.99,16,0,NORMAL,0
1133.44,-1.04,0,1.0,0,0,1,11.8,0,99.5,0,1,0.93,14,0,NORMAL,0
50.0,-1.72,0,1.0,0,0,1,4.0,0,99.3,0,1,0.93,9,0,NORMAL,0
1150.2,-1.03,0,1.0,0,0,1,39.6,0,79.1,1,1,0.97,18,0,NORMAL,0
2836.72,0.02,0,1.0,0,0,1,15.7,0,97.4,0,1,0.94,16,0,NORMAL,0
1069.54,-1.08,0,0.8,0,0,0,0.0,0,77.7,0,1,0.96,9,0,NORMAL,0
2385.69,-0.26,0,1.0,0,0,1,24.5,0,92.7,0,1,0.98,20,0,NORMAL,0
6109.79,2.07,0,1.0,0,0,0,28.2,0,95.1,0,1,0.9,13,0,NORMAL,0
4919.6,1.32,0,0.8,0,0,1,43.9,0,84.2,0,1,0.98,21,0,NORMAL,0
4912.25,1.32,0,1.0,0,0,1,17.0,0,77.2,0,1,0.91,10,0,NORMAL,0
2718.62,-0.05,0,1.0,0,0,1,20.6,0,96.2,0,1,0.93,22,0,NORMAL,0
2572.74,-0.14,0,1.0,0,0,1,0.0,0,83.0,0,1,0.99,20,0,NORMAL,0
2717.09,-0.05,0,1.0,0,0,1,21.2,0,88.7,0,1,0.96,16,0,NORMAL,0
983.59,-1.14,0,1.0,0,0,1,0.0,0,79.8,1,1,0.94,19,0,NORMAL,0
41122.61,23.95,1,0.5,1,0,0,109.2,0,51.8,1,1,0.81,12,0,SUSPICIOUS,1
40893.01,23.81,1,0.5,1,1,1,172.9,0,49.1,1,1,0.73,1,1,SUSPICIOUS,1
93352.02,56.6,2,0.2,5,1,0,1099.1,1,5.2,1,2,0.38,1,1,FRAUD,2
1126.71,-1.05,0,1.0,0,0,1,22.6,0,78.1,0,1,0.92,11,0,NORMAL,0
3755.64,0.6,0,1.0,0,0,1,14.0,0,85.3,0,1,0.98,9,0,NORMAL,0
918.64,-1.18,0,0.8,0,0,1,9.6,0,97.5,0,1,0.96,20,0,NORMAL,0
4187.83,0.87,0,1.0,0,0,1,0.0,0,89.7,0,1,0.92,10,0,NORMAL,0
2375.32,-0.27,0,1.0,0,0,0,0.0,0,94.5,0,1,0.96,9,0,NORMAL,0
4413.12,1.01,0,1.0,0,0,1,46.9,0,76.9,0,1,0.93,20,0,NORMAL,0
4131.63,0.83,0,0.8,0,0,1,23.0,0,80.9,0,1,0.9,14,0,NORMAL,0
4996.98,1.37,1,1.0,0,0,1,0.0,0,79.5,0,1,0.95,22,0,NORMAL,0
1777.44,-0.64,1,0.8,0,0,1,10.4,0,83.5,0,1,0.96,22,0,NORMAL,0
3624.0,0.52,0,1.0,0,0,0,26.2,0,90.1,0,1,0.97,17,0,NORMAL,0
2769.42,-0.02,0,1.0,0,0,1,16.5,0,89.3,0,1,0.94,13,0,NORMAL,0
3756.6,0.6,0,1.0,0,0,1,0.0,0,88.1,0,1,0.98,18,0,NORMAL,0
2675.43,-0.08,0,1.0,0,0,1,45.1,0,94.7,0,1,0.95,22,0,NORMAL,0
2011.73,-0.49,0,1.0,0,0,1,53.7,0,75.7,0,1,0.91,12,0,NORMAL,0
3454.72,0.41,0,1.0,0,0,1,17.7,0,90.0,1,1,0.96,22,0,NORMAL,0
1811.31,-0.62,0,1.0,0,0,1,13.1,0,89.8,0,1,0.96,11,0,NORMAL,0
2117.38,-0.43,0,1.0,0,0,1,11.4,0,81.9,0,1,0.94,14,0,NORMAL,0
1666.07,-0.71,0,1.0,0,0,0,17.8,0,84.7,0,1,0.93,17,0,NORMAL,0
2650.97,-0.09,0,1.0,0,0,1,0.0,0,86.0,0,1,0.98,17,0,NORMAL,0
5468.65,1.67,0,1.0,0,0,1,7.8,0,90.6,0,1,0.97,22,0,NORMAL,0
902.51,-1.19,0,1.0,0,0,1,10.6,0,87.7,0,1,0.94,9,0,NORMAL,0
1203.88,-1.0,0,0.8,0,0,1,25.4,0,89.1,0,1,0.95,22,0,NORMAL,0
133016.06,81.39,2,0.0,5,1,0,3148.8,1,6.7,1,3,0.5,1,1,FRAUD,2
30469.87,17.29,2,0.8,2,0,1,306.3,0,74.5,0,1,0.88,22,0,SUSPICIOUS,1
5344.1,1.59,0,1.0,0,0,1,0.0,0,80.2,1,1,0.93,20,0,NORMAL,0
4775.67,1.23,1,1.0,0,0,1,52.1,0,77.9,0,1,0.93,20,0,NORMAL,0
1976.23,-0.51,0,1.0,0,0,1,7.6,0,88.3,0,1,0.97,17,0,NORMAL,0
1001.77,-1.12,0,1.0,0,0,1,21.3,0,92.4,0,1,0.94,10,0,NORMAL,0
50.0,-1.72,0,1.0,0,0,1,0.0,0,81.4,0,1,0.96,13,0,NORMAL,0
2487.07,-0.2,1,1.0,0,0,1,0.0,0,87.7,0,1,0.99,19,0,NORMAL,0
2868.41,0.04,1,1.0,0,0,1,3.2,0,76.0,0,1,0.92,15,0,NORMAL,0
6190.15,2.12,0,1.0,0,0,1,15.5,0,77.7,0,1,0.95,14,0,NORMAL,0
5657.13,1.79,0,0.8,0,0,1,0.0,0,89.6,0,1,0.95,14,0,NORMAL,0
2346.38,-0.28,0,1.0,0,0,1,0.0,0,85.7,0,1,0.94,21,0,NORMAL,0
1837.92,-0.6,0,0.8,0,0,1,47.3,0,83.4,0,1,0.92,12,0,NORMAL,0
5081.76,1.43,0,1.0,0,0,0,0.0,0,87.8,0,1,0.94,18,0,NORMAL,0
4144.58,0.84,0,1.0,0,0,1,28.9,0,90.9,0,1,0.96,22,0,NORMAL,0
1331.54,-0.92,0,0.8,0,0,1,26.3,0,79.8,0,1,0.94,17,0,NORMAL,0
1651.39,-0.72,0,1.0,0,0,1,18.3,0,91.0,0,1,0.91,22,0,NORMAL,0
3875.57,0.67,0,1.0,0,0,1,0.0,0,95.2,0,1,0.94,10,0,NORMAL,0
3119.6,0.2,0,1.0,0,0,1,28.7,0,97.8,0,1,0.93,17,0,NORMAL,0
3013.86,0.13,0,1.0,0,0,1,26.2,0,94.7,0,1,0.93,10,0,NORMAL,0
50.0,-1.72,0,1.0,0,0,1,15.7,0,88.2,0,1,0.94,15,0,NORMAL,0
3856.91,0.66,0,0.8,0,0,1,44.8,0,78.1,0,1,0.93,22,0,NORMAL,0
4168.13,0.86,0,1.0,0,0,1,37.9,0,91.1,0,1,0.92,12,0,NORMAL,0
85957.16,51.97,2,0.0,5,1,0,1165.7,1,28.1,1,4,0.1,3,1,FRAUD,2
6192.06,2.12,0,1.0,0,0,1,34.7,0,93.5,0,1,0.97,12,0,NORMAL,0
38882.1,22.55,2,0.5,1,1,1,89.6,0,62.4,1,2,0.72,1,1,SUSPICIOUS,1
731.51,-1.29,0,1.0,0,0,1,17.3,0,82.1,1,1,0.9,22,0,NORMAL,0
4727.04,1.2,0,0.8,0,0,1,30.2,0,88.3,0,1,0.94,22,0,NORMAL,0
2623.92,-0.11,0,1.0,0,0,1,0.0,0,98.0,0,1,0.93,21,0,NORMAL,0
32183.69,18.36,1,0.5,1,0,0,340.3,0,57.5,1,1,0.85,10,0,SUSPICIOUS,1
1797.28,-0.63,0,1.0,0,0,1,13.8,0,88.3,0,1,0.92,14,0,NORMAL,0
1525.61,-0.8,0,1.0,0,0,1,28.4,0,89.2,0,1,0.95,19,0,NORMAL,0
2197.35,-0.38,0,1.0,0,0,1,4.8,0,87.7,0,1,0.91,18,0,NORMAL,0
131621.84,80.51,2,0.0,5,1,0,1792.0,1,23.6,1,3,0.48,23,1,FRAUD,2
4618.4,1.14,0,1.0,0,0,1,42.8,0,97.3,1,1,0.91,17,0,NORMAL,0
5472.66,1.67,0,1.0,1,0,1,45.5,0,78.1,0,1,0.97,13,0,NORMAL,0
3148.55,0.22,0,1.0,0,0,1,32.1,0,78.9,0,1,0.94,20,0,NORMAL,0
3582.07,0.49,0,0.8,0,0,1,0.0,0,93.2,0,1,0.99,20,0,NORMAL,0
1472.35,-0.83,0,1.0,0,0,1,15.0,0,97.0,0,1,0.98,22,0,NORMAL,0
747.53,-1.28,0,0.8,0,0,1,33.5,0,94.4,0,1,0.95,15,0,NORMAL,0
3991.32,0.74,0,1.0,0,0,1,15.0,0,90.7,1,1,0.92,16,0,NORMAL,0
405.22,-1.5,0,1.0,0,0,0,0.0,0,79.6,0,1,0.96,12,0,NORMAL,0
2473.56,-0.2,0,1.0,0,0,0,85.9,0,82.9,0,1,0.9,18,0,NORMAL,0
4810.36,1.26,1,1.0,0,0,1,32.6,0,92.9,0,1,0.94,20,0,NORMAL,0
38856.37,22.54,1,0.5,1,0,0,101.4,0,66.7,1,1,0.84,12,0,SUSPICIOUS,1
738.4,-1.29,0,1.0,0,0,1,33.7,0,82.4,0,1,0.94,17,0,NORMAL,0
2084.89,-0.45,0,1.0,0,0,1,38.4,0,89.5,1,1,0.96,14,0,NORMAL,0
422.42,-1.49,0,1.0,0,0,1,33.6,0,75.8,1,1,0.95,11,0,NORMAL,0
2732.03,-0.04,0,1.0,0,0,1,0.0,0,85.7,0,1,0.95,16,0,NORMAL,0
321.32,-1.55,0,1.0,0,0,1,3.6,0,93.6,0,1,0.91,16,0,NORMAL,0
5585.72,1.74,0,1.0,0,0,1,0.0,0,79.0,0,1,0.97,15,0,NORMAL,0
1603.34,-0.75,0,1.0,1,0,1,4.4,0,85.2,0,1,0.9,13,0,NORMAL,0
2294.84,-0.32,1,1.0,0,0,1,58.0,0,84.4,0,1,0.94,19,0,NORMAL,0
76328.97,45.96,2,0.2,4,1,0,3741.2,1,11.0,1,2,0.12,0,1,FRAUD,2
4575.8,1.11,0,1.0,1,0,0,25.2,0,87.7,0,1,0.96,17,0,NORMAL,0
1921.18,-0.55,0,1.0,0,0,1,26.4,0,95.6,1,1,0.95,9,0,NORMAL,0
113092.86,68.93,2,0.0,4,1,0,2367.7,1,12.9,1,3,0.35,5,1,FRAUD,2
3777.04,0.61,0,1.0,0,0,1,46.5,0,99.0,0,1,0.96,22,0,NORMAL,0
28292.43,15.93,2,0.8,1,0,0,228.0,0,69.4,1,1,0.84,9,0,SUSPICIOUS,1
1749.1,-0.66,1,1.0,0,0,1,40.3,0,83.4,0,1,0.93,10,0,NORMAL,0
4592.93,1.12,0,0.8,0,0,1,0.0,0,84.6,0,1,0.94,9,0,NORMAL,0
2011.76,-0.49,0,1.0,0,0,0,0.0,0,78.3,0,1,0.96,19,0,NORMAL,0
1024.52,-1.11,0,1.0,0,0,1,9.3,0,97.9,1,1,0.97,18,0,NORMAL,0
2336.97,-0.29,0,0.8,0,0,1,35.8,0,75.6,0,1,0.97,10,0,NORMAL,0
4149.04,0.84,1,1.0,0,0,1,14.9,0,96.6,0,1,0.95,14,0,NORMAL,0
43482.14,25.43,1,0.5,1,0,1,307.7,0,66.8,0,2,0.74,6,1,SUSPICIOUS,1
4119.63,0.82,0,1.0,0,0,1,11.3,0,79.4,0,1,0.96,17,0,NORMAL,0
46098.35,27.06,1,0.5,1,0,0,94.3,0,47.5,0,2,0.86,10,0,SUSPICIOUS,1
4699.2,1.19,0,1.0,0,0,1,32.8,0,83.8,1,1,0.99,19,0,NORMAL,0
2906.15,0.07,0,1.0,0,0,1,13.6,0,77.3,0,1,0.98,19,0,NORMAL,0
3433.33,0.4,0,1.0,0,0,0,20.5,0,77.9,0,1,0.95,10,0,NORMAL,0
2287.72,-0.32,0,1.0,0,0,1,7.2,0,98.5,0,1,0.97,22,0,NORMAL,0
36406.2,21.0,2,0.8,2,0,0,250.0,0,53.4,1,2,0.77,2,1,SUSPICIOUS,1
3102.49,0.19,0,1.0,0,0,1,25.8,0,84.7,0,1,0.97,14,0,NORMAL,0
3700.43,0.56,1,1.0,0,0,1,21.2,0,87.1,0,1,0.95,22,0,NORMAL,0
118234.45,72.15,2,0.0,4,1,0,988.1,1,13.6,1,3,0.14,4,1,FRAUD,2
2797.51,-0.0,0,1.0,0,0,1,40.0,0,77.6,0,1,0.96,16,0,NORMAL,0
1188.37,-1.01,0,0.8,0,0,1,55.5,0,84.5,0,1,0.9,14,0,NORMAL,0
3772.94,0.61,0,1.0,0,0,1,0.2,0,95.0,0,1,0.94,14,0,NORMAL,0
3150.99,0.22,0,1.0,0,0,1,0.0,0,94.6,0,1,0.98,13,0,NORMAL,0
4376.51,0.99,0,1.0,1,0,1,20.1,0,78.8,0,1,0.94,13,0,NORMAL,0
44882.46,26.3,2,0.8,1,0,0,326.5,0,51.2,1,1,0.8,5,1,SUSPICIOUS,1
4412.21,1.01,0,0.8,0,0,0,0.0,0,76.6,0,1,0.92,13,0,NORMAL,0
50.0,-1.72,0,1.0,0,0,1,36.0,0,83.5,0,1,0.93,9,0,NORMAL,0
3642.71,0.53,0,1.0,0,0,1,25.4,0,95.1,1,1,0.95,18,0,NORMAL,0
1496.03,-0.81,0,1.0,0,0,1,69.0,0,87.7,0,1,0.92,14,0,NORMAL,0
1893.61,-0.57,0,1.0,0,0,1,0.0,0,98.5,0,1,0.96,13,0,NORMAL,0
2762.01,-0.02,0,1.0,0,0,1,11.4,0,93.7,0,1,0.93,14,0,NORMAL,0
836.18,-1.23,0,1.0,0,0,1,3.0,0,90.6,0,1,0.97,19,0,NORMAL,0
2680.14,-0.07,0,1.0,0,0,1,37.7,0,81.0,0,1,0.92,18,0,NORMAL,0
4949.79,1.34,1,1.0,0,0,1,17.9,0,78.6,0,1,0.95,19,0,NORMAL,0
3689.21,0.56,0,1.0,1,0,1,14.6,0,79.7,0,1,0.95,21,0,NORMAL,0
3357.74,0.35,0,1.0,0,0,0,21.5,0,81.6,0,1,0.9,16,0,NORMAL,0
2886.22,0.05,0,1.0,1,0,1,6.8,0,84.2,0,1,0.91,14,0,NORMAL,0
4645.54,1.15,0,1.0,0,0,1,0.0,0,85.9,0,1,0.97,16,0,NORMAL,0
6707.75,2.44,0,0.8,0,0,0,19.7,0,87.3,0,1,0.95,22,0,NORMAL,0
3697.73,0.56,0,1.0,0,0,1,0.0,0,98.6,1,1,0.92,12,0,NORMAL,0
5405.89,1.63,0,1.0,0,0,1,0.0,0,79.7,0,1,0.93,11,0,NORMAL,0
1423.35,-0.86,0,1.0,0,0,1,44.7,0,87.9,0,1,0.92,9,0,NORMAL,0
1331.89,-0.92,0,1.0,0,0,1,2.8,0,94.8,0,1,0.91,20,0,NORMAL,0
1835.23,-0.6,0,1.0,0,0,1,13.9,0,75.4,0,1,0.91,19,0,NORMAL,0
5185.97,1.49,0,0.8,0,0,1,0.0,0,99.2,0,1,0.95,18,0,NORMAL,0
3434.21,0.4,0,0.8,0,0,1,19.8,0,95.7,0,1,0.95,19,0,NORMAL,0
37082.3,21.43,2,0.8,1,0,0,268.1,0,73.4,0,1,0.75,16,0,SUSPICIOUS,1
3339.57,0.34,1,1.0,0,0,1,24.8,0,95.9,0,1,0.93,16,0,NORMAL,0
1591.08,-0.76,0,1.0,0,0,1,9.6,0,91.7,0,1,0.99,18,0,NORMAL,0
3894.8,0.68,0,1.0,0,0,0,20.6,0,90.4,1,1,0.92,22,0,NORMAL,0
28131.63,15.83,2,0.8,1,0,0,263.1,0,73.9,1,2,0.79,21,0,SUSPICIOUS,1
2521.88,-0.17,0,1.0,0,0,0,24.7,0,83.9,0,1,0.96,13,0,NORMAL,0
3022.13,0.14,0,1.0,0,0,1,2.0,0,93.0,0,1,0.97,17,0,NORMAL,0
4710.78,1.19,0,1.0,0,0,1,0.0,0,98.2,0,1,0.93,14,0,NORMAL,0
3596.87,0.5,0,1.0,0,0,1,0.0,0,77.8,0,1,0.93,11,0,NORMAL,0
3454.31,0.41,0,0.8,0,0,1,15.8,0,86.4,0,1,0.99,22,0,NORMAL,0
47058.02,27.66,2,0.8,2,0,1,212.4,0,57.4,1,1,0.86,0,1,SUSPICIOUS,1
1838.76,-0.6,1,1.0,0,0,0,9.3,0,93.3,0,1,0.96,18,0,NORMAL,0
4598.63,1.12,0,1.0,0,0,1,9.1,0,79.4,0,1,0.93,9,0,NORMAL,0
2532.17,-0.17,0,1.0,1,0,1,21.3,0,89.2,0,1,0.98,12,0,NORMAL,0
2120.53,-0.42,0,1.0,0,0,1,24.2,0,80.7,1,1,0.92,15,0,NORMAL,0
4723.85,1.2,0,1.0,0,0,0,0.0,0,83.1,0,1,0.93,22,0,NORMAL,0
5220.62,1.51,0,1.0,1,0,1,9.4,0,91.1,0,1,0.98,16,0,NORMAL,0
40807.66,23.75,1,0.5,1,0,1,273.6,0,47.2,0,2,0.88,4,1,SUSPICIOUS,1
33056.07,18.91,2,0.5,1,0,1,125.5,0,72.1,1,1,0.87,5,1,SUSPICIOUS,1
2355.06,-0.28,1,1.0,0,0,1,12.0,0,94.9,0,1,0.96,10,0,NORMAL,0
2215.75,-0.37,0,1.0,0,0,1,0.0,0,77.7,0,1,0.95,17,0,NORMAL,0
4630.88,1.14,0,1.0,0,0,1,3.5,0,87.5,0,1,0.92,15,0,NORMAL,0
4768.2,1.23,1,1.0,0,0,1,18.9,0,93.1,0,1,0.98,20,0,NORMAL,0
137773.07,84.36,2,0.0,6,1,0,4460.1,1,27.7,1,3,0.49,1,1,FRAUD,2
1477.37,-0.83,0,1.0,0,0,1,48.0,0,92.3,0,1,0.93,19,0,NORMAL,0
2570.61,-0.14,1,1.0,0,0,1,61.7,0,77.5,0,1,0.94,19,0,NORMAL,0
3297.26,0.31,0,1.0,0,0,1,20.1,0,90.2,0,1,0.94,19,0,NORMAL,0
1215.48,-0.99,0,1.0,0,0,1,13.6,0,96.4,0,1,0.99,10,0,NORMAL,0
41572.63,24.23,1,0.5,1,0,0,80.7,0,70.0,1,1,0.83,10,0,SUSPICIOUS,1
1730.45,-0.67,1,1.0,0,0,1,0.0,0,96.5,0,1,0.91,12,0,NORMAL,0
1879.29,-0.58,0,1.0,0,0,1,13.1,0,95.3,0,1,0.95,11,0,NORMAL,0
4512.8,1.07,0,1.0,0,0,1,5.1,0,95.5,1,1,0.9,14,0,NORMAL,0
1734.55,-0.67,0,1.0,0,0,1,25.0,0,76.8,0,1,0.96,19,0,NORMAL,0
2643.83,-0.1,0,1.0,0,0,1,0.0,0,95.8,0,1,0.94,19,0,NORMAL,0
2744.63,-0.03,0,1.0,0,0,1,12.8,0,86.9,1,1,0.95,15,0,NORMAL,0
25508.77,14.19,1,0.5,2,1,0,250.6,0,45.8,1,1,0.86,8,0,SUSPICIOUS,1
674.21,-1.33,1,1.0,0,0,1,9.0,0,89.3,0,1,0.93,16,0,NORMAL,0
50.0,-1.72,0,1.0,0,0,1,54.6,0,90.8,0,1,0.96,11,0,NORMAL,0
4701.22,1.19,0,1.0,0,0,1,16.9,0,93.3,0,1,0.94,20,0,NORMAL,0
42398.65,24.75,1,0.5,2,0,0,298.1,0,46.5,1,2,0.88,7,1,SUSPICIOUS,1
4228.79,0.89,0,1.0,1,0,1,9.4,0,83.7,0,1,0.97,9,0,NORMAL,0
50.0,-1.72,0,1.0,0,0,1,10.1,0,82.0,0,1,0.94,12,0,NORMAL,0
2315.44,-0.3,0,1.0,0,0,1,27.1,0,95.7,1,1,0.95,15,0,NORMAL,0
3223.94,0.26,1,1.0,0,0,1,37.2,0,91.9,0,1,0.94,20,0,NORMAL,0
50.0,-1.72,0,0.8,1,0,0,10.9,0,79.9,0,1,0.97,18,0,NORMAL,0
106964.11,65.1,2,0.0,6,1,0,996.3,1,11.4,1,4,0.25,4,1,FRAUD,2
2257.18,-0.34,0,1.0,1,0,1,0.0,0,77.8,0,1,0.93,22,0,NORMAL,0
4333.65,0.96,0,1.0,0,0,1,6.3,0,88.3,0,1,0.91,11,0,NORMAL,0
4216.57,0.89,1,1.0,0,0,1,36.7,0,96.2,0,1,0.95,22,0,NORMAL,0
1703.13,-0.69,0,1.0,0,0,1,12.0,0,84.9,0,1,0.96,20,0,NORMAL,0
28754.5,16.22,2,0.8,2,0,1,242.5,0,46.5,0,1,0.87,15,0,SUSPICIOUS,1
2112.05,-0.43,0,1.0,1,0,1,25.5,0,85.2,0,1,0.95,12,0,NORMAL,0
33888.75,19.43,1,0.5,1,0,0,98.2,0,59.4,0,1,0.85,19,0,SUSPICIOUS,1
86926.67,52.58,2,0.0,4,1,0,2772.8,1,13.3,1,2,0.17,2,1,FRAUD,2
1344.36,-0.91,0,1.0,0,0,0,35.1,0,90.4,0,1,0.92,18,0,NORMAL,0
1011.2,-1.12,0,1.0,0,0,1,35.4,0,84.8,0,1,0.94,20,0,NORMAL,0
50.0,-1.72,0,1.0,0,0,1,14.6,0,95.8,0,1,0.93,20,0,NORMAL,0
2930.23,0.08,0,1.0,0,0,1,22.7,0,76.7,0,1,0.96,13,0,NORMAL,0
5624.83,1.77,1,1.0,0,0,1,21.8,0,89.1,0,1,0.98,18,0,NORMAL,0
3250.3,0.28,0,1.0,0,0,1,21.6,0,85.1,1,1,0.91,21,0,NORMAL,0
4883.78,1.3,0,1.0,0,0,1,0.0,0,82.9,0,1,0.96,15,0,NORMAL,0
4143.37,0.84,0,1.0,0,0,0,12.8,0,79.1,0,1,0.97,9,0,NORMAL,0
3213.86,0.26,0,1.0,0,0,1,5.2,0,90.0,0,1,0.93,21,0,NORMAL,0
3833.96,0.65,0,1.0,0,0,1,7.3,0,92.3,1,1,0.98,16,0,NORMAL,0
2109.3,-0.43,0,1.0,0,0,1,31.5,0,95.5,0,1,0.9,13,0,NORMAL,0
6378.67,2.24,1,1.0,0,0,1,26.2,0,98.1,0,1,0.92,12,0,NORMAL,0
4498.87,1.06,0,1.0,0,0,1,9.8,0,78.7,0,1,0.94,17,0,NORMAL,0
1202.83,-1.0,0,0.8,0,0,1,14.0,0,88.1,0,1,0.99,16,0,NORMAL,0
5040.25,1.4,0,1.0,0,0,1,3.2,0,87.1,0,1,0.92,13,0,NORMAL,0
1036.83,-1.1,0,1.0,0,0,0,0.0,0,78.8,0,1,0.93,16,0,NORMAL,0
1859.3,-0.59,0,1.0,0,0,1,17.7,0,81.0,0,1,0.97,15,0,NORMAL,0
882.83,-1.2,0,1.0,0,0,1,22.9,0,99.3,0,1,0.99,14,0,NORMAL,0
25612.55,14.26,1,0.8,1,0,0,265.1,0,55.4,1,1,0.79,20,0,SUSPICIOUS,1
50.0,-1.72,0,1.0,0,0,1,25.3,0,89.3,0,1,0.91,14,0,NORMAL,0
1610.72,-0.74,0,1.0,0,0,1,27.9,0,82.8,0,1,0.97,20,0,NORMAL,0
2826.66,0.02,1,1.0,0,0,1,0.0,0,83.2,0,1,0.98,22,0,NORMAL,0
93845.65,56.9,2,0.2,6,1,0,3985.6,1,17.3,1,3,0.46,23,1,FRAUD,2
881.81,-1.2,0,1.0,1,0,1,27.6,0,79.2,0,1,0.93,11,0,NORMAL,0
4436.23,1.02,0,1.0,0,0,1,21.7,0,76.0,0,1,0.98,17,0,NORMAL,0
2890.05,0.06,1,1.0,0,0,1,0.0,0,91.2,0,1,0.93,9,0,NORMAL,0
4550.89,1.09,0,1.0,0,0,1,11.7,0,87.9,0,1,0.99,12,0,NORMAL,0
6696.29,2.44,0,1.0,0,0,1,29.9,0,96.0,1,1,0.93,20,0,NORMAL,0
4335.57,0.96,0,0.8,0,0,1,0.0,0,75.5,0,1,0.97,18,0,NORMAL,0
25488.58,14.18,1,0.5,1,0,1,332.1,0,71.2,1,1,0.77,1,1,SUSPICIOUS,1
50.0,-1.72,0,1.0,0,0,1,0.0,0,81.6,0,1,0.92,16,0,NORMAL,0
120710.43,73.69,2,0.0,6,1,0,4243.9,1,20.2,1,2,0.11,2,1,FRAUD,2
851.03,-1.22,1,1.0,0,0,0,12.4,0,91.9,0,1,0.97,9,0,NORMAL,0
1336.25,-0.91,0,1.0,0,0,1,34.0,0,91.4,0,1,0.93,19,0,NORMAL,0
95005.36,57.63,2,0.0,3,1,0,1295.0,1,15.6,1,2,0.18,1,1,FRAUD,2
2331.78,-0.29,0,1.0,0,0,1,21.6,0,94.1,0,1,0.96,16,0,NORMAL,0
3795.43,0.62,0,1.0,0,0,0,11.4,0,82.9,0,1,0.96,13,0,NORMAL,0
3734.36,0.58,1,1.0,0,0,1,22.4,0,88.8,0,1,0.91,21,0,NORMAL,0
3437.58,0.4,0,0.8,0,0,1,10.5,0,75.4,0,1,0.99,10,0,NORMAL,0
1672.41,-0.7,0,1.0,0,0,0,4.6,0,90.3,0,1,0.93,11,0,NORMAL,0
1283.53,-0.95,0,1.0,0,0,1,4.7,0,99.7,0,1,0.96,21,0,NORMAL,0
3993.49,0.75,0,1.0,0,0,0,31.9,0,97.3,0,1,0.97,9,0,NORMAL,0
3565.01,0.48,0,0.8,0,0,1,16.0,0,90.1,0,1,0.97,17,0,NORMAL,0
37680.5,21.8,1,0.8,2,1,1,213.1,0,70.1,0,1,0.78,16,0,SUSPICIOUS,1
50.0,-1.72,1,1.0,1,0,1,45.9,0,87.9,0,1,0.95,16,0,NORMAL,0
3087.95,0.18,0,1.0,0,0,1,0.0,0,84.0,0,1,0.96,19,0,NORMAL,0
25934.94,14.46,1,0.5,1,0,0,348.7,0,67.7,1,1,0.75,2,1,SUSPICIOUS,1
6471.97,2.29,1,1.0,0,0,1,31.3,0,95.5,0,1,0.92,13,0,NORMAL,0
3681.56,0.55,0,1.0,0,0,1,31.4,0,99.8,0,1,0.98,12,0,NORMAL,0
50.0,-1.72,0,1.0,0,0,1,28.0,0,82.3,0,1,0.96,19,0,NORMAL,0
4377.58,0.99,0,1.0,0,0,1,0.0,0,80.0,0,1,0.93,10,0,NORMAL,0
32301.46,18.44,1,0.8,1,0,0,117.1,0,45.2,1,1,0.79,22,0,SUSPICIOUS,1
77471.11,46.67,2,0.0,3,1,0,4190.5,1,16.5,1,3,0.44,0,1,FRAUD,2
41760.88,24.35,1,0.8,1,0,0,127.7,0,53.6,1,1,0.74,0,1,SUSPICIOUS,1
3342.67,0.34,0,1.0,1,0,1,0.0,0,92.2,0,1,0.91,15,0,NORMAL,0
5924.49,1.95,0,0.8,0,0,1,19.2,0,78.1,0,1,0.95,13,0,NORMAL,0
1289.71,-0.94,0,1.0,0,0,1,18.4,0,87.2,0,1,0.92,16,0,NORMAL,0
2982.36,0.11,0,0.8,0,0,1,28.3,0,96.1,0,1,0.93,20,0,NORMAL,0
713.13,-1.3,1,1.0,0,0,1,54.2,0,86.2,0,1,0.91,21,0,NORMAL,0
2861.08,0.04,0,1.0,0,0,1,16.5,0,77.8,0,1,0.91,20,0,NORMAL,0
2968.75,0.11,0,1.0,0,0,1,31.2,0,98.6,0,1,0.92,20,0,NORMAL,0
2861.42,0.04,0,0.8,0,0,1,43.5,0,83.3,0,1,0.97,16,0,NORMAL,0
6750.05,2.47,0,1.0,0,0,1,12.3,0,88.0,0,1,0.91,21,0,NORMAL,0
1494.42,-0.82,1,0.8,0,0,1,24.6,0,92.6,0,1,0.94,17,0,NORMAL,0
6236.44,2.15,0,1.0,0,0,1,8.9,0,83.0,0,1,0.94,17,0,NORMAL,0
3056.09,0.16,0,1.0,0,0,1,0.0,0,79.0,0,1,0.94,19,0,NORMAL,0
48365.55,28.48,1,0.8,1,0,0,334.0,0,55.4,1,1,0.87,11,0,SUSPICIOUS,1
2605.02,-0.12,0,1.0,0,0,1,18.7,0,99.0,0,1,0.95,12,0,NORMAL,0
1591.99,-0.76,0,1.0,0,0,1,0.0,0,83.0,0,1,0.97,16,0,NORMAL,0
5112.96,1.45,0,1.0,0,0,1,16.5,0,98.5,0,1,0.92,10,0,NORMAL,0
2150.47,-0.41,0,1.0,0,0,1,5.1,0,95.9,0,1,0.97,11,0,NORMAL,0
31631.47,18.02,1,0.5,2,0,1,203.6,0,51.0,1,1,0.79,1,1,SUSPICIOUS,1
783.27,-1.26,0,1.0,0,0,1,49.3,0,83.6,0,1,0.93,13,0,NORMAL,0
3644.52,0.53,0,1.0,0,0,1,22.2,0,82.0,0,1,0.99,16,0,NORMAL,0
3948.17,0.72,0,1.0,0,0,1,21.8,0,95.0,0,1,0.93,16,0,NORMAL,0
4233.33,0.9,0,1.0,1,0,1,0.0,0,94.9,0,1,0.98,17,0,NORMAL,0
3772.54,0.61,1,1.0,0,0,0,15.3,0,96.0,0,1,0.96,13,0,NORMAL,0
2476.73,-0.2,0,1.0,0,0,1,4.2,0,89.8,0,1,0.99,15,0,NORMAL,0
4620.36,1.14,0,1.0,0,0,0,39.6,0,76.2,0,1,0.94,13,0,NORMAL,0
130361.42,79.73,2,0.2,3,1,0,3051.7,1,18.6,1,3,0.44,23,1,FRAUD,2
43324.97,25.33,1,0.5,1,0,0,310.8,0,50.4,1,1,0.88,4,1,SUSPICIOUS,1
50.0,-1.72,0,1.0,0,0,1,1.3,0,96.0,0,1,0.93,22,0,NORMAL,0
25937.88,14.46,2,0.8,1,0,1,206.2,0,49.4,1,2,0.72,15,0,SUSPICIOUS,1
26559.81,14.85,2,0.8,1,0,0,109.7,0,71.5,0,1,0.81,23,1,SUSPICIOUS,1
1989.7,-0.51,1,1.0,0,0,1,79.5,0,76.6,0,1,0.99,9,0,NORMAL,0
1775.88,-0.64,0,1.0,0,0,0,43.7,0,95.5,0,1,0.93,10,0,NORMAL,0
1802.35,-0.62,0,1.0,0,0,1,30.0,0,76.9,0,1,0.97,15,0,NORMAL,0
1942.01,-0.54,0,1.0,0,0,1,63.0,0,75.8,1,1,0.96,20,0,NORMAL,0
3729.82,0.58,1,1.0,0,0,1,0.0,0,95.6,0,1,0.93,13,0,NORMAL,0
380.71,-1.51,0,1.0,0,0,1,4.2,0,99.1,0,1,0.93,21,0,NORMAL,0
1475.89,-0.83,0,1.0,0,0,1,31.7,0,96.3,0,1,0.92,18,0,NORMAL,0
4035.85,0.77,0,1.0,1,0,1,21.3,0,96.7,0,1,0.92,12,0,NORMAL,0
4368.7,0.98,1,1.0,0,0,1,31.3,0,98.7,0,1,0.98,15,0,NORMAL,0
33572.02,19.23,2,0.8,1,0,1,150.7,0,69.5,0,1,0.72,6,1,SUSPICIOUS,1
3476.06,0.42,0,0.8,0,0,1,4.8,0,82.4,0,1,0.96,17,0,NORMAL,0
1376.98,-0.89,0,0.8,0,0,1,22.1,0,96.4,0,1,0.9,21,0,NORMAL,0
5359.89,1.6,0,1.0,0,0,1,0.0,0,95.6,0,1,0.96,14,0,NORMAL,0
3909.01,0.69,0,1.0,0,0,1,0.0,0,82.8,0,1,0.97,15,0,NORMAL,0
3240.49,0.28,0,1.0,0,0,1,31.9,0,87.7,0,1,0.97,13,0,NORMAL,0
2356.32,-0.28,0,1.0,0,0,1,61.1,0,98.1,0,1,0.91,16,0,NORMAL,0
4025.1,0.77,0,1.0,0,0,1,16.0,0,94.6,0,1,0.98,18,0,NORMAL,0
2934.11,0.08,0,1.0,0,0,1,0.0,0,83.3,0,1,0.96,20,0,NORMAL,0
1292.87,-0.94,0,1.0,0,0,1,0.0,0,77.8,0,1,0.96,19,0,NORMAL,0
41366.46,24.1,1,0.8,2,1,1,332.1,0,49.2,0,1,0.74,3,1,SUSPICIOUS,1
2518.83,-0.18,0,0.8,0,0,1,31.5,0,96.5,0,1,0.94,11,0,NORMAL,0
1717.34,-0.68,0,1.0,0,0,1,8.2,0,78.8,1,1,0.92,14,0,NORMAL,0
3780.82,0.61,0,1.0,0,0,1,0.0,0,91.6,0,1,0.96,11,0,NORMAL,0
3642.05,0.53,0,1.0,0,0,1,0.1,0,89.8,0,1,0.96,20,0,NORMAL,0
5138.21,1.46,0,1.0,0,0,1,16.6,0,95.2,0,1,0.98,16,0,NORMAL,0
1459.87,-0.84,1,1.0,0,0,1,48.1,0,80.6,0,1,0.92,9,0,NORMAL,0
3422.55,0.39,0,1.0,0,0,1,10.3,0,90.3,0,1,0.91,12,0,NORMAL,0
2793.41,-0.0,1,1.0,0,0,1,51.1,0,78.1,0,1,0.91,20,0,NORMAL,0
36834.75,21.27,1,0.5,1,0,0,178.4,0,74.6,0,1,0.86,2,1,SUSPICIOUS,1
2678.92,-0.08,0,1.0,0,0,1,0.0,0,88.7,0,1,0.9,9,0,NORMAL,0
40899.16,23.81,1,0.5,2,0,1,294.6,0,68.6,1,1,0.8,7,1,SUSPICIOUS,1
35372.78,20.36,1,0.8,1,0,0,320.5,0,45.8,1,1,0.84,4,1,SUSPICIOUS,1
2013.67,-0.49,0,1.0,0,0,1,1.2,0,83.7,0,1,0.9,10,0,NORMAL,0
1068.87,-1.08,0,0.8,0,0,0,5.0,0,81.8,0,1,0.91,12,0,NORMAL,0
2554.78,-0.15,0,1.0,0,0,1,0.0,0,83.9,0,1,0.96,19,0,NORMAL,0
1372.41,-0.89,0,1.0,1,0,0,17.1,0,99.0,0,1,0.99,19,0,NORMAL,0
44460.81,26.04,1,0.5,1,0,1,115.2,0,74.8,0,1,0.74,0,1,SUSPICIOUS,1
2895.0,0.06,0,1.0,0,0,1,61.2,0,81.5,0,1,0.96,12,0,NORMAL,0
3618.14,0.51,0,1.0,0,0,1,29.7,0,83.6,0,1,0.96,18,0,NORMAL,0
66105.16,39.57,2,0.0,7,1,0,3887.4,1,9.1,1,3,0.17,3,1,FRAUD,2
1493.93,-0.82,0,1.0,0,0,1,20.7,0,76.0,1,1,0.97,11,0,NORMAL,0
1546.62,-0.78,0,1.0,1,0,1,10.8,0,91.3,0,1,0.95,16,0,NORMAL,0
5100.32,1.44,0,1.0,0,0,1,16.6,0,94.0,0,1,0.94,15,0,NORMAL,0
846.99,-1.22,0,1.0,0,0,1,9.3,0,84.1,0,1,0.94,9,0,NORMAL,0
50.0,-1.72,0,1.0,0,0,1,15.1,0,91.7,0,1,0.94,16,0,NORMAL,0
1934.01,-0.54,0,1.0,0,0,1,36.9,0,81.8,0,1,0.96,16,0,NORMAL,0
4785.0,1.24,0,1.0,0,0,1,0.0,0,94.4,0,1,0.94,21,0,NORMAL,0
638.19,-1.35,1,1.0,0,0,0,22.8,0,99.3,0,1,0.92,19,0,NORMAL,0
93308.23,56.57,2,0.0,3,1,0,2971.6,1,19.4,1,2,0.55,4,1,FRAUD,2
4361.49,0.98,1,1.0,0,0,1,0.0,0,94.6,0,1,0.96,16,0,NORMAL,0
4814.44,1.26,1,1.0,0,0,1,11.4,0,87.2,1,1,0.95,15,0,NORMAL,0
3315.35,0.32,0,1.0,0,0,1,2.1,0,94.2,0,1,0.98,19,0,NORMAL,0
626.07,-1.36,0,1.0,0,0,1,18.0,0,89.4,0,1,0.92,9,0,NORMAL,0
3194.29,0.25,0,1.0,0,0,1,31.2,0,92.7,0,1,0.99,17,0,NORMAL,0
2005.95,-0.5,0,1.0,0,0,1,11.1,0,80.7,1,1,0.96,20,0,NORMAL,0
3234.59,0.27,0,0.8,0,0,0,6.9,0,82.9,0,1,0.91,22,0,NORMAL,0
39258.4,22.79,1,0.5,1,0,1,205.3,0,45.4,1,1,0.77,15,0,SUSPICIOUS,1
1856.21,-0.59,0,1.0,0,0,1,24.9,0,89.7,0,1,0.98,16,0,NORMAL,0
4457.42,1.04,0,1.0,0,0,1,26.8,0,93.3,0,1,0.92,19,0,NORMAL,0
1764.41,-0.65,0,1.0,0,0,1,14.6,0,75.6,1,1,0.95,10,0,NORMAL,0
4401.84,1.0,1,0.8,0,0,1,4.2,0,79.0,0,1,0.92,11,0,NORMAL,0
1721.83,-0.67,0,1.0,0,0,1,35.1,0,82.8,0,1,0.92,13,0,NORMAL,0
1327.35,-0.92,1,1.0,0,0,1,0.9,0,75.2,0,1,0.93,12,0,NORMAL,0
3840.41,0.65,0,0.8,0,0,1,0.0,0,91.6,0,1,0.94,22,0,NORMAL,0
2153.72,-0.4,0,1.0,0,0,1,0.0,0,90.6,0,1,0.92,16,0,NORMAL,0
2317.94,-0.3,0,1.0,0,0,1,7.2,0,81.6,0,1,0.94,10,0,NORMAL,0
5595.38,1.75,1,1.0,0,0,1,18.2,0,90.9,1,1,0.97,20,0,NORMAL,0
134421.92,82.26,2,0.2,6,1,0,1906.1,1,17.3,1,3,0.14,5,1,FRAUD,2
2918.07,0.07,0,1.0,0,0,1,0.0,0,86.2,0,1,0.96,14,0,NORMAL,0
2295.47,-0.32,0,1.0,0,0,1,4.8,0,96.9,0,1,0.97,18,0,NORMAL,0
3951.54,0.72,0,1.0,0,0,1,14.7,0,86.8,0,1,0.98,18,0,NORMAL,0
37089.63,21.43,1,0.8,1,1,1,295.4,0,57.5,1,2,0.76,8,0,SUSPICIOUS,1
2431.34,-0.23,0,1.0,0,0,1,74.2,0,91.0,1,1,0.97,13,0,NORMAL,0
1691.25,-0.69,1,1.0,0,0,1,0.0,0,85.6,0,1,0.99,21,0,NORMAL,0
1021.37,-1.11,0,1.0,0,0,1,0.2,0,78.2,0,1,0.98,19,0,NORMAL,0
4954.46,1.35,0,1.0,1,0,1,13.2,0,82.6,1,1,0.98,10,0,NORMAL,0
3420.28,0.39,0,1.0,0,0,1,0.0,0,93.8,0,1,0.92,14,0,NORMAL,0
47869.91,28.17,2,0.8,1,0,0,289.8,0,52.6,1,1,0.89,16,0,SUSPICIOUS,1
3640.36,0.53,0,1.0,0,0,1,43.4,0,85.0,0,1,0.94,13,0,NORMAL,0
35799.17,20.62,2,0.5,1,0,1,255.3,0,63.4,1,1,0.82,15,0,SUSPICIOUS,1
1871.64,-0.58,0,1.0,0,0,1,15.5,0,86.5,0,1,0.97,11,0,NORMAL,0
3204.4,0.25,0,1.0,0,0,1,0.7,0,85.7,1,1,0.9,20,0,NORMAL,0
121542.66,74.21,2,0.0,3,1,0,1293.2,1,12.8,1,3,0.12,4,1,FRAUD,2
3660.69,0.54,0,1.0,0,0,1,10.5,0,77.1,0,1,0.99,22,0,NORMAL,0
3344.23,0.34,0,0.8,0,0,1,32.5,0,85.9,0,1,0.93,14,0,NORMAL,0
3690.03,0.56,0,1.0,1,0,1,25.5,0,80.3,0,1,0.94,18,0,NORMAL,0
369.13,-1.52,1,1.0,0,0,1,43.0,0,95.3,0,1,0.9,13,0,NORMAL,0
117087.43,71.43,2,0.0,3,1,0,3117.4,1,24.0,1,2,0.4,5,1,FRAUD,2
36157.49,20.85,1,0.5,1,0,0,305.5,0,60.1,1,2,0.88,9,0,SUSPICIOUS,1
2096.55,-0.44,1,1.0,0,0,1,0.0,0,91.4,0,1,0.95,16,0,NORMAL,0
1031.97,-1.11,0,1.0,0,0,1,0.0,0,89.0,0,1,0.98,16,0,NORMAL,0
3829.13,0.64,1,1.0,0,0,1,73.7,0,76.7,0,1,0.94,10,0,NORMAL,0
3073.86,0.17,0,1.0,0,0,1,31.2,0,76.0,0,1,0.93,20,0,NORMAL,0
1496.26,-0.81,0,1.0,1,0,1,60.3,0,86.6,0,1,0.96,19,0,NORMAL,0
6387.14,2.24,0,0.8,0,0,1,0.0,0,94.6,0,1,0.98,18,0,NORMAL,0
3383.39,0.36,0,1.0,0,0,1,45.2,0,83.8,0,1,0.93,9,0,NORMAL,0
1307.56,-0.93,0,1.0,0,0,1,16.3,0,92.7,0,1,0.98,9,0,NORMAL,0
2186.73,-0.38,1,1.0,0,0,1,50.5,0,87.0,1,1,0.91,11,0,NORMAL,0
3030.4,0.14,0,1.0,0,0,1,0.0,0,82.3,0,1,0.97,13,0,NORMAL,0
2344.39,-0.28,0,1.0,0,0,1,4.2,0,95.0,0,1,0.94,10,0,NORMAL,0
5603.82,1.75,0,1.0,0,0,1,36.9,0,75.2,0,1,0.96,14,0,NORMAL,0
5324.19,1.58,0,1.0,0,0,1,0.0,0,95.8,1,1,0.96,14,0,NORMAL,0
1986.5,-0.51,0,1.0,0,0,1,6.4,0,91.7,0,1,0.98,14,0,NORMAL,0
4602.29,1.13,0,1.0,0,0,1,26.3,0,83.5,0,1,0.97,18,0,NORMAL,0
3919.95,0.7,0,1.0,0,0,1,0.0,0,96.8,0,1,0.98,20,0,NORMAL,0
2843.73,0.03,0,1.0,1,0,0,19.4,0,83.7,0,1,0.98,19,0,NORMAL,0
2460.36,-0.21,0,0.8,0,0,1,0.0,0,77.8,0,1,0.96,21,0,NORMAL,0
2804.11,0.0,0,1.0,0,0,1,12.4,0,96.0,0,1,0.98,16,0,NORMAL,0
1256.89,-0.96,0,1.0,0,0,1,4.4,0,91.6,0,1,0.96,11,0,NORMAL,0
6062.05,2.04,0,1.0,0,0,1,0.0,0,88.8,0,1,0.97,13,0,NORMAL,0
2948.14,0.09,0,1.0,0,0,1,0.0,0,91.4,0,1,0.92,12,0,NORMAL,0
128917.12,78.82,2,0.0,6,1,0,2222.0,1,9.0,1,4,0.27,0,1,FRAUD,2
40172.25,23.36,1,0.8,2,0,1,349.1,0,61.5,1,1,0.81,8,0,SUSPICIOUS,1
1126.48,-1.05,0,1.0,0,0,0,18.1,0,80.6,0,1,0.92,15,0,NORMAL,0
47358.12,27.85,2,0.8,2,0,1,273.0,0,68.8,1,1,0.81,10,0,SUSPICIOUS,1
1203.21,-1.0,0,1.0,0,0,0,2.4,0,88.3,0,1,0.95,12,0,NORMAL,0
1855.31,-0.59,0,1.0,0,0,1,9.8,0,93.7,0,1,0.91,17,0,NORMAL,0
1717.19,-0.68,0,1.0,0,0,0,11.3,0,93.1,0,1,0.96,18,0,NORMAL,0
39032.21,22.65,1,0.8,1,1,1,302.3,0,53.5,1,1,0.74,20,0,SUSPICIOUS,1
3522.02,0.45,0,1.0,0,0,1,38.2,0,82.0,0,1,0.94,11,0,NORMAL,0
3204.55,0.25,0,1.0,0,0,1,5.2,0,98.9,1,1,0.96,10,0,NORMAL,0
3235.32,0.27,0,1.0,1,0,1,1.2,0,89.4,0,1,0.93,9,0,NORMAL,0
1527.35,-0.8,1,1.0,0,0,0,18.0,0,83.4,0,1,0.95,20,0,NORMAL,0
1582.79,-0.76,0,0.8,0,0,1,0.0,0,91.2,1,1,0.91,12,0,NORMAL,0
4435.4,1.02,1,1.0,0,0,1,14.4,0,82.1,0,1,0.95,22,0,NORMAL,0
1963.48,-0.52,1,1.0,0,0,1,0.0,0,75.8,0,1,0.96,19,0,NORMAL,0
94205.82,57.13,2,0.0,3,1,0,1412.3,1,9.0,1,3,0.18,5,1,FRAUD,2
1731.74,-0.67,0,1.0,0,0,1,0.0,0,77.3,0,1,0.91,19,0,NORMAL,0
4173.55,0.86,0,1.0,0,0,1,0.0,0,89.0,0,1,0.96,20,0,NORMAL,0
2575.55,-0.14,0,1.0,0,0,1,0.0,0,84.8,0,1,0.98,9,0,NORMAL,0
149543.65,91.71,2,0.0,5,1,0,2621.2,1,25.9,1,3,0.35,23,1,FRAUD,2
6607.64,2.38,1,1.0,0,0,1,33.4,0,76.6,0,1,0.96,17,0,NORMAL,0
34484.85,19.8,2,0.8,1,0,0,302.2,0,49.6,1,1,0.71,12,0,SUSPICIOUS,1
39764.69,23.1,2,0.5,1,0,1,287.9,0,64.1,0,1,0.79,5,1,SUSPICIOUS,1
3094.9,0.18,0,1.0,0,0,0,17.3,0,90.3,0,1,0.98,10,0,NORMAL,0
5631.56,1.77,1,1.0,0,0,1,9.4,0,82.4,0,1,0.96,19,0,NORMAL,0
75900.91,45.69,2,0.0,7,1,0,2549.8,1,5.5,1,3,0.43,3,1,FRAUD,2
2999.32,0.12,0,1.0,0,0,1,12.1,0,82.4,0,1,0.91,10,0,NORMAL,0
3890.27,0.68,0,1.0,0,0,1,10.6,0,89.8,0,1,0.92,22,0,NORMAL,0
3773.36,0.61,0,1.0,0,0,1,24.4,0,97.9,0,1,0.93,21,0,NORMAL,0
2564.54,-0.15,0,1.0,0,0,1,18.1,0,88.6,0,1,0.92,14,0,NORMAL,0
2447.5,-0.22,0,0.8,0,0,1,3.2,0,84.1,0,1,0.93,18,0,NORMAL,0
2456.68,-0.21,0,1.0,0,0,1,34.2,0,92.8,0,1,0.91,22,0,NORMAL,0
3226.23,0.27,0,1.0,0,0,1,0.0,0,86.5,0,1,0.96,17,0,NORMAL,0
3893.46,0.68,0,1.0,0,0,1,2.7,0,85.9,0,1,0.92,10,0,NORMAL,0
4303.36,0.94,1,1.0,0,0,0,28.5,0,81.7,0,1,0.91,17,0,NORMAL,0
3135.43,0.21,0,1.0,0,0,1,13.5,0,77.7,0,1,0.98,15,0,NORMAL,0
1169.85,-1.02,1,1.0,0,0,1,15.3,0,87.4,0,1,0.93,15,0,NORMAL,0
3695.15,0.56,0,1.0,0,0,1,0.0,0,99.3,0,1,0.92,12,0,NORMAL,0
95057.7,57.66,2,0.0,5,1,0,3565.6,1,28.3,1,3,0.13,23,1,FRAUD,2
3959.31,0.72,0,0.8,0,0,1,8.1,0,78.5,0,1,0.96,15,0,NORMAL,0
2454.81,-0.22,0,1.0,0,0,1,0.0,0,81.2,0,1,0.92,13,0,NORMAL,0
3421.88,0.39,0,1.0,0,0,1,23.5,0,79.0,0,1,0.97,18,0,NORMAL,0
50.0,-1.72,0,1.0,0,0,0,1.3,0,83.3,0,1,0.93,12,0,NORMAL,0
4003.76,0.75,0,1.0,0,0,1,0.0,0,91.5,0,1,0.94,21,0,NORMAL,0
126999.88,77.62,2,0.0,4,1,0,1896.8,1,13.7,1,3,0.2,4,1,FRAUD,2
1863.5,-0.59,0,1.0,0,0,1,6.0,0,98.7,0,1,0.9,21,0,NORMAL,0
3062.11,0.16,0,1.0,0,0,0,0.0,0,87.5,0,1,0.93,21,0,NORMAL,0
2680.14,-0.07,0,1.0,0,0,1,0.0,0,98.5,1,1,0.92,14,0,NORMAL,0
2926.79,0.08,0,1.0,0,0,1,17.3,0,78.7,0,1,0.99,16,0,NORMAL,0
124777.92,76.24,2,0.0,6,1,0,2648.5,1,19.1,1,3,0.15,1,1,FRAUD,2
2714.42,-0.05,0,0.8,0,0,1,0.0,0,80.4,0,1,0.95,16,0,NORMAL,0
2278.27,-0.33,0,1.0,0,0,1,0.0,0,99.0,0,1,0.97,15,0,NORMAL,0
3869.34,0.67,0,1.0,0,0,1,25.1,0,78.9,1,1,0.92,12,0,NORMAL,0
41642.15,24.28,1,0.5,1,0,0,293.3,0,52.8,0,1,0.73,12,0,SUSPICIOUS,1
4006.68,0.75,0,1.0,0,0,1,48.2,0,99.2,0,1,0.95,19,0,NORMAL,0
35251.68,20.28,2,0.8,1,0,0,264.6,0,66.7,1,2,0.8,23,1,SUSPICIOUS,1
4205.91,0.88,0,1.0,0,0,1,15.4,0,98.8,0,1,0.96,22,0,NORMAL,0
50.0,-1.72,0,1.0,0,0,1,21.1,0,94.3,0,1,0.94,14,0,NORMAL,0
1242.89,-0.97,1,0.8,0,0,1,13.4,0,98.2,0,1,0.92,14,0,NORMAL,0
3699.51,0.56,1,1.0,0,0,0,27.5,0,87.5,0,1,0.93,18,0,NORMAL,0
101.36,-1.69,0,0.8,0,0,1,11.7,0,80.6,0,1,0.96,10,0,NORMAL,0
50.0,-1.72,0,1.0,0,0,0,1.3,0,89.8,0,1,0.92,12,0,NORMAL,0
3255.59,0.28,0,1.0,0,0,1,0.0,0,84.7,0,1,0.94,20,0,NORMAL,0
703.23,-1.31,0,1.0,0,0,0,64.4,0,95.6,0,1,0.97,22,0,NORMAL,0
2937.91,0.09,0,0.8,0,0,0,0.0,0,95.2,1,1,0.93,21,0,NORMAL,0
50.0,-1.72,0,0.8,0,0,1,26.9,0,87.8,0,1,0.96,17,0,NORMAL,0
37505.31,21.69,1,0.8,1,0,0,193.8,0,59.0,0,1,0.85,15,0,SUSPICIOUS,1
3648.64,0.53,0,1.0,0,0,1,0.0,0,78.0,0,1,0.94,20,0,NORMAL,0
5150.7,1.47,0,1.0,0,0,1,26.6,0,88.7,0,1,0.94,18,0,NORMAL,0
37284.62,21.55,2,0.5,2,0,0,263.0,0,58.2,1,2,0.88,4,1,SUSPICIOUS,1
2866.14,0.04,1,1.0,0,0,1,39.1,0,80.2,0,1,0.9,14,0,NORMAL,0
2064.07,-0.46,1,1.0,0,0,0,25.9,0,78.2,0,1,0.97,13,0,NORMAL,0
3894.97,0.68,0,1.0,0,0,1,52.9,0,91.6,0,1,0.99,15,0,NORMAL,0
2692.6,-0.07,0,1.0,0,0,1,29.3,0,91.0,1,1,0.95,19,0,NORMAL,0
44888.28,26.31,2,0.8,2,1,0,92.7,0,66.1,1,1,0.74,0,1,SUSPICIOUS,1
3095.03,0.18,0,1.0,0,0,1,11.6,0,81.8,0,1,0.99,21,0,NORMAL,0
2819.16,0.01,0,1.0,0,0,1,0.0,0,83.9,0,1,0.92,12,0,NORMAL,0
3367.83,0.35,0,0.8,1,0,0,7.3,0,99.5,0,1,0.96,16,0,NORMAL,0
3277.72,0.3,0,1.0,0,0,1,1.3,0,76.3,0,1,0.93,15,0,NORMAL,0
25614.75,14.26,1,0.8,2,0,0,141.2,0,53.4,1,2,0.79,8,0,SUSPICIOUS,1
3534.57,0.46,0,1.0,0,0,1,10.4,0,81.7,0,1,0.98,9,0,NORMAL,0
5185.42,1.49,0,1.0,0,0,1,31.3,0,89.1,0,1,0.97,22,0,NORMAL,0
105261.34,64.04,2,0.2,6,1,0,1257.9,1,28.6,1,3,0.23,2,1,FRAUD,2
3748.74,0.59,0,1.0,0,0,0,15.0,0,75.7,0,1,0.92,20,0,NORMAL,0
32928.5,18.83,1,0.8,2,1,0,288.4,0,68.3,1,1,0.84,4,1,SUSPICIOUS,1
4659.18,1.16,0,1.0,0,0,1,0.0,0,95.4,0,1,0.96,17,0,NORMAL,0
4416.57,1.01,0,1.0,0,0,0,27.2,0,93.9,0,1,0.96,15,0,NORMAL,0
2087.62,-0.45,0,0.8,0,0,1,0.0,0,79.4,1,1,0.94,14,0,NORMAL,0
5214.35,1.51,0,1.0,0,0,1,17.5,0,95.7,0,1,0.91,9,0,NORMAL,0
2625.28,-0.11,0,1.0,0,0,0,17.9,0,95.6,0,1,0.98,22,0,NORMAL,0
25513.09,14.2,1,0.8,1,0,0,195.0,0,60.6,1,2,0.72,14,0,SUSPICIOUS,1
79107.68,47.69,2,0.2,6,1,0,2879.7,1,23.7,1,3,0.28,0,1,FRAUD,2
2069.53,-0.46,1,1.0,0,0,1,63.1,0,85.4,0,1,0.93,9,0,NORMAL,0
65834.81,39.4,2,0.2,3,1,0,4122.5,1,21.9,1,2,0.39,1,1,FRAUD,2
49355.61,29.1,2,0.5,1,0,0,110.2,0,68.9,1,1,0.83,9,0,SUSPICIOUS,1
2760.07,-0.02,0,1.0,0,0,1,11.3,0,94.2,0,1,0.96,21,0,NORMAL,0
2415.64,-0.24,0,1.0,0,0,0,15.6,0,78.0,0,1,0.97,18,0,NORMAL,0
87717.15,53.07,2,0.2,5,1,0,4380.1,1,26.9,1,4,0.42,1,1,FRAUD,2
3697.03,0.56,0,1.0,0,0,1,29.4,0,82.7,0,1,0.96,16,0,NORMAL,0
2881.46,0.05,1,1.0,0,0,1,0.0,0,96.3,0,1,0.94,10,0,NORMAL,0
114525.95,69.83,2,0.0,7,1,0,3723.1,1,23.7,1,3,0.55,23,1,FRAUD,2
65062.82,38.91,2,0.2,3,1,0,1992.5,1,5.4,1,3,0.35,1,1,FRAUD,2
3918.59,0.7,0,1.0,0,0,1,29.1,0,89.9,0,1,0.98,21,0,NORMAL,0
30533.23,17.33,1,0.8,1,0,0,87.2,0,59.6,0,2,0.82,4,1,SUSPICIOUS,1
3047.5,0.15,0,1.0,0,0,1,39.0,0,93.0,0,1,0.91,13,0,NORMAL,0
3329.25,0.33,0,1.0,0,0,1,10.8,0,81.8,0,1,0.92,22,0,NORMAL,0
3831.09,0.64,0,1.0,0,0,1,0.0,0,92.2,1,1,0.95,19,0,NORMAL,0
4392.91,1.0,1,1.0,0,0,1,47.5,0,96.5,0,1,0.97,20,0,NORMAL,0
2301.7,-0.31,0,0.8,0,0,0,0.0,0,76.1,0,1,0.93,13,0,NORMAL,0
5697.17,1.81,0,1.0,0,0,1,0.0,0,81.3,1,1,0.99,9,0,NORMAL,0
2006.29,-0.5,0,1.0,0,0,1,16.0,0,79.5,0,1,0.95,17,0,NORMAL,0
2598.18,-0.13,0,1.0,0,0,1,34.9,0,87.6,0,1,0.98,15,0,NORMAL,0
37159.11,21.47,1,0.5,1,0,1,187.2,0,49.0,1,2,0.86,2,1,SUSPICIOUS,1
3197.05,0.25,0,1.0,0,0,1,34.6,0,92.9,0,1,0.9,16,0,NORMAL,0
496.5,-1.44,0,1.0,0,0,0,0.0,0,96.6,0,1,0.98,21,0,NORMAL,0
4174.21,0.86,0,1.0,0,0,0,0.0,0,80.3,0,1,0.92,21,0,NORMAL,0
5279.03,1.55,0,0.8,0,0,1,3.6,0,85.5,1,1,0.9,18,0,NORMAL,0
3500.01,0.44,1,1.0,0,0,1,6.0,0,75.7,0,1,0.93,12,0,NORMAL,0
402.94,-1.5,0,1.0,0,0,1,34.5,0,92.4,0,1,0.91,15,0,NORMAL,0
2032.75,-0.48,1,1.0,0,0,0,11.0,0,86.7,0,1,0.95,19,0,NORMAL,0
5875.01,1.92,0,1.0,0,0,1,40.9,0,99.2,0,1,0.92,13,0,NORMAL,0
41988.28,24.49,1,0.5,1,0,0,183.8,0,71.6,1,1,0.89,23,1,SUSPICIOUS,1
1062.24,-1.09,0,1.0,0,0,1,0.3,0,90.3,0,1,0.9,22,0,NORMAL,0
1590.36,-0.76,1,1.0,0,0,1,44.7,0,85.7,0,1,0.94,12,0,NORMAL,0
5036.31,1.4,0,0.8,0,0,1,33.0,0,81.2,1,1,0.91,19,0,NORMAL,0
4055.5,0.78,0,1.0,0,0,1,1.3,0,87.2,0,1,0.91,9,0,NORMAL,0
2380.21,-0.26,0,0.8,0,0,1,22.4,0,92.5,0,1,0.98,15,0,NORMAL,0
2861.57,0.04,0,1.0,0,0,1,41.3,0,89.5,1,1,0.93,20,0,NORMAL,0
2669.32,-0.08,0,1.0,0,0,1,28.5,0,77.8,0,1,0.97,21,0,NORMAL,0
34362.99,19.73,2,0.5,2,1,0,179.2,0,52.2,1,1,0.86,5,1,SUSPICIOUS,1
5074.95,1.42,1,1.0,0,0,0,23.6,0,91.5,0,1,0.96,11,0,NORMAL,0
4905.72,1.32,1,0.8,0,0,1,7.8,0,76.7,0,1,0.96,14,0,NORMAL,0
4770.27,1.23,0,1.0,0,0,1,0.0,0,97.5,0,1,0.98,18,0,NORMAL,0
5697.59,1.81,0,0.8,0,0,1,0.0,0,99.4,0,1,0.99,20,0,NORMAL,0
6268.6,2.17,1,1.0,0,0,1,39.5,0,79.4,0,1,0.96,13,0,NORMAL,0
140460.28,86.04,2,0.0,3,1,0,2398.6,1,16.2,1,3,0.32,4,1,FRAUD,2
25156.26,13.97,1,0.5,1,0,0,227.8,0,54.9,1,1,0.8,1,1,SUSPICIOUS,1
4289.28,0.93,0,1.0,0,0,1,0.0,0,84.5,0,1,0.98,20,0,NORMAL,0
45736.56,26.84,2,0.5,1,0,0,258.6,0,56.5,1,2,0.84,2,1,SUSPICIOUS,1
144175.62,88.36,2,0.0,4,1,0,1525.8,1,28.8,1,3,0.51,23,1,FRAUD,2
41128.69,23.96,1,0.8,1,0,0,135.7,0,57.8,1,2,0.88,19,0,SUSPICIOUS,1
3506.02,0.44,0,1.0,0,0,0,17.4,0,89.6,0,1,0.96,10,0,NORMAL,0
5856.79,1.91,0,1.0,0,0,1,23.0,0,89.6,0,1,0.94,18,0,NORMAL,0
1698.54,-0.69,0,1.0,0,0,1,8.1,0,83.3,0,1,0.98,22,0,NORMAL,0
29775.24,16.86,1,0.5,2,1,0,256.1,0,58.5,1,1,0.87,20,0,SUSPICIOUS,1
2791.62,-0.01,0,0.8,0,0,1,63.3,0,95.3,0,1,0.97,21,0,NORMAL,0
2504.94,-0.18,1,0.8,0,0,1,31.4,0,93.5,0,1,0.93,11,0,NORMAL,0
3526.45,0.45,0,1.0,0,0,0,28.0,0,96.0,0,1,0.97,14,0,NORMAL,0
3030.07,0.14,1,1.0,0,0,1,12.1,0,78.1,0,1,0.96,21,0,NORMAL,0
3767.11,0.6,0,1.0,0,0,1,20.3,0,91.6,0,1,0.97,13,0,NORMAL,0
1912.84,-0.55,1,1.0,0,0,1,0.0,0,90.5,0,1,0.93,16,0,NORMAL,0
39911.8,23.19,2,0.8,1,0,1,295.1,0,62.9,1,1,0.84,14,0,SUSPICIOUS,1
3268.47,0.29,1,1.0,0,0,1,60.0,0,79.1,0,1,0.91,16,0,NORMAL,0
1534.57,-0.79,1,1.0,0,0,1,0.0,0,77.1,0,1,0.93,9,0,NORMAL,0
4309.13,0.94,0,1.0,0,0,1,10.0,0,75.7,0,1,0.93,14,0,NORMAL,0
1637.11,-0.73,0,1.0,0,0,1,42.1,0,81.0,0,1,0.92,11,0,NORMAL,0
66234.44,39.65,2,0.0,6,1,0,1235.6,1,12.0,1,3,0.49,3,1,FRAUD,2
2792.37,-0.0,0,1.0,0,0,1,5.2,0,80.4,0,1,0.93,21,0,NORMAL,0
50.0,-1.72,0,1.0,0,0,0,0.0,0,77.2,0,1,0.98,20,0,NORMAL,0
50.0,-1.72,0,1.0,0,0,1,0.0,0,91.0,0,1,0.93,21,0,NORMAL,0
130.48,-1.67,0,1.0,0,0,1,7.2,0,81.6,0,1,0.97,15,0,NORMAL,0
3614.54,0.51,0,1.0,0,0,1,1.4,0,81.2,0,1,0.98,11,0,NORMAL,0
3777.07,0.61,1,0.8,0,0,1,29.4,0,87.4,0,1,0.95,20,0,NORMAL,0
6450.6,2.28,1,1.0,0,0,1,0.1,0,83.0,0,1,0.96,17,0,NORMAL,0
553.49,-1.4,0,1.0,0,0,1,0.0,0,79.4,0,1,0.95,15,0,NORMAL,0
954.98,-1.15,0,1.0,0,0,1,0.0,0,87.1,0,1,0.99,21,0,NORMAL,0
3621.06,0.51,0,1.0,0,0,1,24.1,0,92.5,0,1,0.9,19,0,NORMAL,0
2198.83,-0.38,1,1.0,0,0,0,24.9,0,88.9,0,1,0.97,18,0,NORMAL,0
3867.4,0.67,0,1.0,0,0,1,13.5,0,90.6,1,1,0.95,16,0,NORMAL,0
1973.14,-0.52,0,1.0,0,0,1,4.3,0,88.3,1,1,0.94,11,0,NORMAL,0
1643.54,-0.72,0,1.0,0,0,1,38.5,0,88.5,0,1,0.97,18,0,NORMAL,0
3741.54,0.59,0,1.0,0,0,1,31.8,0,90.6,0,1,0.9,11,0,NORMAL,0
50.0,-1.72,1,1.0,0,0,0,32.9,0,88.1,0,1,0.94,19,0,NORMAL,0
3849.91,0.66,0,1.0,0,0,1,10.0,0,79.3,0,1,0.99,16,0,NORMAL,0
947.32,-1.16,1,1.0,0,0,0,11.3,0,76.8,0,1,0.95,13,0,NORMAL,0
1899.39,-0.56,1,1.0,0,0,1,40.9,0,81.4,0,1,0.91,9,0,NORMAL,0
4654.18,1.16,0,1.0,0,0,1,9.8,0,99.8,0,1,0.93,18,0,NORMAL,0
365.25,-1.52,0,1.0,0,0,0,36.8,0,93.9,0,1,0.91,20,0,NORMAL,0
218.23,-1.61,0,1.0,0,0,1,32.3,0,87.0,0,1,0.94,19,0,NORMAL,0
4165.06,0.85,0,1.0,0,0,1,0.0,0,87.3,0,1,0.97,9,0,NORMAL,0
4609.98,1.13,0,1.0,0,0,1,22.2,0,75.5,0,1,0.95,19,0,NORMAL,0
3930.54,0.71,0,1.0,0,0,0,29.3,0,99.7,0,1,0.94,13,0,NORMAL,0
83579.86,50.49,2,0.0,3,1,0,2890.7,1,14.8,1,3,0.25,0,1,FRAUD,2
64450.54,38.53,2,0.2,4,1,0,3633.3,1,25.2,1,4,0.18,5,1,FRAUD,2
41240.26,24.03,1,0.8,1,0,0,123.1,0,47.5,1,1,0.86,4,1,SUSPICIOUS,1
6334.75,2.21,0,1.0,1,0,1,5.4,0,93.8,0,1,0.94,11,0,NORMAL,0
1870.69,-0.58,0,1.0,0,0,1,33.8,0,98.0,0,1,0.97,15,0,NORMAL,0
1877.28,-0.58,0,1.0,0,0,0,32.1,0,76.6,0,1,0.93,21,0,NORMAL,0
50.0,-1.72,0,1.0,0,0,1,23.8,0,80.3,0,1,0.97,20,0,NORMAL,0
50.0,-1.72,0,1.0,0,0,1,2.6,0,86.7,0,1,0.95,13,0,NORMAL,0
2853.61,0.03,0,1.0,0,0,1,0.0,0,90.9,1,1,0.98,21,0,NORMAL,0
3013.75,0.13,0,1.0,0,0,0,4.8,0,75.6,1,1,0.92,20,0,NORMAL,0
1303.09,-0.94,1,1.0,0,0,1,0.0,0,80.9,1,1,0.99,16,0,NORMAL,0
5159.92,1.47,1,1.0,0,0,0,0.0,0,91.6,0,1,0.93,10,0,NORMAL,0
2297.41,-0.31,0,1.0,0,0,1,0.0,0,79.0,0,1,0.92,12,0,NORMAL,0
4718.83,1.2,0,1.0,0,0,1,28.9,0,89.5,0,1,0.93,15,0,NORMAL,0
50.0,-1.72,0,1.0,0,0,0,33.2,0,79.8,0,1,0.94,18,0,NORMAL,0
40637.94,23.65,2,0.5,1,1,0,94.8,0,46.6,1,2,0.87,8,0,SUSPICIOUS,1
1981.1,-0.51,0,1.0,0,0,0,26.8,0,93.2,0,1,0.91,14,0,NORMAL,0
3070.13,0.17,0,1.0,0,0,1,1.2,0,88.8,0,1,0.97,14,0,NORMAL,0
2722.08,-0.05,0,1.0,1,0,1,0.0,0,90.8,0,1,0.98,13,0,NORMAL,0
75584.03,45.49,2,0.2,4,1,0,1075.8,1,16.9,1,4,0.52,2,1,FRAUD,2
2212.5,-0.37,1,1.0,0,0,0,6.7,0,77.6,0,1,0.96,13,0,NORMAL,0
3109.62,0.19,0,1.0,0,0,1,9.4,0,92.4,0,1,0.91,11,0,NORMAL,0
104118.14,63.32,2,0.2,7,1,0,3489.0,1,6.9,1,3,0.48,3,1,FRAUD,2
46344.58,27.22,1,0.5,2,0,1,234.9,0,68.7,1,1,0.73,14,0,SUSPICIOUS,1
72629.65,43.64,2,0.0,6,1,0,4175.3,1,25.1,1,4,0.2,1,1,FRAUD,2
1877.78,-0.58,0,1.0,0,0,1,2.7,0,76.0,1,1,0.93,17,0,NORMAL,0
1113.35,-1.05,0,1.0,0,0,1,2.0,0,75.1,0,1,0.96,18,0,NORMAL,0
2208.55,-0.37,0,1.0,0,0,1,0.0,0,76.6,0,1,0.92,12,0,NORMAL,0
959.82,-1.15,0,1.0,0,0,1,0.0,0,77.3,0,1,0.98,16,0,NORMAL,0
50.0,-1.72,0,1.0,0,0,1,17.9,0,92.9,1,1,0.93,9,0,NORMAL,0
4335.02,0.96,0,1.0,1,0,1,0.0,0,91.4,0,1,0.94,16,0,NORMAL,0
42532.35,24.83,2,0.5,2,1,1,215.6,0,60.1,0,1,0.84,10,0,SUSPICIOUS,1
6117.05,2.07,0,1.0,0,0,1,0.0,0,89.6,0,1,0.91,18,0,NORMAL,0
7152.74,2.72,0,1.0,1,0,1,0.0,0,93.0,0,1,0.97,14,0,NORMAL,0
822.33,-1.24,0,1.0,0,0,1,14.6,0,81.6,0,1,0.98,10,0,NORMAL,0
3250.84,0.28,0,1.0,0,0,1,36.0,0,93.1,0,1,0.97,14,0,NORMAL,0
40975.05,23.86,1,0.5,1,0,1,299.4,0,60.7,1,2,0.88,1,1,SUSPICIOUS,1
2632.76,-0.1,0,1.0,0,0,1,0.0,0,99.0,1,1,0.93,16,0,NORMAL,0
1287.11,-0.95,0,1.0,0,0,1,0.0,0,77.1,0,1,0.94,22,0,NORMAL,0
4497.46,1.06,0,1.0,0,0,1,17.4,0,88.6,0,1,0.96,12,0,NORMAL,0
2750.58,-0.03,0,1.0,0,0,1,49.8,0,76.7,0,1,0.95,13,0,NORMAL,0
3070.82,0.17,0,1.0,0,0,1,41.1,0,91.0,0,1,0.94,20,0,NORMAL,0
1058.54,-1.09,0,1.0,0,0,0,0.0,0,77.7,0,1,0.95,14,0,NORMAL,0
2831.06,0.02,0,1.0,0,0,1,22.7,0,87.0,0,1,0.95,20,0,NORMAL,0
1159.94,-1.03,1,1.0,0,0,1,37.9,0,93.8,1,1,0.91,20,0,NORMAL,0
3845.42,0.65,0,1.0,0,0,1,36.8,0,84.8,0,1,0.93,14,0,NORMAL,0
5332.29,1.58,0,1.0,0,0,1,42.5,0,77.8,0,1,0.92,16,0,NORMAL,0
955.26,-1.15,0,1.0,0,0,1,0.0,0,92.5,0,1,0.93,21,0,NORMAL,0
3697.21,0.56,0,1.0,0,0,0,26.5,0,80.4,0,1,0.91,21,0,NORMAL,0
2612.17,-0.12,0,1.0,0,0,1,20.0,0,87.5,0,1,0.92,10,0,NORMAL,0
3981.14,0.74,0,0.8,0,0,1,0.0,0,96.0,0,1,0.91,20,0,NORMAL,0
92949.55,56.34,2,0.0,7,1,0,4261.7,1,22.3,1,2,0.45,5,1,FRAUD,2
2812.44,0.01,0,1.0,1,0,1,0.0,0,78.4,0,1,0.97,11,0,NORMAL,0
1408.31,-0.87,0,1.0,0,0,1,8.2,0,98.3,0,1,0.93,9,0,NORMAL,0
1107.34,-1.06,0,1.0,0,0,1,0.0,0,97.2,0,1,0.96,19,0,NORMAL,0
50.0,-1.72,0,1.0,0,0,1,12.8,0,83.4,0,1,0.91,19,0,NORMAL,0
97295.46,59.06,2,0.0,3,1,0,2795.8,1,24.2,1,2,0.52,1,1,FRAUD,2
3146.7,0.22,0,1.0,0,0,1,0.0,0,86.6,0,1,0.97,9,0,NORMAL,0
1090.93,-1.07,1,1.0,0,0,1,35.1,0,87.7,0,1,0.91,16,0,NORMAL,0
779.06,-1.26,0,1.0,0,0,1,53.7,0,93.7,0,1,0.97,18,0,NORMAL,0
4926.36,1.33,0,1.0,0,0,1,0.0,0,91.6,0,1,0.99,20,0,NORMAL,0
1563.12,-0.77,0,1.0,0,0,1,26.9,0,96.3,0,1,0.95,18,0,NORMAL,0
3357.15,0.35,0,1.0,0,0,1,0.0,0,85.3,0,1,0.96,19,0,NORMAL,0
3607.45,0.5,0,1.0,0,0,0,0.0,0,86.3,0,1,0.92,15,0,NORMAL,0
4343.39,0.96,0,1.0,0,0,1,28.6,0,93.3,0,1,0.9,22,0,NORMAL,0
3861.22,0.66,0,1.0,0,0,1,0.0,0,98.3,1,1,0.9,21,0,NORMAL,0
3579.9,0.49,0,1.0,0,0,1,27.3,0,98.0,0,1,0.98,21,0,NORMAL,0
5313.91,1.57,0,1.0,0,0,1,0.0,0,84.9,0,1,0.99,22,0,NORMAL,0
4582.43,1.11,0,1.0,0,0,1,8.0,0,77.3,0,1,0.97,16,0,NORMAL,0
255.33,-1.59,0,0.8,0,0,1,27.0,0,76.9,0,1,0.96,16,0,NORMAL,0
3118.72,0.2,0,1.0,0,0,0,1.0,0,92.7,0,1,0.93,19,0,NORMAL,0
2547.2,-0.16,0,1.0,0,0,0,32.6,0,93.7,0,1,0.92,16,0,NORMAL,0
140784.39,86.24,2,0.2,7,1,0,4138.7,1,14.9,1,3,0.41,2,1,FRAUD,2
4570.05,1.11,0,1.0,0,0,1,10.7,0,78.9,0,1,0.9,17,0,NORMAL,0
32390.41,18.49,1,0.5,1,0,0,129.3,0,52.7,1,1,0.82,22,0,SUSPICIOUS,1
66456.96,39.79,2,0.2,3,1,0,3778.1,1,18.3,1,3,0.47,5,1,FRAUD,2
2666.84,-0.08,1,0.8,0,0,1,17.9,0,82.0,0,1,0.92,13,0,NORMAL,0
5345.48,1.59,0,0.8,0,0,0,7.7,0,89.3,0,1,0.98,16,0,NORMAL,0
4023.06,0.76,0,1.0,0,0,0,0.0,0,96.9,0,1,0.94,10,0,NORMAL,0
1618.12,-0.74,0,1.0,0,0,0,41.2,0,94.9,0,1,0.98,16,0,NORMAL,0
31895.95,18.18,1,0.5,1,0,0,245.1,0,52.9,0,1,0.71,2,1,SUSPICIOUS,1
121253.23,74.03,2,0.2,6,1,0,2913.7,1,5.7,1,4,0.35,23,1,FRAUD,2
4308.32,0.94,0,1.0,0,0,1,50.7,0,87.7,0,1,0.91,18,0,NORMAL,0
2424.28,-0.23,0,1.0,0,0,1,23.6,0,88.1,1,1,0.98,12,0,NORMAL,0
3422.9,0.39,0,1.0,0,0,0,0.8,0,77.7,0,1,0.92,15,0,NORMAL,0
43126.49,25.2,2,0.5,1,0,0,212.4,0,73.5,1,2,0.88,4,1,SUSPICIOUS,1
1566.69,-0.77,0,1.0,0,0,1,37.3,0,76.8,1,1,0.9,10,0,NORMAL,0
45712.25,26.82,1,0.8,1,0,1,222.9,0,48.7,1,1,0.88,11,0,SUSPICIOUS,1
3368.9,0.36,1,1.0,0,0,1,0.8,0,81.9,0,1,0.91,17,0,NORMAL,0
50.0,-1.72,0,1.0,0,0,1,5.6,0,76.6,0,1,0.96,10,0,NORMAL,0
5892.24,1.93,0,1.0,0,0,1,25.1,0,75.3,0,1,0.92,22,0,NORMAL,0
1816.72,-0.61,0,1.0,0,0,1,37.8,0,76.7,0,1,0.98,18,0,NORMAL,0
1087.66,-1.07,0,1.0,0,0,1,62.9,0,85.9,0,1,0.98,18,0,NORMAL,0
33962.45,19.48,2,0.5,2,0,0,196.0,0,69.8,1,2,0.74,18,0,SUSPICIOUS,1
2684.4,-0.07,0,1.0,0,0,1,36.8,0,98.8,1,1,0.93,13,0,NORMAL,0
1770.02,-0.64,0,1.0,0,0,1,0.0,0,95.2,1,1,0.95,12,0,NORMAL,0
2563.33,-0.15,0,1.0,0,0,1,1.6,0,76.4,0,1,0.9,18,0,NORMAL,0
3136.63,0.21,1,1.0,0,0,1,37.2,0,92.5,0,1,0.95,18,0,NORMAL,0
4346.08,0.97,0,1.0,0,0,1,0.0,0,98.4,0,1,0.93,19,0,NORMAL,0
2839.17,0.02,0,1.0,0,0,1,13.4,0,77.6,0,1,0.98,11,0,NORMAL,0
27264.08,15.29,2,0.8,1,0,0,340.5,0,66.6,1,1,0.8,9,0,SUSPICIOUS,1
4564.79,1.1,1,1.0,0,0,1,0.6,0,97.7,1,1,0.97,19,0,NORMAL,0
1238.54,-0.98,0,1.0,0,0,0,15.0,0,85.5,0,1,0.96,12,0,NORMAL,0
3816.74,0.64,0,1.0,0,0,0,29.4,0,96.1,0,1,0.98,11,0,NORMAL,0
2890.34,0.06,1,0.8,0,0,1,0.0,0,86.9,0,1,0.97,11,0,NORMAL,0
3032.79,0.15,0,1.0,0,0,1,7.5,0,95.0,0,1,0.91,14,0,NORMAL,0
30602.78,17.38,1,0.8,2,0,0,90.9,0,54.0,1,1,0.82,9,0,SUSPICIOUS,1
2642.07,-0.1,0,1.0,0,0,1,0.0,0,78.6,1,1,0.96,18,0,NORMAL,0
4033.74,0.77,0,1.0,0,0,1,35.5,0,93.1,1,1,0.95,11,0,NORMAL,0
1194.39,-1.0,1,1.0,0,0,1,30.8,0,92.9,0,1,0.93,18,0,NORMAL,0
736.08,-1.29,0,1.0,0,0,0,0.0,0,92.4,0,1,0.96,13,0,NORMAL,0
2063.26,-0.46,0,1.0,0,0,0,8.2,0,94.5,1,1,0.93,14,0,NORMAL,0
4942.9,1.34,0,1.0,0,0,1,19.2,0,95.8,1,1,0.91,20,0,NORMAL,0
2228.15,-0.36,0,1.0,0,0,1,0.0,0,76.4,0,1,0.92,10,0,NORMAL,0
1944.82,-0.53,0,0.8,0,0,1,0.5,0,84.6,0,1,0.91,14,0,NORMAL,0
511.49,-1.43,0,1.0,0,0,1,39.8,0,88.6,0,1,0.9,15,0,NORMAL,0
942.6,-1.16,0,0.8,0,0,0,2.6,0,83.3,0,1,0.92,16,0,NORMAL,0
104830.83,63.77,2,0.2,6,1,0,2726.0,1,11.0,1,2,0.22,5,1,FRAUD,2
1366.14,-0.9,0,1.0,0,0,1,0.0,0,85.0,0,1,0.93,18,0,NORMAL,0
123484.03,75.43,2,0.0,3,1,0,1361.6,1,9.9,1,4,0.54,1,1,FRAUD,2
3438.91,0.4,0,1.0,0,0,1,0.9,0,90.1,0,1,0.97,18,0,NORMAL,0
50.0,-1.72,0,1.0,1,0,1,35.8,0,85.6,0,1,0.98,12,0,NORMAL,0
2915.79,0.07,0,1.0,0,0,1,24.2,0,78.7,0,1,0.94,19,0,NORMAL,0
2053.07,-0.47,1,0.8,0,0,1,13.9,0,83.1,0,1,0.94,15,0,NORMAL,0
4816.64,1.26,0,1.0,0,0,1,3.4,0,81.3,0,1,0.98,17,0,NORMAL,0
99028.7,60.14,2,0.2,5,1,0,970.7,1,18.4,1,2,0.27,2,1,FRAUD,2
2084.79,-0.45,0,1.0,0,0,1,31.3,0,92.6,0,1,0.97,17,0,NORMAL,0
3677.21,0.55,0,1.0,0,0,1,15.0,0,77.0,0,1,0.98,9,0,NORMAL,0
3562.7,0.48,1,1.0,0,0,0,36.4,0,91.9,0,1,0.94,20,0,NORMAL,0
4496.57,1.06,0,1.0,0,0,1,11.8,0,75.9,0,1,0.93,21,0,NORMAL,0
3286.54,0.3,0,1.0,0,0,1,0.0,0,96.3,0,1,0.93,16,0,NORMAL,0
2261.08,-0.34,0,1.0,0,0,1,30.3,0,85.7,0,1,0.95,16,0,NORMAL,0
2330.65,-0.29,1,1.0,0,0,1,24.7,0,98.5,0,1,0.93,16,0,NORMAL,0
4227.61,0.89,0,1.0,0,0,0,16.0,0,81.0,1,1,0.92,13,0,NORMAL,0
1863.01,-0.59,0,1.0,0,0,1,28.1,0,91.7,1,1,0.94,10,0,NORMAL,0
3452.98,0.41,0,1.0,0,0,1,0.9,0,85.0,0,1,0.91,19,0,NORMAL,0
3853.52,0.66,0,1.0,0,0,1,4.7,0,89.0,0,1,0.97,19,0,NORMAL,0
4166.74,0.85,0,1.0,0,0,1,0.0,0,96.8,0,1,0.9,18,0,NORMAL,0
49687.06,29.3,1,0.8,2,0,0,328.7,0,61.2,0,1,0.77,11,0,SUSPICIOUS,1
6341.16,2.21,0,1.0,0,0,1,0.0,0,89.4,0,1,0.93,21,0,NORMAL,0
3318.48,0.32,0,1.0,0,0,1,9.3,0,80.3,0,1,0.95,20,0,NORMAL,0
1873.02,-0.58,0,1.0,0,0,1,29.6,0,95.1,0,1,0.98,20,0,NORMAL,0
636.65,-1.35,0,1.0,0,0,1,21.8,0,93.2,0,1,0.96,21,0,NORMAL,0
296.24,-1.56,0,1.0,0,0,1,0.0,0,81.5,0,1,0.93,22,0,NORMAL,0
141119.19,86.45,2,0.2,5,1,0,4414.5,1,25.7,1,2,0.23,3,1,FRAUD,2
2014.29,-0.49,1,1.0,0,0,1,5.3,0,96.7,0,1,0.91,19,0,NORMAL,0
2742.46,-0.04,0,1.0,0,0,1,32.6,0,79.5,0,1,0.98,11,0,NORMAL,0
2340.33,-0.29,0,1.0,0,0,1,0.0,0,88.7,0,1,0.92,19,0,NORMAL,0
4432.96,1.02,0,1.0,0,0,1,31.2,0,80.7,0,1,0.97,13,0,NORMAL,0
5792.03,1.87,0,1.0,0,0,1,8.0,0,97.5,0,1,0.95,14,0,NORMAL,0
2563.81,-0.15,1,1.0,0,0,1,0.0,0,86.0,0,1,0.98,19,0,NORMAL,0
126959.38,77.6,2,0.0,4,1,0,3945.0,1,10.8,1,2,0.32,1,1,FRAUD,2
2145.79,-0.41,0,1.0,1,0,1,19.7,0,90.8,0,1,0.95,16,0,NORMAL,0
5170.67,1.48,1,1.0,0,0,1,41.9,0,88.7,0,1,0.91,17,0,NORMAL,0
4990.62,1.37,0,1.0,0,0,1,21.2,0,75.1,0,1,0.92,20,0,NORMAL,0
50.0,-1.72,0,1.0,0,0,1,0.0,0,93.0,0,1,0.97,10,0,NORMAL,0
2749.42,-0.03,0,1.0,0,0,1,0.0,0,91.0,1,1,0.98,19,0,NORMAL,0
1286.24,-0.95,0,1.0,1,0,0,21.6,0,92.8,0,1,0.9,14,0,NORMAL,0
3492.43,0.43,1,1.0,0,0,1,17.8,0,94.7,0,1,0.95,17,0,NORMAL,0
4453.28,1.03,0,1.0,0,0,1,62.5,0,99.6,0,1,0.96,10,0,NORMAL,0
1233.44,-0.98,0,1.0,0,0,1,21.1,0,100.0,0,1,0.93,16,0,NORMAL,0
3918.97,0.7,1,0.8,0,0,1,14.7,0,76.4,0,1,0.95,15,0,NORMAL,0
43739.58,25.59,2,0.8,1,1,1,306.9,0,60.2,1,1,0.84,4,1,SUSPICIOUS,1
2096.92,-0.44,0,1.0,0,0,0,0.0,0,89.4,0,1,0.94,15,0,NORMAL,0
4614.82,1.13,0,1.0,0,0,1,68.9,0,84.9,1,1,0.98,21,0,NORMAL,0
3072.84,0.17,0,1.0,0,0,1,6.8,0,96.5,0,1,0.98,21,0,NORMAL,0
4659.77,1.16,0,1.0,0,0,1,4.3,0,77.0,1,1,0.94,21,0,NORMAL,0
2398.96,-0.25,0,1.0,0,0,1,9.6,0,78.9,0,1,0.94,22,0,NORMAL,0
1453.11,-0.84,0,1.0,0,0,1,12.6,0,79.6,0,1,0.94,9,0,NORMAL,0
3233.59,0.27,0,1.0,0,0,0,11.9,0,81.9,0,1,0.96,10,0,NORMAL,0
3900.18,0.69,0,1.0,0,0,1,6.7,0,96.0,0,1,0.94,14,0,NORMAL,0
2130.54,-0.42,0,1.0,0,0,1,18.3,0,93.5,0,1,0.93,21,0,NORMAL,0
3568.82,0.48,0,1.0,0,0,1,0.0,0,83.5,0,1,0.93,22,0,NORMAL,0
39496.91,22.94,2,0.8,1,0,1,172.2,0,62.7,1,1,0.71,12,0,SUSPICIOUS,1
1815.92,-0.62,0,1.0,0,0,1,47.6,0,82.6,0,1,0.97,13,0,NORMAL,0
4559.76,1.1,0,1.0,0,0,1,41.7,0,93.9,0,1,0.9,19,0,NORMAL,0
3432.85,0.4,0,1.0,1,0,1,48.0,0,93.4,0,1,0.96,12,0,NORMAL,0
5523.62,1.7,0,1.0,0,0,0,24.9,0,84.8,0,1,0.93,17,0,NORMAL,0
2724.04,-0.05,0,1.0,0,0,1,0.0,0,90.1,1,1,0.93,19,0,NORMAL,0
1866.45,-0.58,0,1.0,0,0,1,0.0,0,82.2,0,1,0.91,15,0,NORMAL,0
3664.38,0.54,0,1.0,0,0,0,19.0,0,75.8,0,1,0.92,13,0,NORMAL,0
3746.34,0.59,0,1.0,0,0,1,27.0,0,81.9,0,1,0.96,10,0,NORMAL,0
5989.7,1.99,0,1.0,1,0,1,23.1,0,85.0,0,1,0.98,10,0,NORMAL,0
2909.35,0.07,0,1.0,0,0,1,0.0,0,78.4,0,1,0.9,19,0,NORMAL,0
4067.36,0.79,1,1.0,0,0,1,0.0,0,86.3,0,1,0.93,17,0,NORMAL,0
2034.75,-0.48,0,1.0,0,0,1,0.0,0,89.7,0,1,0.93,20,0,NORMAL,0
98023.59,59.51,2,0.0,7,1,0,3354.4,1,19.1,1,3,0.51,0,1,FRAUD,2
42746.22,24.97,1,0.8,1,0,1,281.2,0,64.4,1,2,0.78,19,0,SUSPICIOUS,1
2569.14,-0.14,0,1.0,0,0,0,39.0,0,88.7,1,1,0.93,22,0,NORMAL,0
35146.94,20.22,1,0.5,1,0,0,99.4,0,54.9,1,1,0.75,10,0,SUSPICIOUS,1
2002.31,-0.5,0,0.8,0,0,1,43.1,0,86.8,0,1,0.99,18,0,NORMAL,0
2629.51,-0.11,1,1.0,0,0,1,35.2,0,88.1,0,1,0.94,21,0,NORMAL,0
2654.96,-0.09,0,1.0,0,0,0,0.0,0,83.9,0,1,0.97,19,0,NORMAL,0
3911.86,0.69,0,1.0,0,0,1,0.0,0,80.0,1,1,0.91,12,0,NORMAL,0
3053.57,0.16,0,1.0,0,0,1,13.7,0,88.5,0,1,0.92,15,0,NORMAL,0
4407.12,1.0,0,0.8,0,0,0,39.9,0,87.6,0,1,0.94,17,0,NORMAL,0
2286.89,-0.32,0,1.0,0,0,1,0.0,0,76.1,0,1,0.98,9,0,NORMAL,0
3059.71,0.16,1,1.0,0,0,1,1.7,0,77.3,1,1,0.94,13,0,NORMAL,0
2799.51,-0.0,0,1.0,0,0,1,39.4,0,96.3,0,1,0.92,18,0,NORMAL,0
3554.82,0.47,0,1.0,1,0,1,9.9,0,94.1,0,1,0.94,10,0,NORMAL,0
4385.55,0.99,0,1.0,0,0,0,3.5,0,96.4,0,1,0.96,17,0,NORMAL,0
2002.75,-0.5,0,1.0,0,0,1,0.0,0,99.9,0,1,0.92,9,0,NORMAL,0
2217.88,-0.36,1,1.0,0,0,1,22.9,0,84.8,0,1,0.96,9,0,NORMAL,0
79464.47,47.92,2,0.0,3,1,0,1133.1,1,6.7,1,3,0.48,5,1,FRAUD,2
3362.69,0.35,0,1.0,0,0,1,0.0,0,84.4,0,1,0.94,10,0,NORMAL,0
2619.09,-0.11,0,1.0,0,0,1,21.0,0,75.9,0,1,0.92,14,0,NORMAL,0
2659.5,-0.09,0,0.8,0,0,1,0.0,0,97.4,0,1,0.92,13,0,NORMAL,0
4015.0,0.76,0,1.0,0,0,1,0.0,0,93.5,0,1,0.98,20,0,NORMAL,0
237.65,-1.6,0,1.0,0,0,0,22.3,0,97.7,0,1,0.94,13,0,NORMAL,0
2285.91,-0.32,0,1.0,0,0,1,0.0,0,94.4,0,1,0.96,21,0,NORMAL,0
3143.16,0.21,0,1.0,0,0,1,14.1,0,78.3,0,1,0.94,15,0,NORMAL,0
2575.85,-0.14,0,1.0,0,0,1,19.5,0,98.7,0,1,0.98,21,0,NORMAL,0
4325.27,0.95,0,0.8,0,0,1,0.0,0,86.9,0,1,0.91,10,0,NORMAL,0
2043.61,-0.47,0,1.0,0,0,1,48.4,0,97.5,0,1,0.95,20,0,NORMAL,0
40500.62,23.56,1,0.8,2,0,1,293.4,0,62.9,0,1,0.8,12,0,SUSPICIOUS,1
43673.88,25.55,2,0.8,2,0,1,265.8,0,55.5,0,1,0.81,22,0,SUSPICIOUS,1
3126.63,0.2,0,0.8,0,0,1,0.0,0,99.9,0,1,0.98,20,0,NORMAL,0
105514.75,64.2,2,0.0,6,1,0,2471.3,1,28.9,1,3,0.21,2,1,FRAUD,2
2205.94,-0.37,0,1.0,0,0,1,22.4,0,83.0,1,1,0.9,11,0,NORMAL,0
43496.27,25.44,2,0.5,1,0,0,240.8,0,74.2,1,2,0.89,11,0,SUSPICIOUS,1
3260.28,0.29,0,1.0,0,0,1,47.1,0,92.2,1,1,0.93,9,0,NORMAL,0
3241.61,0.28,0,0.8,0,0,1,6.7,0,82.8,0,1,0.91,13,0,NORMAL,0
1109.92,-1.06,0,1.0,0,0,1,53.4,0,80.0,0,1,0.92,20,0,NORMAL,0
2511.44,-0.18,0,1.0,0,0,1,0.0,0,90.8,0,1,0.95,17,0,NORMAL,0
2259.83,-0.34,1,1.0,0,0,1,35.5,0,92.0,0,1,0.99,14,0,NORMAL,0
47403.14,27.88,1,0.8,2,0,1,348.3,0,55.1,1,2,0.83,12,0,SUSPICIOUS,1
1743.72,-0.66,0,1.0,0,0,1,0.0,0,81.2,0,1,0.97,15,0,NORMAL,0
5721.82,1.83,0,1.0,0,0,0,20.4,0,77.8,0,1,0.97,10,0,NORMAL,0
65859.15,39.41,2,0.0,7,1,0,1714.4,1,12.5,1,3,0.29,3,1,FRAUD,2
1050.58,-1.09,0,1.0,0,0,1,4.6,0,90.8,0,1,0.96,14,0,NORMAL,0
5044.68,1.4,0,1.0,0,0,1,2.6,0,79.5,0,1,0.91,19,0,NORMAL,0
5417.41,1.64,0,1.0,0,0,1,19.8,0,97.5,0,1,0.91,20,0,NORMAL,0
1471.0,-0.83,0,1.0,0,0,0,3.7,0,94.0,0,1,0.91,13,0,NORMAL,0
4512.01,1.07,0,0.8,0,0,1,30.1,0,80.8,0,1,0.97,17,0,NORMAL,0
2460.74,-0.21,0,1.0,0,0,1,51.2,0,78.7,0,1,0.93,16,0,NORMAL,0
2297.6,-0.31,0,1.0,0,0,1,0.0,0,77.3,0,1,0.97,20,0,NORMAL,0
2450.43,-0.22,0,0.8,0,0,0,1.8,0,83.8,0,1,0.92,12,0,NORMAL,0
6230.8,2.14,0,1.0,0,0,1,30.5,0,95.8,0,1,0.92,20,0,NORMAL,0
5141.42,1.46,0,1.0,0,0,1,2.4,0,84.2,0,1,0.92,9,0,NORMAL,0
31639.95,18.02,1,0.8,1,1,1,101.9,0,69.7,0,2,0.87,13,0,SUSPICIOUS,1
2015.28,-0.49,0,1.0,0,0,1,15.6,0,76.3,0,1,0.91,19,0,NORMAL,0
3002.78,0.13,0,1.0,0,0,1,11.8,0,98.5,0,1,0.91,11,0,NORMAL,0
50.0,-1.72,0,1.0,0,0,1,0.0,0,85.5,0,1,0.97,19,0,NORMAL,0
111405.27,67.88,2,0.0,7,1,0,3202.1,1,11.6,1,2,0.34,5,1,FRAUD,2
791.4,-1.26,0,1.0,0,0,1,35.3,0,90.9,0,1,0.99,19,0,NORMAL,0
3419.81,0.39,0,1.0,0,0,1,0.0,0,78.6,0,1,0.9,22,0,NORMAL,0
3889.16,0.68,0,1.0,0,0,0,6.8,0,88.8,0,1,0.91,22,0,NORMAL,0
1505.5,-0.81,0,1.0,0,0,1,0.0,0,96.7,0,1,0.91,15,0,NORMAL,0
2452.12,-0.22,0,1.0,0,0,1,0.5,0,75.9,0,1,0.92,15,0,NORMAL,0
50.0,-1.72,0,1.0,0,0,1,2.8,0,79.6,1,1,0.92,12,0,NORMAL,0
1294.71,-0.94,0,1.0,0,0,1,14.7,0,85.0,0,1,0.92,14,0,NORMAL,0
4420.96,1.01,0,1.0,0,0,1,27.9,0,81.3,0,1,0.99,20,0,NORMAL,0
1055.77,-1.09,0,1.0,0,0,1,0.0,0,91.2,0,1,0.94,16,0,NORMAL,0
6113.48,2.07,0,1.0,0,0,1,46.4,0,87.6,0,1,0.98,21,0,NORMAL,0
5838.48,1.9,0,1.0,0,0,1,5.4,0,79.9,0,1,0.96,21,0,NORMAL,0
3475.46,0.42,1,1.0,0,0,1,0.0,0,83.8,1,1,0.97,15,0,NORMAL,0
5246.87,1.53,1,1.0,0,0,1,50.9,0,76.5,1,1,0.98,11,0,NORMAL,0
5657.56,1.79,0,1.0,0,0,1,0.0,0,78.3,0,1,0.95,19,0,NORMAL,0
3356.62,0.35,0,1.0,0,0,1,13.6,0,88.7,0,1,0.98,9,0,NORMAL,0
4253.65,0.91,0,1.0,0,0,1,11.9,0,81.7,1,1,0.91,17,0,NORMAL,0
79819.54,48.14,2,0.0,3,1,0,1600.4,1,13.8,1,3,0.53,4,1,FRAUD,2
2197.05,-0.38,0,1.0,0,0,1,37.7,0,78.9,0,1,0.98,15,0,NORMAL,0
50.0,-1.72,0,0.8,0,0,1,12.2,0,90.7,0,1,0.98,20,0,NORMAL,0
2439.3,-0.23,0,1.0,0,0,1,0.8,0,99.3,0,1,0.97,19,0,NORMAL,0
2255.86,-0.34,1,1.0,0,0,1,47.3,0,96.5,0,1,0.9,21,0,NORMAL,0
38906.43,22.57,1,0.5,2,0,0,145.8,0,74.9,1,1,0.75,13,0,SUSPICIOUS,1
3708.68,0.57,1,0.8,0,0,1,24.2,0,89.8,0,1,0.98,11,0,NORMAL,0
3181.91,0.24,0,1.0,0,0,1,33.6,0,89.2,0,1,0.96,21,0,NORMAL,0
64988.04,38.87,2,0.2,6,1,0,4399.8,1,15.2,1,3,0.26,23,1,FRAUD,2
4054.97,0.78,0,1.0,1,0,1,0.0,0,76.4,0,1,0.97,17,0,NORMAL,0
3566.21,0.48,0,1.0,0,0,1,1.8,0,85.7,0,1,0.93,21,0,NORMAL,0
40068.79,23.29,1,0.5,1,0,1,150.3,0,56.0,1,1,0.81,13,0,SUSPICIOUS,1
3020.15,0.14,1,1.0,0,0,1,15.7,0,92.7,0,1,0.95,20,0,NORMAL,0
1865.0,-0.58,1,0.8,0,0,1,37.2,0,75.1,0,1,0.95,21,0,NORMAL,0
4002.4,0.75,0,1.0,0,0,1,14.0,0,79.1,1,1,0.92,19,0,NORMAL,0
5405.4,1.63,0,1.0,0,0,1,6.9,0,94.3,0,1,0.97,9,0,NORMAL,0
4040.95,0.78,0,1.0,0,0,1,0.0,0,89.1,1,1,0.97,13,0,NORMAL,0
925.11,-1.17,0,0.8,0,0,1,48.9,0,79.1,0,1,0.93,17,0,NORMAL,0
4297.22,0.94,0,1.0,0,0,1,26.6,0,89.9,1,1,0.96,12,0,NORMAL,0
2533.65,-0.17,0,1.0,0,0,1,0.0,0,96.7,0,1,0.93,20,0,NORMAL,0
2447.79,-0.22,0,1.0,1,0,1,21.0,0,89.6,0,1,0.97,18,0,NORMAL,0
1789.72,-0.63,0,1.0,0,0,1,8.9,0,82.2,0,1,0.95,18,0,NORMAL,0
4249.2,0.91,0,1.0,0,0,0,28.5,0,93.6,0,1,0.92,19,0,NORMAL,0
2949.48,0.09,1,1.0,0,0,1,52.4,0,76.3,0,1,0.94,13,0,NORMAL,0
2257.34,-0.34,0,1.0,0,0,1,23.2,0,92.7,0,1,0.94,13,0,NORMAL,0
35273.8,20.3,2,0.8,1,0,1,247.8,0,57.0,0,2,0.75,16,0,SUSPICIOUS,1
1510.7,-0.81,0,1.0,0,0,0,7.5,0,91.4,0,1,0.95,17,0,NORMAL,0
50.0,-1.72,0,1.0,0,0,1,13.5,0,75.2,0,1,0.96,16,0,NORMAL,0
1799.26,-0.63,0,0.8,0,0,1,23.9,0,82.5,0,1,0.99,19,0,NORMAL,0
344.56,-1.53,1,1.0,0,0,1,40.5,0,99.7,0,1,0.91,19,0,NORMAL,0
2757.86,-0.03,0,1.0,0,0,1,28.8,0,86.0,1,1,0.95,21,0,NORMAL,0
4386.12,0.99,0,1.0,0,0,1,0.0,0,90.1,0,1,0.95,22,0,NORMAL,0
1745.92,-0.66,1,1.0,0,0,1,15.9,0,75.8,0,1,0.91,14,0,NORMAL,0
50.0,-1.72,0,1.0,0,0,1,7.6,0,93.5,0,1,0.93,10,0,NORMAL,0
4506.81,1.07,1,0.8,0,0,1,8.1,0,83.7,0,1,0.93,11,0,NORMAL,0
2170.11,-0.39,0,1.0,0,0,1,25.9,0,86.8,1,1,0.94,22,0,NORMAL,0
1802.72,-0.62,0,1.0,0,0,0,0.0,0,75.5,0,1,0.91,19,0,NORMAL,0
41238.27,24.02,1,0.5,2,0,0,285.2,0,45.6,0,2,0.71,18,0,SUSPICIOUS,1
2109.6,-0.43,1,1.0,0,0,1,20.3,0,77.0,0,1,0.99,21,0,NORMAL,0
2026.53,-0.48,0,1.0,0,0,1,19.3,0,94.2,0,1,0.98,14,0,NORMAL,0
144296.13,88.44,2,0.0,6,1,0,2483.9,1,21.5,1,3,0.25,23,1,FRAUD,2
2797.33,-0.0,0,1.0,0,0,1,49.0,0,93.0,0,1,0.94,10,0,NORMAL,0
2036.0,-0.48,1,1.0,0,0,1,0.0,0,77.5,0,1,0.94,15,0,NORMAL,0
3870.81,0.67,0,1.0,0,0,1,13.9,0,94.3,0,1,0.91,17,0,NORMAL,0
33964.49,19.48,2,0.8,1,0,0,314.1,0,56.6,0,1,0.85,23,1,SUSPICIOUS,1
50.0,-1.72,0,1.0,0,0,0,54.6,0,83.6,0,1,0.92,11,0,NORMAL,0
3662.28,0.54,0,1.0,0,0,1,28.1,0,95.3,0,1,0.93,19,0,NORMAL,0
109070.58,66.42,2,0.0,3,1,0,3367.3,1,24.3,1,4,0.49,3,1,FRAUD,2
40932.28,23.83,1,0.8,1,0,0,246.7,0,57.9,1,1,0.75,5,1,SUSPICIOUS,1
1731.47,-0.67,0,0.8,0,0,1,0.0,0,82.9,0,1,0.93,17,0,NORMAL,0
1947.06,-0.53,0,1.0,0,0,1,22.5,0,86.1,0,1,0.96,15,0,NORMAL,0
6359.5,2.22,0,1.0,0,0,1,36.8,0,81.0,0,1,0.92,15,0,NORMAL,0
3177.26,0.24,0,1.0,0,0,1,10.7,0,82.2,0,1,0.92,19,0,NORMAL,0
3398.39,0.37,0,1.0,0,0,1,5.9,0,82.0,1,1,0.9,17,0,NORMAL,0
4084.79,0.8,0,1.0,0,0,0,12.1,0,79.2,0,1,0.94,20,0,NORMAL,0
3245.42,0.28,0,0.8,0,0,1,22.7,0,80.0,0,1,0.93,18,0,NORMAL,0
50.0,-1.72,1,1.0,0,0,1,18.1,0,93.9,0,1,0.93,16,0,NORMAL,0
3660.52,0.54,0,1.0,0,0,1,20.5,0,90.0,0,1,0.9,10,0,NORMAL,0
3800.76,0.63,0,1.0,0,0,1,4.0,0,91.2,1,1,0.96,11,0,NORMAL,0
3777.94,0.61,1,1.0,0,0,1,0.0,0,95.6,0,1,0.97,9,0,NORMAL,0
3696.92,0.56,0,1.0,0,0,1,0.0,0,98.8,0,1,0.96,22,0,NORMAL,0
3090.45,0.18,1,1.0,0,0,1,3.0,0,77.4,0,1,0.9,9,0,NORMAL,0
3479.8,0.42,0,0.8,0,0,1,53.8,0,90.8,0,1,0.95,22,0,NORMAL,0
1642.21,-0.72,0,0.8,0,0,1,3.4,0,94.5,0,1,0.91,9,0,NORMAL,0
138289.29,84.68,2,0.2,5,1,0,1191.0,1,7.7,1,2,0.19,1,1,FRAUD,2
1425.91,-0.86,0,1.0,0,0,1,28.2,0,98.3,0,1,0.91,18,0,NORMAL,0
4140.78,0.84,0,1.0,0,0,0,21.3,0,88.3,0,1,0.98,17,0,NORMAL,0
48957.84,28.85,2,0.8,1,0,0,263.5,0,69.6,1,2,0.79,21,0,SUSPICIOUS,1
2019.57,-0.49,0,0.8,0,0,1,35.0,0,95.0,0,1,0.95,20,0,NORMAL,0
4925.53,1.33,0,1.0,1,0,1,14.0,0,93.2,0,1,0.97,22,0,NORMAL,0
3781.65,0.61,0,1.0,0,0,1,15.1,0,86.4,0,1,0.93,9,0,NORMAL,0
40197.26,23.37,2,0.5,1,1,1,341.8,0,45.4,1,1,0.8,19,0,SUSPICIOUS,1
2591.26,-0.13,0,1.0,0,0,1,0.0,0,81.5,0,1,0.93,22,0,NORMAL,0
2241.68,-0.35,0,1.0,0,0,1,33.0,0,76.7,0,1,0.97,10,0,NORMAL,0
4901.8,1.31,0,1.0,1,0,1,9.4,0,95.0,0,1,0.97,14,0,NORMAL,0
2527.13,-0.17,1,0.8,0,0,1,12.7,0,88.8,0,1,0.97,15,0,NORMAL,0
50.0,-1.72,0,1.0,1,0,1,14.6,0,87.0,0,1,0.91,18,0,NORMAL,0
3210.45,0.26,0,1.0,0,0,1,12.3,0,86.3,0,1,0.99,14,0,NORMAL,0
45954.01,26.97,2,0.5,1,1,0,132.0,0,74.5,1,1,0.86,12,0,SUSPICIOUS,1
3566.44,0.48,0,1.0,0,0,1,4.4,0,86.7,1,1,0.95,14,0,NORMAL,0
1227.05,-0.98,0,1.0,0,0,1,42.8,0,95.1,0,1,0.93,12,0,NORMAL,0
93205.0,56.5,2,0.0,6,1,0,2116.0,1,13.9,1,3,0.37,4,1,FRAUD,2
2921.89,0.08,0,0.8,0,0,0,10.1,0,94.0,0,1,0.9,9,0,NORMAL,0
43360.02,25.35,2,0.5,2,1,0,275.0,0,70.2,0,1,0.85,0,1,SUSPICIOUS,1
44352.03,25.97,1,0.5,2,0,1,190.7,0,51.7,1,1,0.85,21,0,SUSPICIOUS,1
146974.74,90.11,2,0.0,4,1,0,4355.1,1,22.8,1,3,0.45,5,1,FRAUD,2
3501.87,0.44,1,1.0,0,0,1,14.7,0,94.7,0,1,0.91,13,0,NORMAL,0
4320.52,0.95,0,1.0,0,0,1,0.0,0,82.4,0,1,0.92,17,0,NORMAL,0
40936.99,23.84,2,0.5,1,0,0,240.2,0,65.7,1,1,0.75,4,1,SUSPICIOUS,1
2611.76,-0.12,0,0.8,0,0,1,31.7,0,99.3,0,1,0.98,21,0,NORMAL,0
1215.84,-0.99,1,1.0,0,0,1,23.8,0,88.1,0,1,0.94,17,0,NORMAL,0
2648.53,-0.09,0,1.0,0,0,1,31.6,0,94.4,1,1,0.91,19,0,NORMAL,0
2085.9,-0.45,0,1.0,0,0,1,0.0,0,76.8,0,1,0.92,21,0,NORMAL,0
35478.9,20.42,2,0.8,2,0,0,96.7,0,65.7,1,1,0.84,0,1,SUSPICIOUS,1
145532.82,89.21,2,0.2,4,1,0,2353.5,1,11.8,1,3,0.4,5,1,FRAUD,2
1516.65,-0.8,0,0.8,0,0,1,10.2,0,91.9,0,1,0.91,22,0,NORMAL,0
468.02,-1.46,0,1.0,0,0,1,36.2,0,95.7,0,1,0.97,13,0,NORMAL,0
1396.03,-0.88,0,1.0,0,0,1,40.2,0,97.6,0,1,0.91,22,0,NORMAL,0
3985.92,0.74,0,1.0,0,0,1,17.4,0,87.0,0,1,0.96,18,0,NORMAL,0
3098.73,0.19,0,1.0,0,0,1,3.7,0,99.4,0,1,0.99,17,0,NORMAL,0
89366.94,54.1,2,0.2,3,1,0,2287.1,1,10.6,1,3,0.42,4,1,FRAUD,2
38803.46,22.5,1,0.5,2,0,1,159.4,0,45.1,1,1,0.76,7,1,SUSPICIOUS,1
5872.99,1.92,0,1.0,0,0,1,51.7,0,80.6,0,1,0.96,11,0,NORMAL,0
1184.4,-1.01,0,1.0,0,0,1,8.9,0,97.3,0,1,0.97,12,0,NORMAL,0
2391.7,-0.26,0,1.0,0,0,1,29.6,0,97.2,1,1,0.98,12,0,NORMAL,0
1956.68,-0.53,0,1.0,0,0,1,35.3,0,93.9,0,1,0.92,19,0,NORMAL,0
2709.44,-0.06,1,1.0,0,0,1,0.0,0,82.8,0,1,0.99,22,0,NORMAL,0
3324.64,0.33,0,1.0,0,0,0,0.0,0,85.7,0,1,0.9,17,0,NORMAL,0
43914.93,25.7,1,0.5,1,1,1,180.1,0,55.2,1,1,0.77,14,0,SUSPICIOUS,1
7574.44,2.98,0,1.0,0,0,1,12.0,0,81.8,1,1,0.92,9,0,NORMAL,0
3604.65,0.5,0,1.0,0,0,1,0.0,0,96.2,0,1,0.92,21,0,NORMAL,0
2475.47,-0.2,0,1.0,0,0,1,22.5,0,79.8,0,1,0.94,10,0,NORMAL,0
544.34,-1.41,0,1.0,0,0,1,0.0,0,90.2,0,1,0.99,20,0,NORMAL,0
33130.72,18.96,1,0.5,2,0,1,209.5,0,52.9,1,1,0.75,9,0,SUSPICIOUS,1
1158.66,-1.03,0,1.0,0,0,1,31.1,0,90.3,0,1,0.91,13,0,NORMAL,0
4571.78,1.11,1,1.0,0,0,1,9.2,0,93.5,0,1,0.91,21,0,NORMAL,0
3470.2,0.42,0,1.0,0,0,1,0.0,0,85.3,1,1,0.94,22,0,NORMAL,0
1814.03,-0.62,0,1.0,0,0,1,34.0,0,82.5,1,1,0.91,17,0,NORMAL,0
30912.98,17.57,1,0.5,1,0,0,315.2,0,56.0,1,1,0.82,19,0,SUSPICIOUS,1
3098.96,0.19,0,1.0,0,0,1,2.9,0,91.2,0,1,0.92,20,0,NORMAL,0
589.0,-1.38,0,1.0,0,0,1,12.1,0,91.2,0,1,0.9,19,0,NORMAL,0
5980.73,1.99,0,1.0,0,0,1,39.6,0,91.1,0,1,0.9,11,0,NORMAL,0
2902.94,0.06,0,1.0,0,0,0,51.9,0,83.5,0,1,0.91,16,0,NORMAL,0
2519.08,-0.18,0,0.8,0,0,1,35.5,0,76.7,1,1,0.99,21,0,NORMAL,0
124852.75,76.28,2,0.0,7,1,0,1470.4,1,14.7,1,3,0.37,4,1,FRAUD,2
2250.67,-0.34,0,1.0,0,0,1,26.8,0,79.5,0,1,0.92,20,0,NORMAL,0
5819.2,1.89,0,1.0,0,0,1,4.7,0,93.1,0,1,0.94,21,0,NORMAL,0
3289.86,0.31,0,1.0,0,0,0,0.0,0,91.0,1,1,0.92,19,0,NORMAL,0
3971.96,0.73,0,1.0,0,0,1,25.6,0,88.1,0,1,0.99,9,0,NORMAL,0
86.2,-1.7,0,1.0,1,0,1,0.0,0,96.9,0,1,0.91,14,0,NORMAL,0
2448.38,-0.22,0,1.0,0,0,1,0.0,0,98.0,0,1,0.93,15,0,NORMAL,0
30662.01,17.41,1,0.8,1,0,1,344.1,0,62.0,1,2,0.77,11,0,SUSPICIOUS,1
4830.74,1.27,0,1.0,0,0,1,7.0,0,84.3,0,1,0.93,12,0,NORMAL,0
27933.98,15.71,2,0.8,1,0,1,83.0,0,49.6,1,1,0.79,15,0,SUSPICIOUS,1
50.0,-1.72,0,1.0,0,0,1,8.9,0,97.3,1,1,0.94,17,0,NORMAL,0
2205.88,-0.37,1,1.0,0,0,1,31.9,0,91.4,1,1,0.95,21,0,NORMAL,0
5513.9,1.7,0,1.0,1,0,1,0.0,0,81.4,0,1,0.92,11,0,NORMAL,0
2389.11,-0.26,0,1.0,0,0,1,0.0,0,84.7,0,1,0.96,22,0,NORMAL,0
2502.84,-0.19,0,1.0,0,0,1,0.0,0,98.9,0,1,0.92,9,0,NORMAL,0
1448.03,-0.84,0,0.8,0,0,1,18.1,0,88.5,0,1,0.93,17,0,NORMAL,0
35962.36,20.73,1,0.8,1,0,0,107.2,0,65.2,1,1,0.84,2,1,SUSPICIOUS,1
305.87,-1.56,0,1.0,0,0,1,0.0,0,98.9,0,1,0.96,12,0,NORMAL,0
32893.21,18.81,1,0.8,1,0,1,323.0,0,49.5,1,1,0.89,21,0,SUSPICIOUS,1
2753.97,-0.03,0,1.0,0,0,1,29.3,0,98.3,0,1,0.95,17,0,NORMAL,0
70479.24,42.3,2,0.2,6,1,0,2836.3,1,5.1,1,4,0.34,3,1,FRAUD,2
3044.53,0.15,0,1.0,0,0,1,0.0,0,77.9,0,1,0.95,13,0,NORMAL,0
50.0,-1.72,0,1.0,1,0,0,30.6,0,98.9,0,1,0.91,19,0,NORMAL,0
3726.27,0.58,0,1.0,0,0,1,44.8,0,93.0,0,1,0.91,22,0,NORMAL,0
4603.91,1.13,0,1.0,0,0,1,0.0,0,85.2,0,1,0.91,9,0,NORMAL,0
4140.18,0.84,0,1.0,0,0,1,26.5,0,94.9,0,1,0.98,15,0,NORMAL,0
2601.78,-0.12,0,0.8,0,0,1,0.0,0,90.2,0,1,0.95,13,0,NORMAL,0
1819.67,-0.61,0,1.0,0,0,1,9.7,0,77.2,0,1,0.98,20,0,NORMAL,0
5141.14,1.46,0,1.0,0,0,1,12.6,0,91.1,0,1,0.94,17,0,NORMAL,0
46001.64,27.0,1,0.5,1,0,0,143.8,0,55.5,1,1,0.7,10,0,SUSPICIOUS,1
47130.22,27.71,1,0.5,1,0,0,124.7,0,66.7,0,1,0.78,14,0,SUSPICIOUS,1
2048.79,-0.47,1,1.0,0,0,1,37.0,0,79.4,0,1,0.99,19,0,NORMAL,0
5070.39,1.42,0,1.0,0,0,0,22.7,0,81.3,0,1,0.93,10,0,NORMAL,0
3016.05,0.14,0,1.0,0,0,0,7.5,0,92.4,0,1,0.93,19,0,NORMAL,0
2090.63,-0.44,0,1.0,0,0,1,0.0,0,87.2,0,1,0.96,10,0,NORMAL,0
3938.3,0.71,1,1.0,0,0,1,41.5,0,78.1,0,1,0.99,21,0,NORMAL,0
2322.85,-0.3,0,1.0,0,0,1,15.0,0,99.2,0,1,0.95,21,0,NORMAL,0
1576.13,-0.76,0,1.0,0,0,1,24.2,0,75.8,0,1,0.96,10,0,NORMAL,0
4018.61,0.76,0,1.0,0,0,1,1.2,0,78.2,0,1,0.91,15,0,NORMAL,0
3657.74,0.54,0,1.0,0,0,1,26.1,0,91.9,0,1,0.99,9,0,NORMAL,0
3347.45,0.34,0,1.0,0,0,1,36.9,0,90.9,0,1,0.97,18,0,NORMAL,0
5109.79,1.44,1,1.0,0,0,1,29.9,0,85.2,0,1,0.91,15,0,NORMAL,0
1597.37,-0.75,0,1.0,0,0,1,0.0,0,98.6,0,1,0.91,21,0,NORMAL,0
5202.14,1.5,0,1.0,0,0,1,15.1,0,79.1,0,1,0.92,12,0,NORMAL,0
892.74,-1.19,0,1.0,0,0,1,28.7,0,78.6,0,1,0.98,20,0,NORMAL,0
65645.63,39.28,2,0.2,6,1,0,1111.6,1,27.6,1,2,0.39,0,1,FRAUD,2
91832.16,55.65,2,0.0,4,1,0,1211.2,1,6.1,1,3,0.22,1,1,FRAUD,2
46179.83,27.11,2,0.8,1,0,0,338.8,0,62.5,1,2,0.88,7,1,SUSPICIOUS,1
4273.67,0.92,0,1.0,0,0,1,8.9,0,79.9,0,1,0.94,18,0,NORMAL,0
6378.84,2.24,1,1.0,0,0,1,46.1,0,99.4,0,1,0.96,12,0,NORMAL,0
1717.83,-0.68,0,0.8,0,0,1,24.3,0,77.7,0,1,0.97,22,0,NORMAL,0
2957.13,0.1,0,1.0,0,0,1,13.7,0,93.6,0,1,0.95,11,0,NORMAL,0
46118.74,27.07,1,0.5,2,0,0,254.8,0,57.1,1,2,0.72,13,0,SUSPICIOUS,1
2200.6,-0.37,0,1.0,0,0,1,11.0,0,80.8,0,1,0.95,16,0,NORMAL,0
148578.67,91.11,2,0.2,4,1,0,3940.4,1,11.8,1,3,0.17,1,1,FRAUD,2
50.0,-1.72,0,1.0,0,0,1,28.2,0,90.2,0,1,0.91,9,0,NORMAL,0
4036.5,0.77,0,1.0,0,0,1,7.8,0,95.1,0,1,0.94,15,0,NORMAL,0
2024.9,-0.48,0,1.0,0,0,1,0.0,0,96.0,0,1,0.93,21,0,NORMAL,0
367.3,-1.52,1,0.8,0,0,1,5.7,0,81.4,0,1,0.91,19,0,NORMAL,0
2031.03,-0.48,0,1.0,0,0,1,0.0,0,84.2,0,1,0.91,12,0,NORMAL,0
2643.0,-0.1,0,1.0,0,0,1,0.0,0,85.1,0,1,0.92,19,0,NORMAL,0
111081.25,67.68,2,0.0,7,1,0,2135.5,1,28.2,1,4,0.36,5,1,FRAUD,2
1844.19,-0.6,0,1.0,0,0,1,14.9,0,79.9,0,1,0.95,10,0,NORMAL,0
3572.29,0.48,0,1.0,0,0,0,24.2,0,81.7,0,1,0.96,20,0,NORMAL,0
4556.78,1.1,1,1.0,0,0,1,30.5,0,83.8,0,1,0.92,18,0,NORMAL,0
2516.0,-0.18,0,1.0,0,0,1,21.7,0,95.8,0,1,0.93,11,0,NORMAL,0
50.0,-1.72,0,1.0,0,0,1,14.5,0,78.2,0,1,0.96,15,0,NORMAL,0
5687.65,1.8,0,1.0,0,0,1,10.3,0,96.4,0,1,0.92,13,0,NORMAL,0
36098.6,20.81,1,0.5,1,0,0,311.2,0,68.4,0,1,0.77,12,0,SUSPICIOUS,1
1779.55,-0.64,1,1.0,0,0,1,0.0,0,86.7,0,1,0.94,16,0,NORMAL,0
3722.55,0.58,0,1.0,0,0,0,0.0,0,95.5,0,1,0.92,22,0,NORMAL,0
1577.11,-0.76,1,0.8,0,0,1,3.5,0,91.2,0,1,0.94,20,0,NORMAL,0
4988.94,1.37,0,1.0,0,0,0,15.1,0,91.4,0,1,0.95,21,0,NORMAL,0
41597.12,24.25,1,0.8,1,0,0,92.3,0,49.1,1,1,0.75,23,1,SUSPICIOUS,1
3190.7,0.24,0,1.0,0,0,1,19.4,0,88.5,0,1,0.91,13,0,NORMAL,0
847.84,-1.22,1,1.0,0,0,1,13.3,0,81.1,0,1,0.93,17,0,NORMAL,0
1556.37,-0.78,0,1.0,0,0,0,3.3,0,87.9,0,1,0.98,19,0,NORMAL,0
5254.77,1.53,0,1.0,0,0,1,0.0,0,95.1,0,1,0.93,11,0,NORMAL,0
41814.0,24.38,1,0.8,1,0,1,224.1,0,59.4,1,1,0.84,17,0,SUSPICIOUS,1
4887.38,1.3,0,1.0,0,0,1,26.0,0,82.7,0,1,0.93,12,0,NORMAL,0
5211.1,1.51,1,1.0,0,0,1,46.3,0,87.3,0,1,0.95,21,0,NORMAL,0
1399.5,-0.88,0,1.0,0,0,1,35.2,0,94.5,0,1,0.96,16,0,NORMAL,0
5642.02,1.78,0,1.0,0,0,1,0.0,0,76.7,0,1,0.98,16,0,NORMAL,0
2515.81,-0.18,1,0.8,0,0,1,0.0,0,78.7,0,1,0.91,14,0,NORMAL,0
97812.89,59.38,2,0.2,3,1,0,2481.5,1,6.8,1,3,0.53,23,1,FRAUD,2
1047.81,-1.1,0,1.0,0,0,1,13.9,0,77.7,0,1,0.91,21,0,NORMAL,0
1618.6,-0.74,0,1.0,0,0,1,21.7,0,81.2,0,1,0.96,11,0,NORMAL,0
50.0,-1.72,0,1.0,0,0,1,0.0,0,89.3,1,1,0.94,10,0,NORMAL,0
1819.8,-0.61,0,1.0,1,0,1,36.7,0,92.0,0,1,0.98,12,0,NORMAL,0
3051.15,0.16,0,1.0,0,0,1,0.0,0,92.2,1,1,0.98,16,0,NORMAL,0
50.0,-1.72,0,1.0,0,0,1,21.0,0,91.9,0,1,0.92,10,0,NORMAL,0
28163.55,15.85,2,0.8,2,0,0,284.8,0,74.2,0,1,0.81,7,1,SUSPICIOUS,1
50.0,-1.72,0,1.0,0,0,1,0.0,0,82.9,0,1,0.95,10,0,NORMAL,0
2468.15,-0.21,0,1.0,0,0,1,0.0,0,97.0,0,1,0.94,16,0,NORMAL,0
1055.63,-1.09,1,1.0,0,0,1,0.0,0,76.6,0,1,0.95,12,0,NORMAL,0
3839.77,0.65,0,1.0,0,0,0,8.0,0,92.5,0,1,0.98,11,0,NORMAL,0
2124.76,-0.42,0,1.0,0,0,1,11.2,0,93.1,0,1,0.94,12,0,NORMAL,0
3586.19,0.49,0,1.0,0,0,1,0.0,0,88.7,0,1,0.93,9,0,NORMAL,0
2617.45,-0.11,0,0.8,0,0,1,9.1,0,91.0,0,1,0.95,18,0,NORMAL,0
2064.06,-0.46,0,1.0,0,0,1,47.7,0,78.3,0,1,0.91,18,0,NORMAL,0
26031.09,14.52,1,0.8,1,1,1,258.3,0,47.2,1,1,0.87,16,0,SUSPICIOUS,1
5194.15,1.5,0,1.0,0,0,0,12.8,0,96.3,0,1,0.95,15,0,NORMAL,0
82178.21,49.61,2,0.0,6,1,0,4430.5,1,22.2,1,3,0.55,5,1,FRAUD,2
2140.34,-0.41,0,1.0,0,0,0,5.9,0,97.4,0,1,0.98,18,0,NORMAL,0
3935.77,0.71,1,0.8,0,0,1,1.3,0,90.4,0,1,0.94,15,0,NORMAL,0
2244.71,-0.35,1,1.0,0,0,1,33.4,0,99.0,0,1,0.98,13,0,NORMAL,0
6074.27,2.05,0,1.0,0,0,1,40.7,0,94.5,0,1,0.92,9,0,NORMAL,0
1888.75,-0.57,1,1.0,0,0,1,0.0,0,79.4,0,1,0.92,15,0,NORMAL,0
1712.52,-0.68,0,1.0,0,0,0,25.0,0,90.3,0,1,0.97,19,0,NORMAL,0
2335.59,-0.29,0,0.8,0,0,1,0.0,0,86.9,0,1,0.91,12,0,NORMAL,0
5586.58,1.74,0,1.0,0,0,1,0.0,0,91.4,0,1,0.91,16,0,NORMAL,0
126860.25,77.54,2,0.0,7,1,0,1627.6,1,25.8,1,2,0.5,5,1,FRAUD,2
2173.64,-0.39,0,1.0,1,0,1,28.9,0,99.6,0,1,0.91,20,0,NORMAL,0
218.9,-1.61,1,1.0,0,0,1,0.0,0,92.5,0,1,0.98,16,0,NORMAL,0
2537.73,-0.16,0,1.0,0,0,1,37.8,0,82.9,0,1,0.93,17,0,NORMAL,0
3728.13,0.58,0,1.0,0,0,1,4.5,0,77.7,0,1,0.95,15,0,NORMAL,0
2695.16,-0.07,0,1.0,0,0,1,9.5,0,87.0,0,1,0.93,22,0,NORMAL,0
2401.28,-0.25,0,1.0,0,0,1,20.4,0,99.0,0,1,0.97,17,0,NORMAL,0
46630.25,27.39,2,0.5,1,0,1,113.3,0,51.3,1,1,0.82,1,1,SUSPICIOUS,1
4724.16,1.2,0,1.0,0,0,1,0.0,0,99.4,0,1,0.98,17,0,NORMAL,0
4370.38,0.98,0,1.0,0,0,0,15.2,0,75.8,0,1,0.91,9,0,NORMAL,0
4680.01,1.18,0,1.0,0,0,1,0.0,0,84.6,0,1,0.95,13,0,NORMAL,0
49144.03,28.97,1,0.5,1,0,1,121.8,0,53.0,1,2,0.84,20,0,SUSPICIOUS,1
43504.77,25.44,1,0.8,1,1,0,313.6,0,46.4,1,1,0.83,2,1,SUSPICIOUS,1
37122.89,21.45,1,0.5,1,0,1,337.6,0,58.4,1,1,0.89,2,1,SUSPICIOUS,1
2075.15,-0.45,0,1.0,0,0,1,10.5,0,98.9,1,1,0.95,20,0,NORMAL,0
1804.28,-0.62,0,1.0,0,0,1,54.2,0,82.7,1,1,0.9,14,0,NORMAL,0
5318.14,1.57,0,1.0,0,0,1,24.1,0,79.0,0,1,0.9,20,0,NORMAL,0
3532.5,0.46,1,0.8,0,0,1,48.5,0,91.6,0,1,0.93,10,0,NORMAL,0
32871.91,18.79,2,0.8,1,0,0,247.3,0,61.9,0,1,0.71,17,0,SUSPICIOUS,1
4227.99,0.89,0,1.0,0,0,1,0.0,0,96.3,0,1,0.94,18,0,NORMAL,0
3572.79,0.48,0,1.0,0,0,0,37.4,0,81.8,0,1,0.97,22,0,NORMAL,0
3381.51,0.36,0,1.0,0,0,1,0.0,0,81.3,0,1,0.98,13,0,NORMAL,0
107974.69,65.73,2,0.2,4,1,0,2035.5,1,16.2,1,4,0.23,5,1,FRAUD,2
1614.55,-0.74,1,1.0,0,0,1,14.6,0,83.3,0,1,0.93,12,0,NORMAL,0
3300.24,0.31,0,1.0,0,0,1,28.1,0,93.1,0,1,0.93,17,0,NORMAL,0
1094.33,-1.07,0,1.0,0,0,1,0.0,0,75.9,0,1,0.94,19,0,NORMAL,0
5435.88,1.65,0,1.0,0,0,1,0.0,0,90.9,0,1,0.95,21,0,NORMAL,0
3752.53,0.6,0,1.0,0,0,1,19.7,0,87.5,0,1,0.94,18,0,NORMAL,0
2946.38,0.09,0,1.0,0,0,1,29.1,0,79.3,0,1,0.97,18,0,NORMAL,0
2751.8,-0.03,0,1.0,1,0,1,14.1,0,95.8,0,1,0.91,17,0,NORMAL,0
3458.35,0.41,0,1.0,1,0,1,40.7,0,82.1,0,1,0.95,13,0,NORMAL,0
1359.3,-0.9,0,1.0,0,0,0,2.4,0,87.2,0,1,0.98,14,0,NORMAL,0
32652.17,18.66,2,0.8,1,0,1,307.8,0,69.3,1,1,0.82,18,0,SUSPICIOUS,1
2904.6,0.07,0,1.0,0,0,1,2.0,0,88.5,0,1,0.98,9,0,NORMAL,0
2793.09,-0.0,0,1.0,0,0,1,8.2,0,82.3,0,1,0.91,16,0,NORMAL,0
41681.8,24.3,2,0.8,1,0,1,204.1,0,73.5,0,1,0.83,19,0,SUSPICIOUS,1
77991.53,46.99,2,0.0,4,1,0,2357.4,1,9.7,1,4,0.46,4,1,FRAUD,2
1811.66,-0.62,0,1.0,0,0,0,15.3,0,86.3,0,1,0.93,12,0,NORMAL,0
2721.75,-0.05,1,1.0,0,0,1,60.7,0,87.6,0,1,0.92,11,0,NORMAL,0
2702.94,-0.06,1,1.0,0,0,1,6.6,0,82.4,0,1,0.99,9,0,NORMAL,0
2779.93,-0.01,0,1.0,0,0,0,1.7,0,97.0,0,1,0.97,14,0,NORMAL,0
3457.0,0.41,0,1.0,0,0,1,0.0,0,89.8,0,1,0.91,21,0,NORMAL,0
5458.86,1.66,0,0.8,0,0,1,22.1,0,77.3,0,1,0.91,19,0,NORMAL,0
2163.84,-0.4,0,1.0,0,0,1,6.2,0,93.0,0,1,0.95,22,0,NORMAL,0
4082.39,0.8,0,1.0,0,0,1,14.9,0,82.1,0,1,0.95,17,0,NORMAL,0
3007.36,0.13,0,1.0,0,0,0,41.7,0,84.1,0,1,0.95,10,0,NORMAL,0
142313.77,87.2,2,0.0,6,1,0,3949.5,1,15.1,1,2,0.37,2,1,FRAUD,2
43663.64,25.54,1,0.8,1,0,1,113.8,0,46.8,1,1,0.84,4,1,SUSPICIOUS,1
50.0,-1.72,0,1.0,0,0,1,16.2,0,97.0,0,1,0.95,14,0,NORMAL,0
4560.16,1.1,0,1.0,0,0,1,25.4,0,81.2,0,1,0.95,16,0,NORMAL,0
2286.14,-0.32,0,0.8,0,0,1,23.3,0,82.8,0,1,0.95,15,0,NORMAL,0
2497.68,-0.19,0,1.0,0,0,1,0.0,0,94.0,0,1,0.91,11,0,NORMAL,0
25147.21,13.97,2,0.5,1,1,1,128.2,0,52.2,1,1,0.88,19,0,SUSPICIOUS,1
4631.54,1.14,0,1.0,0,0,1,34.7,0,97.7,0,1,0.95,18,0,NORMAL,0
1105.33,-1.06,1,1.0,0,0,1,3.2,0,86.2,0,1,0.99,10,0,NORMAL,0
5388.25,1.62,1,1.0,0,0,1,25.7,0,91.6,0,1,0.92,12,0,NORMAL,0
4171.19,0.86,0,1.0,0,0,1,24.7,0,92.4,0,1,0.91,21,0,NORMAL,0
2198.38,-0.38,0,1.0,0,0,1,22.6,0,87.8,0,1,0.98,17,0,NORMAL,0
845.63,-1.22,0,1.0,0,0,1,46.0,0,88.8,0,1,0.98,15,0,NORMAL,0
4816.34,1.26,0,1.0,0,0,1,0.0,0,85.7,0,1,0.91,19,0,NORMAL,0
4245.69,0.9,0,1.0,1,0,1,0.0,0,83.0,0,1,0.98,18,0,NORMAL,0
1874.8,-0.58,0,0.8,0,0,1,28.1,0,82.7,0,1,0.95,13,0,NORMAL,0
2275.36,-0.33,0,1.0,0,0,1,7.8,0,75.6,0,1,0.91,10,0,NORMAL,0
31621.94,18.01,1,0.5,2,0,1,242.1,0,64.8,1,1,0.82,5,1,SUSPICIOUS,1
2419.28,-0.24,0,1.0,0,0,1,2.6,0,81.4,0,1,0.93,17,0,NORMAL,0
2960.04,0.1,0,1.0,0,0,1,12.7,0,83.3,1,1,0.94,14,0,NORMAL,0
2559.25,-0.15,1,1.0,0,0,0,0.0,0,84.7,0,1,0.96,17,0,NORMAL,0
3239.51,0.27,0,1.0,1,0,1,20.1,0,79.3,1,1,0.96,13,0,NORMAL,0
958.33,-1.15,0,1.0,0,0,1,0.0,0,90.5,0,1,0.95,16,0,NORMAL,0
665.37,-1.33,0,1.0,0,0,1,47.6,0,85.1,0,1,0.9,15,0,NORMAL,0
6370.67,2.23,1,1.0,0,0,1,54.3,0,82.6,0,1,0.93,12,0,NORMAL,0
1676.78,-0.7,0,1.0,0,0,1,9.8,0,81.3,0,1,0.92,22,0,NORMAL,0
1386.78,-0.88,0,1.0,0,0,0,0.0,0,82.0,0,1,0.92,19,0,NORMAL,0
1854.24,-0.59,0,1.0,0,0,1,24.5,0,87.7,0,1,0.95,22,0,NORMAL,0
3438.84,0.4,0,1.0,0,0,1,1.3,0,82.4,0,1,0.99,20,0,NORMAL,0
3166.0,0.23,0,1.0,0,0,1,10.2,0,97.0,0,1,0.97,12,0,NORMAL,0
3061.66,0.16,0,1.0,0,0,1,20.0,0,76.6,0,1,0.91,17,0,NORMAL,0
28468.39,16.04,2,0.5,2,0,0,107.7,0,54.7,1,1,0.78,16,0,SUSPICIOUS,1
3203.65,0.25,0,1.0,0,0,1,0.0,0,95.9,0,1,0.93,17,0,NORMAL,0
2136.64,-0.41,0,1.0,0,0,1,1.2,0,76.0,0,1,0.91,10,0,NORMAL,0
123021.13,75.14,2,0.0,7,1,0,3569.2,1,6.1,1,2,0.32,3,1,FRAUD,2
2516.23,-0.18,0,1.0,0,0,1,0.0,0,81.7,0,1,0.91,14,0,NORMAL,0
1886.54,-0.57,0,0.8,0,0,1,0.0,0,87.5,0,1,0.93,20,0,NORMAL,0
2732.44,-0.04,0,1.0,0,0,1,0.0,0,89.9,0,1,0.97,21,0,NORMAL,0
5487.57,1.68,0,1.0,1,0,1,22.7,0,96.0,0,1,0.9,12,0,NORMAL,0
5901.71,1.94,0,1.0,0,0,1,11.2,0,82.7,1,1,0.96,12,0,NORMAL,0
1299.53,-0.94,0,1.0,0,0,1,6.1,0,99.3,0,1,0.98,18,0,NORMAL,0
3772.34,0.61,1,1.0,0,0,1,1.3,0,82.2,0,1,0.92,20,0,NORMAL,0
6225.95,2.14,0,1.0,0,0,1,0.0,0,79.7,0,1,0.93,11,0,NORMAL,0
882.25,-1.2,0,1.0,0,0,1,0.0,0,75.9,0,1,0.91,11,0,NORMAL,0
1810.25,-0.62,0,1.0,0,0,1,0.0,0,95.9,0,1,0.94,21,0,NORMAL,0
113265.24,69.04,2,0.2,7,1,0,3159.1,1,29.7,1,3,0.23,2,1,FRAUD,2
2980.72,0.11,1,1.0,0,0,1,39.2,0,88.6,0,1,0.98,11,0,NORMAL,0
4488.84,1.06,0,1.0,0,0,1,37.4,0,77.0,0,1,0.96,10,0,NORMAL,0
39306.33,22.82,1,0.8,1,0,1,291.3,0,68.7,0,2,0.72,18,0,SUSPICIOUS,1
4408.39,1.01,0,1.0,0,0,0,17.1,0,86.0,0,1,0.96,21,0,NORMAL,0
6670.46,2.42,1,1.0,0,0,1,54.1,0,95.4,0,1,0.96,12,0,NORMAL,0
1754.15,-0.65,0,1.0,0,0,1,18.7,0,94.6,0,1,0.91,13,0,NORMAL,0
991.64,-1.13,0,1.0,0,0,1,0.0,0,80.7,0,1,0.92,10,0,NORMAL,0
5730.43,1.83,0,1.0,0,0,1,0.0,0,98.4,0,1,0.93,16,0,NORMAL,0
2241.09,-0.35,1,1.0,0,0,1,0.0,0,78.3,1,1,0.97,22,0,NORMAL,0
43882.02,25.68,1,0.8,2,0,1,273.6,0,72.3,1,1,0.72,9,0,SUSPICIOUS,1
2904.09,0.07,1,1.0,0,0,1,34.2,0,80.8,0,1,0.94,22,0,NORMAL,0
2210.66,-0.37,0,1.0,0,0,1,13.7,0,95.9,0,1,0.91,11,0,NORMAL,0
50.0,-1.72,0,1.0,0,0,1,0.0,0,80.4,0,1,0.99,20,0,NORMAL,0
2503.51,-0.19,0,1.0,0,0,1,43.3,0,79.7,0,1,0.93,14,0,NORMAL,0
50.0,-1.72,0,1.0,0,0,1,9.1,0,84.2,0,1,0.91,13,0,NORMAL,0
28609.12,16.13,2,0.5,2,0,0,289.7,0,60.5,1,1,0.8,4,1,SUSPICIOUS,1
3942.45,0.71,0,1.0,0,0,1,0.0,0,82.5,0,1,0.98,9,0,NORMAL,0
38903.75,22.56,1,0.5,1,0,0,147.2,0,54.2,1,1,0.81,22,0,SUSPICIOUS,1
750.89,-1.28,0,1.0,0,0,1,0.0,0,87.1,0,1,0.95,13,0,NORMAL,0
498.15,-1.44,0,0.8,0,0,0,2.2,0,76.5,0,1,0.97,16,0,NORMAL,0
600.47,-1.37,0,0.8,0,0,1,7.2,0,93.9,0,1,0.94,18,0,NORMAL,0
42398.68,24.75,1,0.5,1,1,1,304.3,0,45.7,1,1,0.85,12,0,SUSPICIOUS,1
2800.72,0.0,1,1.0,1,0,1,26.1,0,76.3,0,1,0.96,9,0,NORMAL,0
2745.64,-0.03,0,1.0,0,0,1,0.0,0,83.7,0,1,0.95,11,0,NORMAL,0
50.0,-1.72,0,1.0,0,0,0,43.7,0,76.6,1,1,0.98,22,0,NORMAL,0
39149.98,22.72,2,0.8,1,0,1,308.8,0,67.9,1,2,0.77,21,0,SUSPICIOUS,1
50.0,-1.72,0,1.0,0,0,1,0.0,0,79.6,0,1,0.91,13,0,NORMAL,0
2330.64,-0.29,0,1.0,0,0,1,7.9,0,88.7,0,1,0.99,13,0,NORMAL,0
44398.28,26.0,1,0.5,1,0,1,99.2,0,62.9,1,2,0.77,16,0,SUSPICIOUS,1
3768.09,0.61,0,1.0,0,0,1,51.6,0,97.1,0,1,0.95,21,0,NORMAL,0
3521.57,0.45,0,1.0,1,0,1,5.2,0,88.1,1,1,0.97,22,0,NORMAL,0
2952.06,0.1,0,1.0,0,0,1,49.1,0,99.3,0,1,0.93,15,0,NORMAL,0
2858.76,0.04,0,1.0,0,0,1,11.4,0,83.6,0,1,0.94,13,0,NORMAL,0
1354.52,-0.9,0,1.0,0,0,1,0.0,0,75.0,0,1,0.92,13,0,NORMAL,0
112843.07,68.78,2,0.0,3,1,0,3357.2,1,9.3,1,3,0.53,5,1,FRAUD,2
30417.15,17.26,1,0.8,1,0,0,202.5,0,48.8,1,2,0.8,23,1,SUSPICIOUS,1
2816.88,0.01,0,1.0,0,0,1,4.6,0,97.2,1,1,0.98,18,0,NORMAL,0
957.44,-1.15,0,1.0,0,0,1,1.1,0,98.1,0,1,0.95,20,0,NORMAL,0
73280.89,44.05,2,0.0,6,1,0,2618.1,1,18.5,1,3,0.35,1,1,FRAUD,2
4768.82,1.23,0,1.0,0,0,0,0.0,0,99.8,0,1,0.93,10,0,NORMAL,0
4845.22,1.28,0,1.0,0,0,1,33.9,0,96.5,0,1,0.95,21,0,NORMAL,0
50.0,-1.72,0,0.8,0,0,1,64.0,0,91.5,0,1,0.92,15,0,NORMAL,0
44935.95,26.33,1,0.8,2,1,0,174.3,0,55.1,0,1,0.77,18,0,SUSPICIOUS,1
47819.84,28.14,2,0.5,1,0,0,223.3,0,55.8,1,1,0.72,14,0,SUSPICIOUS,1
2200.41,-0.37,1,1.0,0,0,1,0.0,0,81.6,0,1,0.98,22,0,NORMAL,0
63875.39,38.17,2,0.2,6,1,0,2539.4,1,22.8,1,3,0.39,23,1,FRAUD,2
45619.3,26.76,1,0.8,1,0,1,197.3,0,49.6,1,1,0.72,6,1,SUSPICIOUS,1
138460.59,84.79,2,0.0,6,1,0,1423.0,1,5.0,1,2,0.4,2,1,FRAUD,2
4978.51,1.36,0,1.0,0,0,1,15.5,0,84.9,0,1,0.92,19,0,NORMAL,0
3431.09,0.39,0,1.0,0,0,1,14.4,0,82.3,0,1,0.98,22,0,NORMAL,0
2383.4,-0.26,0,1.0,0,0,0,23.7,0,85.8,0,1,0.91,10,0,NORMAL,0
5437.31,1.65,0,1.0,0,0,0,14.1,0,92.6,0,1,0.91,16,0,NORMAL,0
3297.33,0.31,1,1.0,0,0,1,9.7,0,77.6,0,1,0.94,22,0,NORMAL,0
1830.68,-0.61,0,1.0,0,0,1,11.9,0,80.6,0,1,0.95,14,0,NORMAL,0
2807.81,0.0,0,1.0,0,0,0,0.0,0,99.6,0,1,0.94,19,0,NORMAL,0
718.47,-1.3,0,1.0,0,0,1,23.1,0,86.8,0,1,0.95,15,0,NORMAL,0
3204.2,0.25,0,1.0,0,0,0,22.0,0,82.9,0,1,0.98,16,0,NORMAL,0
49547.52,29.22,1,0.8,1,0,1,91.1,0,70.4,1,1,0.74,1,1,SUSPICIOUS,1
1675.96,-0.7,0,1.0,0,0,0,33.5,0,83.9,0,1,0.93,19,0,NORMAL,0
735.1,-1.29,0,1.0,0,0,1,0.0,0,77.1,0,1,0.94,18,0,NORMAL,0
4062.96,0.79,1,1.0,0,0,1,12.4,0,96.7,0,1,0.95,13,0,NORMAL,0
5382.46,1.61,0,1.0,0,0,1,0.0,0,88.3,0,1,0.94,14,0,NORMAL,0
4620.99,1.14,0,1.0,0,0,0,11.4,0,86.0,0,1,0.98,17,0,NORMAL,0
2376.84,-0.26,0,1.0,0,0,1,0.0,0,97.8,0,1,0.98,20,0,NORMAL,0
34004.36,19.5,1,0.8,2,1,1,199.2,0,73.8,1,1,0.76,14,0,SUSPICIOUS,1
2639.94,-0.1,0,1.0,0,0,1,0.0,0,84.3,0,1,0.94,16,0,NORMAL,0
3504.61,0.44,0,1.0,0,0,1,51.5,0,88.7,0,1,0.92,14,0,NORMAL,0
405.85,-1.5,0,0.8,0,0,0,20.4,0,78.0,0,1,0.92,15,0,NORMAL,0
3962.74,0.73,0,1.0,0,0,1,22.7,0,83.3,0,1,0.91,12,0,NORMAL,0
963.17,-1.15,0,0.8,0,0,1,8.7,0,76.2,0,1,0.94,20,0,NORMAL,0
1601.38,-0.75,0,1.0,0,0,1,34.8,0,92.7,0,1,0.98,9,0,NORMAL,0
6156.3,2.1,0,1.0,0,0,1,14.2,0,96.6,0,1,0.92,22,0,NORMAL,0
4477.99,1.05,0,1.0,1,0,1,0.0,0,90.5,0,1,0.97,22,0,NORMAL,0
35039.69,20.15,1,0.5,1,0,1,202.4,0,49.6,1,1,0.88,21,0,SUSPICIOUS,1
3323.94,0.33,0,1.0,1,0,1,7.6,0,87.8,0,1,0.94,11,0,NORMAL,0
2963.98,0.1,0,1.0,0,0,1,11.2,0,84.3,0,1,0.98,22,0,NORMAL,0
1487.34,-0.82,0,1.0,0,0,1,5.2,0,94.7,1,1,0.9,22,0,NORMAL,0
604.29,-1.37,1,1.0,0,0,1,15.8,0,86.1,0,1,0.94,13,0,NORMAL,0
4881.6,1.3,1,1.0,0,0,1,31.0,0,77.4,0,1,0.91,20,0,NORMAL,0
3882.64,0.68,0,1.0,0,0,1,20.5,0,76.6,0,1,0.96,16,0,NORMAL,0
83106.51,50.19,2,0.0,4,1,0,1185.2,1,25.8,1,3,0.47,4,1,FRAUD,2
111715.31,68.07,2,0.2,6,1,0,3796.9,1,7.3,1,2,0.45,23,1,FRAUD,2
4903.44,1.31,0,1.0,0,0,1,10.5,0,93.0,0,1,0.97,12,0,NORMAL,0
3419.64,0.39,0,1.0,0,0,1,36.8,0,96.6,0,1,0.95,15,0,NORMAL,0
3966.85,0.73,0,1.0,0,0,1,67.6,0,91.8,0,1,0.93,19,0,NORMAL,0
65605.15,39.25,2,0.0,4,1,0,2919.8,1,13.0,1,4,0.32,2,1,FRAUD,2
1858.46,-0.59,1,1.0,0,0,1,24.1,0,83.7,0,1,0.93,9,0,NORMAL,0
27817.65,15.64,1,0.5,2,0,0,247.7,0,62.5,0,1,0.76,19,0,SUSPICIOUS,1
3721.93,0.58,0,0.8,0,0,1,29.1,0,82.5,0,1,0.95,9,0,NORMAL,0
1265.45,-0.96,1,1.0,0,0,1,8.5,0,94.5,1,1,0.96,22,0,NORMAL,0
108989.44,66.37,2,0.2,4,1,0,3006.9,1,23.1,1,2,0.3,23,1,FRAUD,2
5592.3,1.75,0,1.0,0,0,1,39.2,0,83.9,0,1,0.95,21,0,NORMAL,0
5045.9,1.4,0,1.0,0,0,0,42.2,0,99.4,0,1,0.94,18,0,NORMAL,0
3809.71,0.63,0,1.0,0,0,1,0.0,0,90.1,0,1,0.91,18,0,NORMAL,0
3140.63,0.21,0,1.0,0,0,1,0.0,0,92.8,0,1,0.97,14,0,NORMAL,0
2991.76,0.12,0,1.0,0,0,1,0.0,0,84.9,0,1,0.96,12,0,NORMAL,0
4443.48,1.03,0,1.0,0,0,1,6.2,0,96.2,0,1,0.97,14,0,NORMAL,0
5081.77,1.43,0,1.0,0,0,1,0.0,0,96.1,0,1,0.97,22,0,NORMAL,0
3009.11,0.13,1,1.0,0,0,1,18.5,0,96.9,0,1,0.98,19,0,NORMAL,0
810.59,-1.24,0,1.0,0,0,0,0.0,0,83.1,1,1,0.92,13,0,NORMAL,0
2554.28,-0.15,0,1.0,0,0,1,32.1,0,90.0,0,1,0.99,14,0,NORMAL,0
1636.88,-0.73,0,1.0,0,0,1,0.0,0,79.2,0,1,0.94,13,0,NORMAL,0
3887.14,0.68,0,1.0,0,0,1,0.0,0,81.8,0,1,0.94,19,0,NORMAL,0
2315.86,-0.3,0,1.0,0,0,1,20.0,0,93.6,0,1,0.91,17,0,NORMAL,0
38204.69,22.13,1,0.8,2,1,1,226.3,0,58.2,0,1,0.83,16,0,SUSPICIOUS,1
2852.94,0.03,0,1.0,0,0,1,40.6,0,85.6,0,1,0.94,19,0,NORMAL,0
4792.52,1.25,0,1.0,0,0,1,0.0,0,77.1,0,1,0.96,16,0,NORMAL,0
6082.02,2.05,0,1.0,0,0,0,23.4,0,81.5,0,1,0.96,15,0,NORMAL,0
